alias,checkpoint,step,next_step,x,y,inner_loss_mean,inner_loss_delta_mean,read_loss_mean,read_loss_delta_mean,example_count
plateau-init,/cephfs/home/mkairov/gradim/energy_shaping/runs/mix-N8-K2V2-V62_1M/energygradmem_llama_L4H4D256_mem8_K2_ilr0.4_energy_grad_second_stepalign0.1_iread0.1_bs_64_lr_1e-04_fp32/run_2_unfinished/checkpoint-534500,0,1,-3.0,-3.0,9310.1806640625,8248.611328125,4.982893466949463,0.46195292472839355,12
plateau-init,/cephfs/home/mkairov/gradim/energy_shaping/runs/mix-N8-K2V2-V62_1M/energygradmem_llama_L4H4D256_mem8_K2_ilr0.4_energy_grad_second_stepalign0.1_iread0.1_bs_64_lr_1e-04_fp32/run_2_unfinished/checkpoint-534500,0,1,-2.5,-3.0,9244.6455078125,8183.076171875,4.934688091278076,0.41374671459198,12
plateau-init,/cephfs/home/mkairov/gradim/energy_shaping/runs/mix-N8-K2V2-V62_1M/energygradmem_llama_L4H4D256_mem8_K2_ilr0.4_energy_grad_second_stepalign0.1_iread0.1_bs_64_lr_1e-04_fp32/run_2_unfinished/checkpoint-534500,0,1,-2.0,-3.0,9122.3857421875,8060.81591796875,4.8120551109313965,0.29111412167549133,12
plateau-init,/cephfs/home/mkairov/gradim/energy_shaping/runs/mix-N8-K2V2-V62_1M/energygradmem_llama_L4H4D256_mem8_K2_ilr0.4_energy_grad_second_stepalign0.1_iread0.1_bs_64_lr_1e-04_fp32/run_2_unfinished/checkpoint-534500,0,1,-1.5,-3.0,8974.6826171875,7913.11474609375,4.648810386657715,0.1278694123029709,12
plateau-init,/cephfs/home/mkairov/gradim/energy_shaping/runs/mix-N8-K2V2-V62_1M/energygradmem_llama_L4H4D256_mem8_K2_ilr0.4_energy_grad_second_stepalign0.1_iread0.1_bs_64_lr_1e-04_fp32/run_2_unfinished/checkpoint-534500,0,1,-1.0,-3.0,8905.275390625,7843.70654296875,4.382192134857178,-0.13874860107898712,12
plateau-init,/cephfs/home/mkairov/gradim/energy_shaping/runs/mix-N8-K2V2-V62_1M/energygradmem_llama_L4H4D256_mem8_K2_ilr0.4_energy_grad_second_stepalign0.1_iread0.1_bs_64_lr_1e-04_fp32/run_2_unfinished/checkpoint-534500,0,1,-0.5,-3.0,8817.5107421875,7755.94189453125,3.7963294982910156,-0.7246119379997253,12
plateau-init,/cephfs/home/mkairov/gradim/energy_shaping/runs/mix-N8-K2V2-V62_1M/energygradmem_llama_L4H4D256_mem8_K2_ilr0.4_energy_grad_second_stepalign0.1_iread0.1_bs_64_lr_1e-04_fp32/run_2_unfinished/checkpoint-534500,0,1,0.0,-3.0,8650.908203125,7589.33935546875,3.48525071144104,-1.035690188407898,12
plateau-init,/cephfs/home/mkairov/gradim/energy_shaping/runs/mix-N8-K2V2-V62_1M/energygradmem_llama_L4H4D256_mem8_K2_ilr0.4_energy_grad_second_stepalign0.1_iread0.1_bs_64_lr_1e-04_fp32/run_2_unfinished/checkpoint-534500,0,1,0.5,-3.0,8521.2509765625,7459.68310546875,3.1194772720336914,-1.4014638662338257,12
plateau-init,/cephfs/home/mkairov/gradim/energy_shaping/runs/mix-N8-K2V2-V62_1M/energygradmem_llama_L4H4D256_mem8_K2_ilr0.4_energy_grad_second_stepalign0.1_iread0.1_bs_64_lr_1e-04_fp32/run_2_unfinished/checkpoint-534500,0,1,1.0,-3.0,8249.939453125,7188.37109375,3.1623613834381104,-1.3585795164108276,12
plateau-init,/cephfs/home/mkairov/gradim/energy_shaping/runs/mix-N8-K2V2-V62_1M/energygradmem_llama_L4H4D256_mem8_K2_ilr0.4_energy_grad_second_stepalign0.1_iread0.1_bs_64_lr_1e-04_fp32/run_2_unfinished/checkpoint-534500,0,1,1.5,-3.0,7693.02490234375,6631.45556640625,2.282309055328369,-2.2386319637298584,12
plateau-init,/cephfs/home/mkairov/gradim/energy_shaping/runs/mix-N8-K2V2-V62_1M/energygradmem_llama_L4H4D256_mem8_K2_ilr0.4_energy_grad_second_stepalign0.1_iread0.1_bs_64_lr_1e-04_fp32/run_2_unfinished/checkpoint-534500,0,1,2.0,-3.0,6943.16015625,5881.59130859375,2.349463939666748,-2.1714770793914795,12
plateau-init,/cephfs/home/mkairov/gradim/energy_shaping/runs/mix-N8-K2V2-V62_1M/energygradmem_llama_L4H4D256_mem8_K2_ilr0.4_energy_grad_second_stepalign0.1_iread0.1_bs_64_lr_1e-04_fp32/run_2_unfinished/checkpoint-534500,0,1,2.5,-3.0,6075.4921875,5013.92333984375,1.87808358669281,-2.642857313156128,12
plateau-init,/cephfs/home/mkairov/gradim/energy_shaping/runs/mix-N8-K2V2-V62_1M/energygradmem_llama_L4H4D256_mem8_K2_ilr0.4_energy_grad_second_stepalign0.1_iread0.1_bs_64_lr_1e-04_fp32/run_2_unfinished/checkpoint-534500,0,1,3.0,-3.0,5330.97607421875,4269.4072265625,1.4739826917648315,-3.0469582080841064,12
plateau-init,/cephfs/home/mkairov/gradim/energy_shaping/runs/mix-N8-K2V2-V62_1M/energygradmem_llama_L4H4D256_mem8_K2_ilr0.4_energy_grad_second_stepalign0.1_iread0.1_bs_64_lr_1e-04_fp32/run_2_unfinished/checkpoint-534500,0,1,-3.0,-2.5,9344.7939453125,8283.2236328125,5.064767360687256,0.5438265204429626,12
plateau-init,/cephfs/home/mkairov/gradim/energy_shaping/runs/mix-N8-K2V2-V62_1M/energygradmem_llama_L4H4D256_mem8_K2_ilr0.4_energy_grad_second_stepalign0.1_iread0.1_bs_64_lr_1e-04_fp32/run_2_unfinished/checkpoint-534500,0,1,-2.5,-2.5,9315.359375,8253.791015625,4.9933977127075195,0.47245654463768005,12
plateau-init,/cephfs/home/mkairov/gradim/energy_shaping/runs/mix-N8-K2V2-V62_1M/energygradmem_llama_L4H4D256_mem8_K2_ilr0.4_energy_grad_second_stepalign0.1_iread0.1_bs_64_lr_1e-04_fp32/run_2_unfinished/checkpoint-534500,0,1,-2.0,-2.5,9225.2392578125,8163.669921875,4.9530158042907715,0.4320749044418335,12
plateau-init,/cephfs/home/mkairov/gradim/energy_shaping/runs/mix-N8-K2V2-V62_1M/energygradmem_llama_L4H4D256_mem8_K2_ilr0.4_energy_grad_second_stepalign0.1_iread0.1_bs_64_lr_1e-04_fp32/run_2_unfinished/checkpoint-534500,0,1,-1.5,-2.5,9050.8857421875,7989.31787109375,4.760582447052002,0.2396412342786789,12
plateau-init,/cephfs/home/mkairov/gradim/energy_shaping/runs/mix-N8-K2V2-V62_1M/energygradmem_llama_L4H4D256_mem8_K2_ilr0.4_energy_grad_second_stepalign0.1_iread0.1_bs_64_lr_1e-04_fp32/run_2_unfinished/checkpoint-534500,0,1,-1.0,-2.5,8924.3173828125,7862.74658203125,4.54210901260376,0.021168112754821777,12
plateau-init,/cephfs/home/mkairov/gradim/energy_shaping/runs/mix-N8-K2V2-V62_1M/energygradmem_llama_L4H4D256_mem8_K2_ilr0.4_energy_grad_second_stepalign0.1_iread0.1_bs_64_lr_1e-04_fp32/run_2_unfinished/checkpoint-534500,0,1,-0.5,-2.5,8833.923828125,7772.35546875,3.866537094116211,-0.6544041633605957,12
plateau-init,/cephfs/home/mkairov/gradim/energy_shaping/runs/mix-N8-K2V2-V62_1M/energygradmem_llama_L4H4D256_mem8_K2_ilr0.4_energy_grad_second_stepalign0.1_iread0.1_bs_64_lr_1e-04_fp32/run_2_unfinished/checkpoint-534500,0,1,0.0,-2.5,8644.828125,7583.25927734375,3.4862213134765625,-1.034719705581665,12
plateau-init,/cephfs/home/mkairov/gradim/energy_shaping/runs/mix-N8-K2V2-V62_1M/energygradmem_llama_L4H4D256_mem8_K2_ilr0.4_energy_grad_second_stepalign0.1_iread0.1_bs_64_lr_1e-04_fp32/run_2_unfinished/checkpoint-534500,0,1,0.5,-2.5,8475.0126953125,7413.44482421875,3.1940367221832275,-1.326904296875,12
plateau-init,/cephfs/home/mkairov/gradim/energy_shaping/runs/mix-N8-K2V2-V62_1M/energygradmem_llama_L4H4D256_mem8_K2_ilr0.4_energy_grad_second_stepalign0.1_iread0.1_bs_64_lr_1e-04_fp32/run_2_unfinished/checkpoint-534500,0,1,1.0,-2.5,8079.12255859375,7017.55322265625,2.789691925048828,-1.731249213218689,12
plateau-init,/cephfs/home/mkairov/gradim/energy_shaping/runs/mix-N8-K2V2-V62_1M/energygradmem_llama_L4H4D256_mem8_K2_ilr0.4_energy_grad_second_stepalign0.1_iread0.1_bs_64_lr_1e-04_fp32/run_2_unfinished/checkpoint-534500,0,1,1.5,-2.5,7278.751953125,6217.18310546875,1.9736562967300415,-2.5472843647003174,12
plateau-init,/cephfs/home/mkairov/gradim/energy_shaping/runs/mix-N8-K2V2-V62_1M/energygradmem_llama_L4H4D256_mem8_K2_ilr0.4_energy_grad_second_stepalign0.1_iread0.1_bs_64_lr_1e-04_fp32/run_2_unfinished/checkpoint-534500,0,1,2.0,-2.5,6254.62744140625,5193.05859375,2.011547088623047,-2.5093936920166016,12
plateau-init,/cephfs/home/mkairov/gradim/energy_shaping/runs/mix-N8-K2V2-V62_1M/energygradmem_llama_L4H4D256_mem8_K2_ilr0.4_energy_grad_second_stepalign0.1_iread0.1_bs_64_lr_1e-04_fp32/run_2_unfinished/checkpoint-534500,0,1,2.5,-2.5,5341.36962890625,4279.80126953125,1.4605306386947632,-3.060410737991333,12
plateau-init,/cephfs/home/mkairov/gradim/energy_shaping/runs/mix-N8-K2V2-V62_1M/energygradmem_llama_L4H4D256_mem8_K2_ilr0.4_energy_grad_second_stepalign0.1_iread0.1_bs_64_lr_1e-04_fp32/run_2_unfinished/checkpoint-534500,0,1,3.0,-2.5,4646.20361328125,3584.634765625,1.0107353925704956,-3.5102055072784424,12
plateau-init,/cephfs/home/mkairov/gradim/energy_shaping/runs/mix-N8-K2V2-V62_1M/energygradmem_llama_L4H4D256_mem8_K2_ilr0.4_energy_grad_second_stepalign0.1_iread0.1_bs_64_lr_1e-04_fp32/run_2_unfinished/checkpoint-534500,0,1,-3.0,-2.0,9338.6533203125,8277.083984375,5.159463405609131,0.6385225653648376,12
plateau-init,/cephfs/home/mkairov/gradim/energy_shaping/runs/mix-N8-K2V2-V62_1M/energygradmem_llama_L4H4D256_mem8_K2_ilr0.4_energy_grad_second_stepalign0.1_iread0.1_bs_64_lr_1e-04_fp32/run_2_unfinished/checkpoint-534500,0,1,-2.5,-2.0,9356.6162109375,8295.046875,5.0799946784973145,0.5590539574623108,12
plateau-init,/cephfs/home/mkairov/gradim/energy_shaping/runs/mix-N8-K2V2-V62_1M/energygradmem_llama_L4H4D256_mem8_K2_ilr0.4_energy_grad_second_stepalign0.1_iread0.1_bs_64_lr_1e-04_fp32/run_2_unfinished/checkpoint-534500,0,1,-2.0,-2.0,9322.9375,8261.3681640625,5.0183634757995605,0.49742206931114197,12
plateau-init,/cephfs/home/mkairov/gradim/energy_shaping/runs/mix-N8-K2V2-V62_1M/energygradmem_llama_L4H4D256_mem8_K2_ilr0.4_energy_grad_second_stepalign0.1_iread0.1_bs_64_lr_1e-04_fp32/run_2_unfinished/checkpoint-534500,0,1,-1.5,-2.0,9189.8623046875,8128.29443359375,4.9642791748046875,0.4433383047580719,12
plateau-init,/cephfs/home/mkairov/gradim/energy_shaping/runs/mix-N8-K2V2-V62_1M/energygradmem_llama_L4H4D256_mem8_K2_ilr0.4_energy_grad_second_stepalign0.1_iread0.1_bs_64_lr_1e-04_fp32/run_2_unfinished/checkpoint-534500,0,1,-1.0,-2.0,8961.724609375,7900.15625,4.698388576507568,0.1774473935365677,12
plateau-init,/cephfs/home/mkairov/gradim/energy_shaping/runs/mix-N8-K2V2-V62_1M/energygradmem_llama_L4H4D256_mem8_K2_ilr0.4_energy_grad_second_stepalign0.1_iread0.1_bs_64_lr_1e-04_fp32/run_2_unfinished/checkpoint-534500,0,1,-0.5,-2.0,8851.67578125,7790.10595703125,4.035073280334473,-0.4858677089214325,12
plateau-init,/cephfs/home/mkairov/gradim/energy_shaping/runs/mix-N8-K2V2-V62_1M/energygradmem_llama_L4H4D256_mem8_K2_ilr0.4_energy_grad_second_stepalign0.1_iread0.1_bs_64_lr_1e-04_fp32/run_2_unfinished/checkpoint-534500,0,1,0.0,-2.0,8635.8095703125,7574.240234375,3.4842188358306885,-1.0367218255996704,12
plateau-init,/cephfs/home/mkairov/gradim/energy_shaping/runs/mix-N8-K2V2-V62_1M/energygradmem_llama_L4H4D256_mem8_K2_ilr0.4_energy_grad_second_stepalign0.1_iread0.1_bs_64_lr_1e-04_fp32/run_2_unfinished/checkpoint-534500,0,1,0.5,-2.0,8396.0927734375,7334.52392578125,3.225229024887085,-1.2957117557525635,12
plateau-init,/cephfs/home/mkairov/gradim/energy_shaping/runs/mix-N8-K2V2-V62_1M/energygradmem_llama_L4H4D256_mem8_K2_ilr0.4_energy_grad_second_stepalign0.1_iread0.1_bs_64_lr_1e-04_fp32/run_2_unfinished/checkpoint-534500,0,1,1.0,-2.0,7696.658203125,6635.08984375,2.22208571434021,-2.2988550662994385,12
plateau-init,/cephfs/home/mkairov/gradim/energy_shaping/runs/mix-N8-K2V2-V62_1M/energygradmem_llama_L4H4D256_mem8_K2_ilr0.4_energy_grad_second_stepalign0.1_iread0.1_bs_64_lr_1e-04_fp32/run_2_unfinished/checkpoint-534500,0,1,1.5,-2.0,6526.15380859375,5464.58447265625,2.228494882583618,-2.2924461364746094,12
plateau-init,/cephfs/home/mkairov/gradim/energy_shaping/runs/mix-N8-K2V2-V62_1M/energygradmem_llama_L4H4D256_mem8_K2_ilr0.4_energy_grad_second_stepalign0.1_iread0.1_bs_64_lr_1e-04_fp32/run_2_unfinished/checkpoint-534500,0,1,2.0,-2.0,5357.216796875,4295.64697265625,1.4400898218154907,-3.0808513164520264,12
plateau-init,/cephfs/home/mkairov/gradim/energy_shaping/runs/mix-N8-K2V2-V62_1M/energygradmem_llama_L4H4D256_mem8_K2_ilr0.4_energy_grad_second_stepalign0.1_iread0.1_bs_64_lr_1e-04_fp32/run_2_unfinished/checkpoint-534500,0,1,2.5,-2.0,4512.16748046875,3450.598876953125,0.8942937850952148,-3.6266472339630127,12
plateau-init,/cephfs/home/mkairov/gradim/energy_shaping/runs/mix-N8-K2V2-V62_1M/energygradmem_llama_L4H4D256_mem8_K2_ilr0.4_energy_grad_second_stepalign0.1_iread0.1_bs_64_lr_1e-04_fp32/run_2_unfinished/checkpoint-534500,0,1,3.0,-2.0,3952.917236328125,2891.347900390625,0.47997570037841797,-4.040965557098389,12
plateau-init,/cephfs/home/mkairov/gradim/energy_shaping/runs/mix-N8-K2V2-V62_1M/energygradmem_llama_L4H4D256_mem8_K2_ilr0.4_energy_grad_second_stepalign0.1_iread0.1_bs_64_lr_1e-04_fp32/run_2_unfinished/checkpoint-534500,0,1,-3.0,-1.5,9311.8916015625,8250.3232421875,5.253564357757568,0.7326235771179199,12
plateau-init,/cephfs/home/mkairov/gradim/energy_shaping/runs/mix-N8-K2V2-V62_1M/energygradmem_llama_L4H4D256_mem8_K2_ilr0.4_energy_grad_second_stepalign0.1_iread0.1_bs_64_lr_1e-04_fp32/run_2_unfinished/checkpoint-534500,0,1,-2.5,-1.5,9341.5146484375,8279.9453125,5.191917896270752,0.6709771156311035,12
plateau-init,/cephfs/home/mkairov/gradim/energy_shaping/runs/mix-N8-K2V2-V62_1M/energygradmem_llama_L4H4D256_mem8_K2_ilr0.4_energy_grad_second_stepalign0.1_iread0.1_bs_64_lr_1e-04_fp32/run_2_unfinished/checkpoint-534500,0,1,-2.0,-1.5,9370.3486328125,8308.7802734375,5.10675573348999,0.5858144164085388,12
plateau-init,/cephfs/home/mkairov/gradim/energy_shaping/runs/mix-N8-K2V2-V62_1M/energygradmem_llama_L4H4D256_mem8_K2_ilr0.4_energy_grad_second_stepalign0.1_iread0.1_bs_64_lr_1e-04_fp32/run_2_unfinished/checkpoint-534500,0,1,-1.5,-1.5,9335.3671875,8273.796875,5.0622429847717285,0.541301965713501,12
plateau-init,/cephfs/home/mkairov/gradim/energy_shaping/runs/mix-N8-K2V2-V62_1M/energygradmem_llama_L4H4D256_mem8_K2_ilr0.4_energy_grad_second_stepalign0.1_iread0.1_bs_64_lr_1e-04_fp32/run_2_unfinished/checkpoint-534500,0,1,-1.0,-1.5,9122.4423828125,8060.873046875,4.904882907867432,0.38394197821617126,12
plateau-init,/cephfs/home/mkairov/gradim/energy_shaping/runs/mix-N8-K2V2-V62_1M/energygradmem_llama_L4H4D256_mem8_K2_ilr0.4_energy_grad_second_stepalign0.1_iread0.1_bs_64_lr_1e-04_fp32/run_2_unfinished/checkpoint-534500,0,1,-0.5,-1.5,8863.171875,7801.603515625,4.372525691986084,-0.14841480553150177,12
plateau-init,/cephfs/home/mkairov/gradim/energy_shaping/runs/mix-N8-K2V2-V62_1M/energygradmem_llama_L4H4D256_mem8_K2_ilr0.4_energy_grad_second_stepalign0.1_iread0.1_bs_64_lr_1e-04_fp32/run_2_unfinished/checkpoint-534500,0,1,0.0,-1.5,8621.2646484375,7559.6953125,3.474316358566284,-1.046624779701233,12
plateau-init,/cephfs/home/mkairov/gradim/energy_shaping/runs/mix-N8-K2V2-V62_1M/energygradmem_llama_L4H4D256_mem8_K2_ilr0.4_energy_grad_second_stepalign0.1_iread0.1_bs_64_lr_1e-04_fp32/run_2_unfinished/checkpoint-534500,0,1,0.5,-1.5,8238.7724609375,7177.20361328125,2.995185136795044,-1.525755524635315,12
plateau-init,/cephfs/home/mkairov/gradim/energy_shaping/runs/mix-N8-K2V2-V62_1M/energygradmem_llama_L4H4D256_mem8_K2_ilr0.4_energy_grad_second_stepalign0.1_iread0.1_bs_64_lr_1e-04_fp32/run_2_unfinished/checkpoint-534500,0,1,1.0,-1.5,6980.20263671875,5918.6328125,2.362499237060547,-2.1584417819976807,12
plateau-init,/cephfs/home/mkairov/gradim/energy_shaping/runs/mix-N8-K2V2-V62_1M/energygradmem_llama_L4H4D256_mem8_K2_ilr0.4_energy_grad_second_stepalign0.1_iread0.1_bs_64_lr_1e-04_fp32/run_2_unfinished/checkpoint-534500,0,1,1.5,-1.5,5383.30322265625,4321.73388671875,1.405552864074707,-3.1153881549835205,12
plateau-init,/cephfs/home/mkairov/gradim/energy_shaping/runs/mix-N8-K2V2-V62_1M/energygradmem_llama_L4H4D256_mem8_K2_ilr0.4_energy_grad_second_stepalign0.1_iread0.1_bs_64_lr_1e-04_fp32/run_2_unfinished/checkpoint-534500,0,1,2.0,-1.5,4312.056640625,3250.487548828125,0.6738418936729431,-3.8470990657806396,12
plateau-init,/cephfs/home/mkairov/gradim/energy_shaping/runs/mix-N8-K2V2-V62_1M/energygradmem_llama_L4H4D256_mem8_K2_ilr0.4_energy_grad_second_stepalign0.1_iread0.1_bs_64_lr_1e-04_fp32/run_2_unfinished/checkpoint-534500,0,1,2.5,-1.5,3716.795654296875,2655.226806640625,0.2724509537220001,-4.248489856719971,12
plateau-init,/cephfs/home/mkairov/gradim/energy_shaping/runs/mix-N8-K2V2-V62_1M/energygradmem_llama_L4H4D256_mem8_K2_ilr0.4_energy_grad_second_stepalign0.1_iread0.1_bs_64_lr_1e-04_fp32/run_2_unfinished/checkpoint-534500,0,1,3.0,-1.5,3387.9345703125,2326.365478515625,0.14370542764663696,-4.377234935760498,12
plateau-init,/cephfs/home/mkairov/gradim/energy_shaping/runs/mix-N8-K2V2-V62_1M/energygradmem_llama_L4H4D256_mem8_K2_ilr0.4_energy_grad_second_stepalign0.1_iread0.1_bs_64_lr_1e-04_fp32/run_2_unfinished/checkpoint-534500,0,1,-3.0,-1.0,9310.9716796875,8249.40234375,5.305924415588379,0.7849836349487305,12
plateau-init,/cephfs/home/mkairov/gradim/energy_shaping/runs/mix-N8-K2V2-V62_1M/energygradmem_llama_L4H4D256_mem8_K2_ilr0.4_energy_grad_second_stepalign0.1_iread0.1_bs_64_lr_1e-04_fp32/run_2_unfinished/checkpoint-534500,0,1,-2.5,-1.0,9325.037109375,8263.4677734375,5.272896766662598,0.7519556879997253,12
plateau-init,/cephfs/home/mkairov/gradim/energy_shaping/runs/mix-N8-K2V2-V62_1M/energygradmem_llama_L4H4D256_mem8_K2_ilr0.4_energy_grad_second_stepalign0.1_iread0.1_bs_64_lr_1e-04_fp32/run_2_unfinished/checkpoint-534500,0,1,-2.0,-1.0,9348.4267578125,8286.857421875,5.227468013763428,0.7065267562866211,12
plateau-init,/cephfs/home/mkairov/gradim/energy_shaping/runs/mix-N8-K2V2-V62_1M/energygradmem_llama_L4H4D256_mem8_K2_ilr0.4_energy_grad_second_stepalign0.1_iread0.1_bs_64_lr_1e-04_fp32/run_2_unfinished/checkpoint-534500,0,1,-1.5,-1.0,9384.9560546875,8323.38671875,5.149229526519775,0.6282882690429688,12
plateau-init,/cephfs/home/mkairov/gradim/energy_shaping/runs/mix-N8-K2V2-V62_1M/energygradmem_llama_L4H4D256_mem8_K2_ilr0.4_energy_grad_second_stepalign0.1_iread0.1_bs_64_lr_1e-04_fp32/run_2_unfinished/checkpoint-534500,0,1,-1.0,-1.0,9360.1826171875,8298.6142578125,5.108104705810547,0.5871633291244507,12
plateau-init,/cephfs/home/mkairov/gradim/energy_shaping/runs/mix-N8-K2V2-V62_1M/energygradmem_llama_L4H4D256_mem8_K2_ilr0.4_energy_grad_second_stepalign0.1_iread0.1_bs_64_lr_1e-04_fp32/run_2_unfinished/checkpoint-534500,0,1,-0.5,-1.0,8935.4130859375,7873.84375,4.754283428192139,0.2333422303199768,12
plateau-init,/cephfs/home/mkairov/gradim/energy_shaping/runs/mix-N8-K2V2-V62_1M/energygradmem_llama_L4H4D256_mem8_K2_ilr0.4_energy_grad_second_stepalign0.1_iread0.1_bs_64_lr_1e-04_fp32/run_2_unfinished/checkpoint-534500,0,1,0.0,-1.0,8592.482421875,7530.91357421875,3.4300172328948975,-1.0909239053726196,12
plateau-init,/cephfs/home/mkairov/gradim/energy_shaping/runs/mix-N8-K2V2-V62_1M/energygradmem_llama_L4H4D256_mem8_K2_ilr0.4_energy_grad_second_stepalign0.1_iread0.1_bs_64_lr_1e-04_fp32/run_2_unfinished/checkpoint-534500,0,1,0.5,-1.0,7698.71533203125,6637.14697265625,2.0886876583099365,-2.432253122329712,12
plateau-init,/cephfs/home/mkairov/gradim/energy_shaping/runs/mix-N8-K2V2-V62_1M/energygradmem_llama_L4H4D256_mem8_K2_ilr0.4_energy_grad_second_stepalign0.1_iread0.1_bs_64_lr_1e-04_fp32/run_2_unfinished/checkpoint-534500,0,1,1.0,-1.0,5427.89794921875,4366.32861328125,1.3479596376419067,-3.172981023788452,12
plateau-init,/cephfs/home/mkairov/gradim/energy_shaping/runs/mix-N8-K2V2-V62_1M/energygradmem_llama_L4H4D256_mem8_K2_ilr0.4_energy_grad_second_stepalign0.1_iread0.1_bs_64_lr_1e-04_fp32/run_2_unfinished/checkpoint-534500,0,1,1.5,-1.0,3992.827392578125,2931.258544921875,0.3306204378604889,-4.1903204917907715,12
plateau-init,/cephfs/home/mkairov/gradim/energy_shaping/runs/mix-N8-K2V2-V62_1M/energygradmem_llama_L4H4D256_mem8_K2_ilr0.4_energy_grad_second_stepalign0.1_iread0.1_bs_64_lr_1e-04_fp32/run_2_unfinished/checkpoint-534500,0,1,2.0,-1.0,3407.576904296875,2346.007568359375,0.07454965263605118,-4.446391582489014,12
plateau-init,/cephfs/home/mkairov/gradim/energy_shaping/runs/mix-N8-K2V2-V62_1M/energygradmem_llama_L4H4D256_mem8_K2_ilr0.4_energy_grad_second_stepalign0.1_iread0.1_bs_64_lr_1e-04_fp32/run_2_unfinished/checkpoint-534500,0,1,2.5,-1.0,3134.1201171875,2072.55126953125,0.0421551875770092,-4.478785991668701,12
plateau-init,/cephfs/home/mkairov/gradim/energy_shaping/runs/mix-N8-K2V2-V62_1M/energygradmem_llama_L4H4D256_mem8_K2_ilr0.4_energy_grad_second_stepalign0.1_iread0.1_bs_64_lr_1e-04_fp32/run_2_unfinished/checkpoint-534500,0,1,3.0,-1.0,2995.800048828125,1934.2310791015625,0.05291395261883736,-4.468027114868164,12
plateau-init,/cephfs/home/mkairov/gradim/energy_shaping/runs/mix-N8-K2V2-V62_1M/energygradmem_llama_L4H4D256_mem8_K2_ilr0.4_energy_grad_second_stepalign0.1_iread0.1_bs_64_lr_1e-04_fp32/run_2_unfinished/checkpoint-534500,0,1,-3.0,-0.5,9340.6630859375,8279.0947265625,5.314412593841553,0.793471097946167,12
plateau-init,/cephfs/home/mkairov/gradim/energy_shaping/runs/mix-N8-K2V2-V62_1M/energygradmem_llama_L4H4D256_mem8_K2_ilr0.4_energy_grad_second_stepalign0.1_iread0.1_bs_64_lr_1e-04_fp32/run_2_unfinished/checkpoint-534500,0,1,-2.5,-0.5,9349.9541015625,8288.384765625,5.304361820220947,0.7834212183952332,12
plateau-init,/cephfs/home/mkairov/gradim/energy_shaping/runs/mix-N8-K2V2-V62_1M/energygradmem_llama_L4H4D256_mem8_K2_ilr0.4_energy_grad_second_stepalign0.1_iread0.1_bs_64_lr_1e-04_fp32/run_2_unfinished/checkpoint-534500,0,1,-2.0,-0.5,9364.595703125,8303.0283203125,5.292483806610107,0.7715427875518799,12
plateau-init,/cephfs/home/mkairov/gradim/energy_shaping/runs/mix-N8-K2V2-V62_1M/energygradmem_llama_L4H4D256_mem8_K2_ilr0.4_energy_grad_second_stepalign0.1_iread0.1_bs_64_lr_1e-04_fp32/run_2_unfinished/checkpoint-534500,0,1,-1.5,-0.5,9387.7705078125,8326.2021484375,5.253078460693359,0.7321376204490662,12
plateau-init,/cephfs/home/mkairov/gradim/energy_shaping/runs/mix-N8-K2V2-V62_1M/energygradmem_llama_L4H4D256_mem8_K2_ilr0.4_energy_grad_second_stepalign0.1_iread0.1_bs_64_lr_1e-04_fp32/run_2_unfinished/checkpoint-534500,0,1,-1.0,-0.5,9422.9931640625,8361.4248046875,5.18670654296875,0.6657655835151672,12
plateau-init,/cephfs/home/mkairov/gradim/energy_shaping/runs/mix-N8-K2V2-V62_1M/energygradmem_llama_L4H4D256_mem8_K2_ilr0.4_energy_grad_second_stepalign0.1_iread0.1_bs_64_lr_1e-04_fp32/run_2_unfinished/checkpoint-534500,0,1,-0.5,-0.5,9331.7353515625,8270.1669921875,5.006778240203857,0.48583731055259705,12
plateau-init,/cephfs/home/mkairov/gradim/energy_shaping/runs/mix-N8-K2V2-V62_1M/energygradmem_llama_L4H4D256_mem8_K2_ilr0.4_energy_grad_second_stepalign0.1_iread0.1_bs_64_lr_1e-04_fp32/run_2_unfinished/checkpoint-534500,0,1,0.0,-0.5,8545.2158203125,7483.64697265625,3.296076774597168,-1.2248640060424805,12
plateau-init,/cephfs/home/mkairov/gradim/energy_shaping/runs/mix-N8-K2V2-V62_1M/energygradmem_llama_L4H4D256_mem8_K2_ilr0.4_energy_grad_second_stepalign0.1_iread0.1_bs_64_lr_1e-04_fp32/run_2_unfinished/checkpoint-534500,0,1,0.5,-0.5,5480.68017578125,4419.111328125,1.3556445837020874,-3.1652965545654297,12
plateau-init,/cephfs/home/mkairov/gradim/energy_shaping/runs/mix-N8-K2V2-V62_1M/energygradmem_llama_L4H4D256_mem8_K2_ilr0.4_energy_grad_second_stepalign0.1_iread0.1_bs_64_lr_1e-04_fp32/run_2_unfinished/checkpoint-534500,0,1,1.0,-0.5,3440.156982421875,2378.58837890625,0.011516355909407139,-4.509424686431885,12
plateau-init,/cephfs/home/mkairov/gradim/energy_shaping/runs/mix-N8-K2V2-V62_1M/energygradmem_llama_L4H4D256_mem8_K2_ilr0.4_energy_grad_second_stepalign0.1_iread0.1_bs_64_lr_1e-04_fp32/run_2_unfinished/checkpoint-534500,0,1,1.5,-0.5,3012.213623046875,1950.64453125,0.0032013605814427137,-4.517739772796631,12
plateau-init,/cephfs/home/mkairov/gradim/energy_shaping/runs/mix-N8-K2V2-V62_1M/energygradmem_llama_L4H4D256_mem8_K2_ilr0.4_energy_grad_second_stepalign0.1_iread0.1_bs_64_lr_1e-04_fp32/run_2_unfinished/checkpoint-534500,0,1,2.0,-0.5,2881.889404296875,1820.3201904296875,0.010194853879511356,-4.510746002197266,12
plateau-init,/cephfs/home/mkairov/gradim/energy_shaping/runs/mix-N8-K2V2-V62_1M/energygradmem_llama_L4H4D256_mem8_K2_ilr0.4_energy_grad_second_stepalign0.1_iread0.1_bs_64_lr_1e-04_fp32/run_2_unfinished/checkpoint-534500,0,1,2.5,-0.5,2826.766357421875,1765.1976318359375,0.03289145603775978,-4.488049507141113,12
plateau-init,/cephfs/home/mkairov/gradim/energy_shaping/runs/mix-N8-K2V2-V62_1M/energygradmem_llama_L4H4D256_mem8_K2_ilr0.4_energy_grad_second_stepalign0.1_iread0.1_bs_64_lr_1e-04_fp32/run_2_unfinished/checkpoint-534500,0,1,3.0,-0.5,2799.802978515625,1738.2342529296875,0.062257129698991776,-4.458683967590332,12
plateau-init,/cephfs/home/mkairov/gradim/energy_shaping/runs/mix-N8-K2V2-V62_1M/energygradmem_llama_L4H4D256_mem8_K2_ilr0.4_energy_grad_second_stepalign0.1_iread0.1_bs_64_lr_1e-04_fp32/run_2_unfinished/checkpoint-534500,0,1,-3.0,0.0,9381.3916015625,8319.82421875,5.286532878875732,0.7655916810035706,12
plateau-init,/cephfs/home/mkairov/gradim/energy_shaping/runs/mix-N8-K2V2-V62_1M/energygradmem_llama_L4H4D256_mem8_K2_ilr0.4_energy_grad_second_stepalign0.1_iread0.1_bs_64_lr_1e-04_fp32/run_2_unfinished/checkpoint-534500,0,1,-2.5,0.0,9397.4150390625,8335.845703125,5.262744903564453,0.7418040633201599,12
plateau-init,/cephfs/home/mkairov/gradim/energy_shaping/runs/mix-N8-K2V2-V62_1M/energygradmem_llama_L4H4D256_mem8_K2_ilr0.4_energy_grad_second_stepalign0.1_iread0.1_bs_64_lr_1e-04_fp32/run_2_unfinished/checkpoint-534500,0,1,-2.0,0.0,9420.623046875,8359.0546875,5.231414794921875,0.7104732394218445,12
plateau-init,/cephfs/home/mkairov/gradim/energy_shaping/runs/mix-N8-K2V2-V62_1M/energygradmem_llama_L4H4D256_mem8_K2_ilr0.4_energy_grad_second_stepalign0.1_iread0.1_bs_64_lr_1e-04_fp32/run_2_unfinished/checkpoint-534500,0,1,-1.5,0.0,9457.474609375,8395.9052734375,5.170474052429199,0.649533212184906,12
plateau-init,/cephfs/home/mkairov/gradim/energy_shaping/runs/mix-N8-K2V2-V62_1M/energygradmem_llama_L4H4D256_mem8_K2_ilr0.4_energy_grad_second_stepalign0.1_iread0.1_bs_64_lr_1e-04_fp32/run_2_unfinished/checkpoint-534500,0,1,-1.0,0.0,9510.3876953125,8448.8193359375,4.961501598358154,0.4405606985092163,12
plateau-init,/cephfs/home/mkairov/gradim/energy_shaping/runs/mix-N8-K2V2-V62_1M/energygradmem_llama_L4H4D256_mem8_K2_ilr0.4_energy_grad_second_stepalign0.1_iread0.1_bs_64_lr_1e-04_fp32/run_2_unfinished/checkpoint-534500,0,1,-0.5,0.0,9114.2763671875,8052.70703125,4.840075969696045,0.31913504004478455,12
plateau-init,/cephfs/home/mkairov/gradim/energy_shaping/runs/mix-N8-K2V2-V62_1M/energygradmem_llama_L4H4D256_mem8_K2_ilr0.4_energy_grad_second_stepalign0.1_iread0.1_bs_64_lr_1e-04_fp32/run_2_unfinished/checkpoint-534500,0,1,0.0,0.0,1061.5689697265625,0.0,4.520941257476807,0.0,12
plateau-init,/cephfs/home/mkairov/gradim/energy_shaping/runs/mix-N8-K2V2-V62_1M/energygradmem_llama_L4H4D256_mem8_K2_ilr0.4_energy_grad_second_stepalign0.1_iread0.1_bs_64_lr_1e-04_fp32/run_2_unfinished/checkpoint-534500,0,1,0.5,0.0,3514.731201171875,2453.162353515625,0.4423813819885254,-4.078559398651123,12
plateau-init,/cephfs/home/mkairov/gradim/energy_shaping/runs/mix-N8-K2V2-V62_1M/energygradmem_llama_L4H4D256_mem8_K2_ilr0.4_energy_grad_second_stepalign0.1_iread0.1_bs_64_lr_1e-04_fp32/run_2_unfinished/checkpoint-534500,0,1,1.0,0.0,2747.928955078125,1686.3602294921875,0.002550884149968624,-4.518390655517578,12
plateau-init,/cephfs/home/mkairov/gradim/energy_shaping/runs/mix-N8-K2V2-V62_1M/energygradmem_llama_L4H4D256_mem8_K2_ilr0.4_energy_grad_second_stepalign0.1_iread0.1_bs_64_lr_1e-04_fp32/run_2_unfinished/checkpoint-534500,0,1,1.5,0.0,2720.391845703125,1658.82275390625,0.015535620041191578,-4.505405426025391,12
plateau-init,/cephfs/home/mkairov/gradim/energy_shaping/runs/mix-N8-K2V2-V62_1M/energygradmem_llama_L4H4D256_mem8_K2_ilr0.4_energy_grad_second_stepalign0.1_iread0.1_bs_64_lr_1e-04_fp32/run_2_unfinished/checkpoint-534500,0,1,2.0,0.0,2736.15625,1674.5875244140625,0.03919917345046997,-4.481741428375244,12
plateau-init,/cephfs/home/mkairov/gradim/energy_shaping/runs/mix-N8-K2V2-V62_1M/energygradmem_llama_L4H4D256_mem8_K2_ilr0.4_energy_grad_second_stepalign0.1_iread0.1_bs_64_lr_1e-04_fp32/run_2_unfinished/checkpoint-534500,0,1,2.5,0.0,2741.76171875,1680.1927490234375,0.07606669515371323,-4.444874286651611,12
plateau-init,/cephfs/home/mkairov/gradim/energy_shaping/runs/mix-N8-K2V2-V62_1M/energygradmem_llama_L4H4D256_mem8_K2_ilr0.4_energy_grad_second_stepalign0.1_iread0.1_bs_64_lr_1e-04_fp32/run_2_unfinished/checkpoint-534500,0,1,3.0,0.0,2744.754638671875,1683.1854248046875,0.10670807212591171,-4.4142327308654785,12
plateau-init,/cephfs/home/mkairov/gradim/energy_shaping/runs/mix-N8-K2V2-V62_1M/energygradmem_llama_L4H4D256_mem8_K2_ilr0.4_energy_grad_second_stepalign0.1_iread0.1_bs_64_lr_1e-04_fp32/run_2_unfinished/checkpoint-534500,0,1,-3.0,0.5,9406.0732421875,8344.50390625,5.144345760345459,0.6234049201011658,12
plateau-init,/cephfs/home/mkairov/gradim/energy_shaping/runs/mix-N8-K2V2-V62_1M/energygradmem_llama_L4H4D256_mem8_K2_ilr0.4_energy_grad_second_stepalign0.1_iread0.1_bs_64_lr_1e-04_fp32/run_2_unfinished/checkpoint-534500,0,1,-2.5,0.5,9430.1357421875,8368.56640625,5.087253093719482,0.566311776638031,12
plateau-init,/cephfs/home/mkairov/gradim/energy_shaping/runs/mix-N8-K2V2-V62_1M/energygradmem_llama_L4H4D256_mem8_K2_ilr0.4_energy_grad_second_stepalign0.1_iread0.1_bs_64_lr_1e-04_fp32/run_2_unfinished/checkpoint-534500,0,1,-2.0,0.5,9468.5390625,8406.970703125,4.9765191078186035,0.45557841658592224,12
plateau-init,/cephfs/home/mkairov/gradim/energy_shaping/runs/mix-N8-K2V2-V62_1M/energygradmem_llama_L4H4D256_mem8_K2_ilr0.4_energy_grad_second_stepalign0.1_iread0.1_bs_64_lr_1e-04_fp32/run_2_unfinished/checkpoint-534500,0,1,-1.5,0.5,9526.1044921875,8464.5361328125,4.783600807189941,0.2626599967479706,12
plateau-init,/cephfs/home/mkairov/gradim/energy_shaping/runs/mix-N8-K2V2-V62_1M/energygradmem_llama_L4H4D256_mem8_K2_ilr0.4_energy_grad_second_stepalign0.1_iread0.1_bs_64_lr_1e-04_fp32/run_2_unfinished/checkpoint-534500,0,1,-1.0,0.5,9566.7138671875,8505.1435546875,4.644564151763916,0.12362375110387802,12
plateau-init,/cephfs/home/mkairov/gradim/energy_shaping/runs/mix-N8-K2V2-V62_1M/energygradmem_llama_L4H4D256_mem8_K2_ilr0.4_energy_grad_second_stepalign0.1_iread0.1_bs_64_lr_1e-04_fp32/run_2_unfinished/checkpoint-534500,0,1,-0.5,0.5,9353.8935546875,8292.3251953125,4.595743656158447,0.07480261474847794,12
plateau-init,/cephfs/home/mkairov/gradim/energy_shaping/runs/mix-N8-K2V2-V62_1M/energygradmem_llama_L4H4D256_mem8_K2_ilr0.4_energy_grad_second_stepalign0.1_iread0.1_bs_64_lr_1e-04_fp32/run_2_unfinished/checkpoint-534500,0,1,0.0,0.5,8602.7822265625,7541.21337890625,3.457369565963745,-1.063571572303772,12
plateau-init,/cephfs/home/mkairov/gradim/energy_shaping/runs/mix-N8-K2V2-V62_1M/energygradmem_llama_L4H4D256_mem8_K2_ilr0.4_energy_grad_second_stepalign0.1_iread0.1_bs_64_lr_1e-04_fp32/run_2_unfinished/checkpoint-534500,0,1,0.5,0.5,5689.15234375,4627.58349609375,1.9700846672058105,-2.550856351852417,12
plateau-init,/cephfs/home/mkairov/gradim/energy_shaping/runs/mix-N8-K2V2-V62_1M/energygradmem_llama_L4H4D256_mem8_K2_ilr0.4_energy_grad_second_stepalign0.1_iread0.1_bs_64_lr_1e-04_fp32/run_2_unfinished/checkpoint-534500,0,1,1.0,0.5,3419.146728515625,2357.577880859375,0.5484532713890076,-3.972487688064575,12
plateau-init,/cephfs/home/mkairov/gradim/energy_shaping/runs/mix-N8-K2V2-V62_1M/energygradmem_llama_L4H4D256_mem8_K2_ilr0.4_energy_grad_second_stepalign0.1_iread0.1_bs_64_lr_1e-04_fp32/run_2_unfinished/checkpoint-534500,0,1,1.5,0.5,3000.0478515625,1938.47900390625,0.23699229955673218,-4.283949375152588,12
plateau-init,/cephfs/home/mkairov/gradim/energy_shaping/runs/mix-N8-K2V2-V62_1M/energygradmem_llama_L4H4D256_mem8_K2_ilr0.4_energy_grad_second_stepalign0.1_iread0.1_bs_64_lr_1e-04_fp32/run_2_unfinished/checkpoint-534500,0,1,2.0,0.5,2879.232177734375,1817.6630859375,0.1753680258989334,-4.3455729484558105,12
plateau-init,/cephfs/home/mkairov/gradim/energy_shaping/runs/mix-N8-K2V2-V62_1M/energygradmem_llama_L4H4D256_mem8_K2_ilr0.4_energy_grad_second_stepalign0.1_iread0.1_bs_64_lr_1e-04_fp32/run_2_unfinished/checkpoint-534500,0,1,2.5,0.5,2829.099365234375,1767.5306396484375,0.17661641538143158,-4.344324588775635,12
plateau-init,/cephfs/home/mkairov/gradim/energy_shaping/runs/mix-N8-K2V2-V62_1M/energygradmem_llama_L4H4D256_mem8_K2_ilr0.4_energy_grad_second_stepalign0.1_iread0.1_bs_64_lr_1e-04_fp32/run_2_unfinished/checkpoint-534500,0,1,3.0,0.5,2804.124755859375,1742.5556640625,0.18585710227489471,-4.335084438323975,12
plateau-init,/cephfs/home/mkairov/gradim/energy_shaping/runs/mix-N8-K2V2-V62_1M/energygradmem_llama_L4H4D256_mem8_K2_ilr0.4_energy_grad_second_stepalign0.1_iread0.1_bs_64_lr_1e-04_fp32/run_2_unfinished/checkpoint-534500,0,1,-3.0,1.0,9450.431640625,8388.86328125,4.939371585845947,0.4184305667877197,12
plateau-init,/cephfs/home/mkairov/gradim/energy_shaping/runs/mix-N8-K2V2-V62_1M/energygradmem_llama_L4H4D256_mem8_K2_ilr0.4_energy_grad_second_stepalign0.1_iread0.1_bs_64_lr_1e-04_fp32/run_2_unfinished/checkpoint-534500,0,1,-2.5,1.0,9468.1142578125,8406.544921875,4.832517147064209,0.31157660484313965,12
plateau-init,/cephfs/home/mkairov/gradim/energy_shaping/runs/mix-N8-K2V2-V62_1M/energygradmem_llama_L4H4D256_mem8_K2_ilr0.4_energy_grad_second_stepalign0.1_iread0.1_bs_64_lr_1e-04_fp32/run_2_unfinished/checkpoint-534500,0,1,-2.0,1.0,9480.3125,8418.7431640625,4.762665271759033,0.24172425270080566,12
plateau-init,/cephfs/home/mkairov/gradim/energy_shaping/runs/mix-N8-K2V2-V62_1M/energygradmem_llama_L4H4D256_mem8_K2_ilr0.4_energy_grad_second_stepalign0.1_iread0.1_bs_64_lr_1e-04_fp32/run_2_unfinished/checkpoint-534500,0,1,-1.5,1.0,9468.0751953125,8406.5068359375,4.7719597816467285,0.2510186731815338,12
plateau-init,/cephfs/home/mkairov/gradim/energy_shaping/runs/mix-N8-K2V2-V62_1M/energygradmem_llama_L4H4D256_mem8_K2_ilr0.4_energy_grad_second_stepalign0.1_iread0.1_bs_64_lr_1e-04_fp32/run_2_unfinished/checkpoint-534500,0,1,-1.0,1.0,9377.8955078125,8316.3271484375,4.607107639312744,0.0861671194434166,12
plateau-init,/cephfs/home/mkairov/gradim/energy_shaping/runs/mix-N8-K2V2-V62_1M/energygradmem_llama_L4H4D256_mem8_K2_ilr0.4_energy_grad_second_stepalign0.1_iread0.1_bs_64_lr_1e-04_fp32/run_2_unfinished/checkpoint-534500,0,1,-0.5,1.0,9102.3974609375,8040.828125,4.830796718597412,0.30985498428344727,12
plateau-init,/cephfs/home/mkairov/gradim/energy_shaping/runs/mix-N8-K2V2-V62_1M/energygradmem_llama_L4H4D256_mem8_K2_ilr0.4_energy_grad_second_stepalign0.1_iread0.1_bs_64_lr_1e-04_fp32/run_2_unfinished/checkpoint-534500,0,1,0.0,1.0,8745.6044921875,7684.03662109375,3.752039909362793,-0.7689011096954346,12
plateau-init,/cephfs/home/mkairov/gradim/energy_shaping/runs/mix-N8-K2V2-V62_1M/energygradmem_llama_L4H4D256_mem8_K2_ilr0.4_energy_grad_second_stepalign0.1_iread0.1_bs_64_lr_1e-04_fp32/run_2_unfinished/checkpoint-534500,0,1,0.5,1.0,7931.337890625,6869.76806640625,2.517056703567505,-2.0038843154907227,12
plateau-init,/cephfs/home/mkairov/gradim/energy_shaping/runs/mix-N8-K2V2-V62_1M/energygradmem_llama_L4H4D256_mem8_K2_ilr0.4_energy_grad_second_stepalign0.1_iread0.1_bs_64_lr_1e-04_fp32/run_2_unfinished/checkpoint-534500,0,1,1.0,1.0,5661.03076171875,4599.4619140625,2.0671322345733643,-2.4538090229034424,12
plateau-init,/cephfs/home/mkairov/gradim/energy_shaping/runs/mix-N8-K2V2-V62_1M/energygradmem_llama_L4H4D256_mem8_K2_ilr0.4_energy_grad_second_stepalign0.1_iread0.1_bs_64_lr_1e-04_fp32/run_2_unfinished/checkpoint-534500,0,1,1.5,1.0,4038.356201171875,2976.786865234375,1.3620284795761108,-3.1589126586914062,12
plateau-init,/cephfs/home/mkairov/gradim/energy_shaping/runs/mix-N8-K2V2-V62_1M/energygradmem_llama_L4H4D256_mem8_K2_ilr0.4_energy_grad_second_stepalign0.1_iread0.1_bs_64_lr_1e-04_fp32/run_2_unfinished/checkpoint-534500,0,1,2.0,1.0,3420.000244140625,2358.431884765625,0.7723397612571716,-3.7486016750335693,12
plateau-init,/cephfs/home/mkairov/gradim/energy_shaping/runs/mix-N8-K2V2-V62_1M/energygradmem_llama_L4H4D256_mem8_K2_ilr0.4_energy_grad_second_stepalign0.1_iread0.1_bs_64_lr_1e-04_fp32/run_2_unfinished/checkpoint-534500,0,1,2.5,1.0,3147.751708984375,2086.182373046875,0.5942168235778809,-3.9267241954803467,12
plateau-init,/cephfs/home/mkairov/gradim/energy_shaping/runs/mix-N8-K2V2-V62_1M/energygradmem_llama_L4H4D256_mem8_K2_ilr0.4_energy_grad_second_stepalign0.1_iread0.1_bs_64_lr_1e-04_fp32/run_2_unfinished/checkpoint-534500,0,1,3.0,1.0,3011.351806640625,1949.78271484375,0.4670519530773163,-4.053889274597168,12
plateau-init,/cephfs/home/mkairov/gradim/energy_shaping/runs/mix-N8-K2V2-V62_1M/energygradmem_llama_L4H4D256_mem8_K2_ilr0.4_energy_grad_second_stepalign0.1_iread0.1_bs_64_lr_1e-04_fp32/run_2_unfinished/checkpoint-534500,0,1,-3.0,1.5,9452.7080078125,8391.1396484375,4.840973377227783,0.32003259658813477,12
plateau-init,/cephfs/home/mkairov/gradim/energy_shaping/runs/mix-N8-K2V2-V62_1M/energygradmem_llama_L4H4D256_mem8_K2_ilr0.4_energy_grad_second_stepalign0.1_iread0.1_bs_64_lr_1e-04_fp32/run_2_unfinished/checkpoint-534500,0,1,-2.5,1.5,9452.57421875,8391.0048828125,4.835818767547607,0.3148774802684784,12
plateau-init,/cephfs/home/mkairov/gradim/energy_shaping/runs/mix-N8-K2V2-V62_1M/energygradmem_llama_L4H4D256_mem8_K2_ilr0.4_energy_grad_second_stepalign0.1_iread0.1_bs_64_lr_1e-04_fp32/run_2_unfinished/checkpoint-534500,0,1,-2.0,1.5,9414.8955078125,8353.326171875,4.815197944641113,0.2942570745944977,12
plateau-init,/cephfs/home/mkairov/gradim/energy_shaping/runs/mix-N8-K2V2-V62_1M/energygradmem_llama_L4H4D256_mem8_K2_ilr0.4_energy_grad_second_stepalign0.1_iread0.1_bs_64_lr_1e-04_fp32/run_2_unfinished/checkpoint-534500,0,1,-1.5,1.5,9358.8974609375,8297.3291015625,4.725165367126465,0.20422464609146118,12
plateau-init,/cephfs/home/mkairov/gradim/energy_shaping/runs/mix-N8-K2V2-V62_1M/energygradmem_llama_L4H4D256_mem8_K2_ilr0.4_energy_grad_second_stepalign0.1_iread0.1_bs_64_lr_1e-04_fp32/run_2_unfinished/checkpoint-534500,0,1,-1.0,1.5,9248.4296875,8186.85986328125,4.832210063934326,0.311269074678421,12
plateau-init,/cephfs/home/mkairov/gradim/energy_shaping/runs/mix-N8-K2V2-V62_1M/energygradmem_llama_L4H4D256_mem8_K2_ilr0.4_energy_grad_second_stepalign0.1_iread0.1_bs_64_lr_1e-04_fp32/run_2_unfinished/checkpoint-534500,0,1,-0.5,1.5,9013.4228515625,7951.853515625,4.715802192687988,0.19486160576343536,12
plateau-init,/cephfs/home/mkairov/gradim/energy_shaping/runs/mix-N8-K2V2-V62_1M/energygradmem_llama_L4H4D256_mem8_K2_ilr0.4_energy_grad_second_stepalign0.1_iread0.1_bs_64_lr_1e-04_fp32/run_2_unfinished/checkpoint-534500,0,1,0.0,1.5,8801.5048828125,7739.93505859375,3.9587390422821045,-0.5622020363807678,12
plateau-init,/cephfs/home/mkairov/gradim/energy_shaping/runs/mix-N8-K2V2-V62_1M/energygradmem_llama_L4H4D256_mem8_K2_ilr0.4_energy_grad_second_stepalign0.1_iread0.1_bs_64_lr_1e-04_fp32/run_2_unfinished/checkpoint-534500,0,1,0.5,1.5,8326.1865234375,7264.61865234375,2.996830940246582,-1.524109959602356,12
plateau-init,/cephfs/home/mkairov/gradim/energy_shaping/runs/mix-N8-K2V2-V62_1M/energygradmem_llama_L4H4D256_mem8_K2_ilr0.4_energy_grad_second_stepalign0.1_iread0.1_bs_64_lr_1e-04_fp32/run_2_unfinished/checkpoint-534500,0,1,1.0,1.5,7261.662109375,6200.09228515625,2.659942626953125,-1.8609981536865234,12
plateau-init,/cephfs/home/mkairov/gradim/energy_shaping/runs/mix-N8-K2V2-V62_1M/energygradmem_llama_L4H4D256_mem8_K2_ilr0.4_energy_grad_second_stepalign0.1_iread0.1_bs_64_lr_1e-04_fp32/run_2_unfinished/checkpoint-534500,0,1,1.5,1.5,5643.38525390625,4581.81591796875,2.1285758018493652,-2.392364978790283,12
plateau-init,/cephfs/home/mkairov/gradim/energy_shaping/runs/mix-N8-K2V2-V62_1M/energygradmem_llama_L4H4D256_mem8_K2_ilr0.4_energy_grad_second_stepalign0.1_iread0.1_bs_64_lr_1e-04_fp32/run_2_unfinished/checkpoint-534500,0,1,2.0,1.5,4400.49560546875,3338.926513671875,1.6754264831542969,-2.8455142974853516,12
plateau-init,/cephfs/home/mkairov/gradim/energy_shaping/runs/mix-N8-K2V2-V62_1M/energygradmem_llama_L4H4D256_mem8_K2_ilr0.4_energy_grad_second_stepalign0.1_iread0.1_bs_64_lr_1e-04_fp32/run_2_unfinished/checkpoint-534500,0,1,2.5,1.5,3760.52734375,2698.958740234375,1.1928555965423584,-3.32808518409729,12
plateau-init,/cephfs/home/mkairov/gradim/energy_shaping/runs/mix-N8-K2V2-V62_1M/energygradmem_llama_L4H4D256_mem8_K2_ilr0.4_energy_grad_second_stepalign0.1_iread0.1_bs_64_lr_1e-04_fp32/run_2_unfinished/checkpoint-534500,0,1,3.0,1.5,3415.817626953125,2354.248779296875,0.8592491745948792,-3.661691427230835,12
plateau-init,/cephfs/home/mkairov/gradim/energy_shaping/runs/mix-N8-K2V2-V62_1M/energygradmem_llama_L4H4D256_mem8_K2_ilr0.4_energy_grad_second_stepalign0.1_iread0.1_bs_64_lr_1e-04_fp32/run_2_unfinished/checkpoint-534500,0,1,-3.0,2.0,9426.0107421875,8364.44140625,4.874042510986328,0.35310128331184387,12
plateau-init,/cephfs/home/mkairov/gradim/energy_shaping/runs/mix-N8-K2V2-V62_1M/energygradmem_llama_L4H4D256_mem8_K2_ilr0.4_energy_grad_second_stepalign0.1_iread0.1_bs_64_lr_1e-04_fp32/run_2_unfinished/checkpoint-534500,0,1,-2.5,2.0,9385.806640625,8324.2373046875,4.843315601348877,0.322374552488327,12
plateau-init,/cephfs/home/mkairov/gradim/energy_shaping/runs/mix-N8-K2V2-V62_1M/energygradmem_llama_L4H4D256_mem8_K2_ilr0.4_energy_grad_second_stepalign0.1_iread0.1_bs_64_lr_1e-04_fp32/run_2_unfinished/checkpoint-534500,0,1,-2.0,2.0,9342.1044921875,8280.5361328125,4.792745113372803,0.2718038856983185,12
plateau-init,/cephfs/home/mkairov/gradim/energy_shaping/runs/mix-N8-K2V2-V62_1M/energygradmem_llama_L4H4D256_mem8_K2_ilr0.4_energy_grad_second_stepalign0.1_iread0.1_bs_64_lr_1e-04_fp32/run_2_unfinished/checkpoint-534500,0,1,-1.5,2.0,9280.1982421875,8218.6298828125,4.851413726806641,0.33047235012054443,12
plateau-init,/cephfs/home/mkairov/gradim/energy_shaping/runs/mix-N8-K2V2-V62_1M/energygradmem_llama_L4H4D256_mem8_K2_ilr0.4_energy_grad_second_stepalign0.1_iread0.1_bs_64_lr_1e-04_fp32/run_2_unfinished/checkpoint-534500,0,1,-1.0,2.0,9133.3671875,8071.79833984375,4.9607834815979,0.43984317779541016,12
plateau-init,/cephfs/home/mkairov/gradim/energy_shaping/runs/mix-N8-K2V2-V62_1M/energygradmem_llama_L4H4D256_mem8_K2_ilr0.4_energy_grad_second_stepalign0.1_iread0.1_bs_64_lr_1e-04_fp32/run_2_unfinished/checkpoint-534500,0,1,-0.5,2.0,8994.490234375,7932.921875,4.611964702606201,0.09102430194616318,12
plateau-init,/cephfs/home/mkairov/gradim/energy_shaping/runs/mix-N8-K2V2-V62_1M/energygradmem_llama_L4H4D256_mem8_K2_ilr0.4_energy_grad_second_stepalign0.1_iread0.1_bs_64_lr_1e-04_fp32/run_2_unfinished/checkpoint-534500,0,1,0.0,2.0,8826.8505859375,7765.28125,4.0267415046691895,-0.4941994249820709,12
plateau-init,/cephfs/home/mkairov/gradim/energy_shaping/runs/mix-N8-K2V2-V62_1M/energygradmem_llama_L4H4D256_mem8_K2_ilr0.4_energy_grad_second_stepalign0.1_iread0.1_bs_64_lr_1e-04_fp32/run_2_unfinished/checkpoint-534500,0,1,0.5,2.0,8505.9921875,7444.42236328125,3.0654783248901367,-1.4554625749588013,12
plateau-init,/cephfs/home/mkairov/gradim/energy_shaping/runs/mix-N8-K2V2-V62_1M/energygradmem_llama_L4H4D256_mem8_K2_ilr0.4_energy_grad_second_stepalign0.1_iread0.1_bs_64_lr_1e-04_fp32/run_2_unfinished/checkpoint-534500,0,1,1.0,2.0,7938.05029296875,6876.48046875,2.6876955032348633,-1.8332453966140747,12
plateau-init,/cephfs/home/mkairov/gradim/energy_shaping/runs/mix-N8-K2V2-V62_1M/energygradmem_llama_L4H4D256_mem8_K2_ilr0.4_energy_grad_second_stepalign0.1_iread0.1_bs_64_lr_1e-04_fp32/run_2_unfinished/checkpoint-534500,0,1,1.5,2.0,6841.65234375,5780.083984375,2.366976499557495,-2.1539645195007324,12
plateau-init,/cephfs/home/mkairov/gradim/energy_shaping/runs/mix-N8-K2V2-V62_1M/energygradmem_llama_L4H4D256_mem8_K2_ilr0.4_energy_grad_second_stepalign0.1_iread0.1_bs_64_lr_1e-04_fp32/run_2_unfinished/checkpoint-534500,0,1,2.0,2.0,5635.10888671875,4573.53955078125,2.175072431564331,-2.3458688259124756,12
plateau-init,/cephfs/home/mkairov/gradim/energy_shaping/runs/mix-N8-K2V2-V62_1M/energygradmem_llama_L4H4D256_mem8_K2_ilr0.4_energy_grad_second_stepalign0.1_iread0.1_bs_64_lr_1e-04_fp32/run_2_unfinished/checkpoint-534500,0,1,2.5,2.0,4629.41162109375,3567.842529296875,1.7967020273208618,-2.7242391109466553,12
plateau-init,/cephfs/home/mkairov/gradim/energy_shaping/runs/mix-N8-K2V2-V62_1M/energygradmem_llama_L4H4D256_mem8_K2_ilr0.4_energy_grad_second_stepalign0.1_iread0.1_bs_64_lr_1e-04_fp32/run_2_unfinished/checkpoint-534500,0,1,3.0,2.0,4020.932373046875,2959.363037109375,1.4973543882369995,-3.0235869884490967,12
plateau-init,/cephfs/home/mkairov/gradim/energy_shaping/runs/mix-N8-K2V2-V62_1M/energygradmem_llama_L4H4D256_mem8_K2_ilr0.4_energy_grad_second_stepalign0.1_iread0.1_bs_64_lr_1e-04_fp32/run_2_unfinished/checkpoint-534500,0,1,-3.0,2.5,9368.7314453125,8307.162109375,4.866307735443115,0.3453669846057892,12
plateau-init,/cephfs/home/mkairov/gradim/energy_shaping/runs/mix-N8-K2V2-V62_1M/energygradmem_llama_L4H4D256_mem8_K2_ilr0.4_energy_grad_second_stepalign0.1_iread0.1_bs_64_lr_1e-04_fp32/run_2_unfinished/checkpoint-534500,0,1,-2.5,2.5,9330.5009765625,8268.9326171875,4.836348056793213,0.3154076039791107,12
plateau-init,/cephfs/home/mkairov/gradim/energy_shaping/runs/mix-N8-K2V2-V62_1M/energygradmem_llama_L4H4D256_mem8_K2_ilr0.4_energy_grad_second_stepalign0.1_iread0.1_bs_64_lr_1e-04_fp32/run_2_unfinished/checkpoint-534500,0,1,-2.0,2.5,9283.3818359375,8221.8125,4.882079124450684,0.36113810539245605,12
plateau-init,/cephfs/home/mkairov/gradim/energy_shaping/runs/mix-N8-K2V2-V62_1M/energygradmem_llama_L4H4D256_mem8_K2_ilr0.4_energy_grad_second_stepalign0.1_iread0.1_bs_64_lr_1e-04_fp32/run_2_unfinished/checkpoint-534500,0,1,-1.5,2.5,9204.828125,8143.259765625,4.950995922088623,0.43005481362342834,12
plateau-init,/cephfs/home/mkairov/gradim/energy_shaping/runs/mix-N8-K2V2-V62_1M/energygradmem_llama_L4H4D256_mem8_K2_ilr0.4_energy_grad_second_stepalign0.1_iread0.1_bs_64_lr_1e-04_fp32/run_2_unfinished/checkpoint-534500,0,1,-1.0,2.5,9070.29296875,8008.72314453125,4.931240558624268,0.4102998971939087,12
plateau-init,/cephfs/home/mkairov/gradim/energy_shaping/runs/mix-N8-K2V2-V62_1M/energygradmem_llama_L4H4D256_mem8_K2_ilr0.4_energy_grad_second_stepalign0.1_iread0.1_bs_64_lr_1e-04_fp32/run_2_unfinished/checkpoint-534500,0,1,-0.5,2.5,8981.69140625,7920.12255859375,4.526944637298584,0.006004035472869873,12
plateau-init,/cephfs/home/mkairov/gradim/energy_shaping/runs/mix-N8-K2V2-V62_1M/energygradmem_llama_L4H4D256_mem8_K2_ilr0.4_energy_grad_second_stepalign0.1_iread0.1_bs_64_lr_1e-04_fp32/run_2_unfinished/checkpoint-534500,0,1,0.0,2.5,8840.7919921875,7779.22265625,4.056106090545654,-0.4648348391056061,12
plateau-init,/cephfs/home/mkairov/gradim/energy_shaping/runs/mix-N8-K2V2-V62_1M/energygradmem_llama_L4H4D256_mem8_K2_ilr0.4_energy_grad_second_stepalign0.1_iread0.1_bs_64_lr_1e-04_fp32/run_2_unfinished/checkpoint-534500,0,1,0.5,2.5,8605.3291015625,7543.759765625,3.0827109813690186,-1.4382296800613403,12
plateau-init,/cephfs/home/mkairov/gradim/energy_shaping/runs/mix-N8-K2V2-V62_1M/energygradmem_llama_L4H4D256_mem8_K2_ilr0.4_energy_grad_second_stepalign0.1_iread0.1_bs_64_lr_1e-04_fp32/run_2_unfinished/checkpoint-534500,0,1,1.0,2.5,8212.7822265625,7151.21337890625,2.922877311706543,-1.5980634689331055,12
plateau-init,/cephfs/home/mkairov/gradim/energy_shaping/runs/mix-N8-K2V2-V62_1M/energygradmem_llama_L4H4D256_mem8_K2_ilr0.4_energy_grad_second_stepalign0.1_iread0.1_bs_64_lr_1e-04_fp32/run_2_unfinished/checkpoint-534500,0,1,1.5,2.5,7551.734375,6490.16552734375,2.7863218784332275,-1.7346190214157104,12
plateau-init,/cephfs/home/mkairov/gradim/energy_shaping/runs/mix-N8-K2V2-V62_1M/energygradmem_llama_L4H4D256_mem8_K2_ilr0.4_energy_grad_second_stepalign0.1_iread0.1_bs_64_lr_1e-04_fp32/run_2_unfinished/checkpoint-534500,0,1,2.0,2.5,6588.8359375,5527.26708984375,2.2918691635131836,-2.229071855545044,12
plateau-init,/cephfs/home/mkairov/gradim/energy_shaping/runs/mix-N8-K2V2-V62_1M/energygradmem_llama_L4H4D256_mem8_K2_ilr0.4_energy_grad_second_stepalign0.1_iread0.1_bs_64_lr_1e-04_fp32/run_2_unfinished/checkpoint-534500,0,1,2.5,2.5,5631.5703125,4570.00146484375,2.2029178142547607,-2.3180229663848877,12
plateau-init,/cephfs/home/mkairov/gradim/energy_shaping/runs/mix-N8-K2V2-V62_1M/energygradmem_llama_L4H4D256_mem8_K2_ilr0.4_energy_grad_second_stepalign0.1_iread0.1_bs_64_lr_1e-04_fp32/run_2_unfinished/checkpoint-534500,0,1,3.0,2.5,4788.99853515625,3727.4296875,1.9122066497802734,-2.608734369277954,12
plateau-init,/cephfs/home/mkairov/gradim/energy_shaping/runs/mix-N8-K2V2-V62_1M/energygradmem_llama_L4H4D256_mem8_K2_ilr0.4_energy_grad_second_stepalign0.1_iread0.1_bs_64_lr_1e-04_fp32/run_2_unfinished/checkpoint-534500,0,1,-3.0,3.0,9322.1474609375,8260.5791015625,4.867194175720215,0.3462533950805664,12
plateau-init,/cephfs/home/mkairov/gradim/energy_shaping/runs/mix-N8-K2V2-V62_1M/energygradmem_llama_L4H4D256_mem8_K2_ilr0.4_energy_grad_second_stepalign0.1_iread0.1_bs_64_lr_1e-04_fp32/run_2_unfinished/checkpoint-534500,0,1,-2.5,3.0,9283.9072265625,8222.3388671875,4.906086444854736,0.38514551520347595,12
plateau-init,/cephfs/home/mkairov/gradim/energy_shaping/runs/mix-N8-K2V2-V62_1M/energygradmem_llama_L4H4D256_mem8_K2_ilr0.4_energy_grad_second_stepalign0.1_iread0.1_bs_64_lr_1e-04_fp32/run_2_unfinished/checkpoint-534500,0,1,-2.0,3.0,9233.1201171875,8171.55224609375,4.961635589599609,0.4406947195529938,12
plateau-init,/cephfs/home/mkairov/gradim/energy_shaping/runs/mix-N8-K2V2-V62_1M/energygradmem_llama_L4H4D256_mem8_K2_ilr0.4_energy_grad_second_stepalign0.1_iread0.1_bs_64_lr_1e-04_fp32/run_2_unfinished/checkpoint-534500,0,1,-1.5,3.0,9136.279296875,8074.71044921875,4.993017673492432,0.47207674384117126,12
plateau-init,/cephfs/home/mkairov/gradim/energy_shaping/runs/mix-N8-K2V2-V62_1M/energygradmem_llama_L4H4D256_mem8_K2_ilr0.4_energy_grad_second_stepalign0.1_iread0.1_bs_64_lr_1e-04_fp32/run_2_unfinished/checkpoint-534500,0,1,-1.0,3.0,9043.0869140625,7981.517578125,4.7928080558776855,0.2718667685985565,12
plateau-init,/cephfs/home/mkairov/gradim/energy_shaping/runs/mix-N8-K2V2-V62_1M/energygradmem_llama_L4H4D256_mem8_K2_ilr0.4_energy_grad_second_stepalign0.1_iread0.1_bs_64_lr_1e-04_fp32/run_2_unfinished/checkpoint-534500,0,1,-0.5,3.0,8971.4697265625,7909.900390625,4.479694843292236,-0.041245777159929276,12
plateau-init,/cephfs/home/mkairov/gradim/energy_shaping/runs/mix-N8-K2V2-V62_1M/energygradmem_llama_L4H4D256_mem8_K2_ilr0.4_energy_grad_second_stepalign0.1_iread0.1_bs_64_lr_1e-04_fp32/run_2_unfinished/checkpoint-534500,0,1,0.0,3.0,8849.4248046875,7787.85595703125,4.072564601898193,-0.4483764171600342,12
plateau-init,/cephfs/home/mkairov/gradim/energy_shaping/runs/mix-N8-K2V2-V62_1M/energygradmem_llama_L4H4D256_mem8_K2_ilr0.4_energy_grad_second_stepalign0.1_iread0.1_bs_64_lr_1e-04_fp32/run_2_unfinished/checkpoint-534500,0,1,0.5,3.0,8660.484375,7598.91552734375,3.2254135608673096,-1.2955273389816284,12
plateau-init,/cephfs/home/mkairov/gradim/energy_shaping/runs/mix-N8-K2V2-V62_1M/energygradmem_llama_L4H4D256_mem8_K2_ilr0.4_energy_grad_second_stepalign0.1_iread0.1_bs_64_lr_1e-04_fp32/run_2_unfinished/checkpoint-534500,0,1,1.0,3.0,8351.7119140625,7290.142578125,3.1925582885742188,-1.3283828496932983,12
plateau-init,/cephfs/home/mkairov/gradim/energy_shaping/runs/mix-N8-K2V2-V62_1M/energygradmem_llama_L4H4D256_mem8_K2_ilr0.4_energy_grad_second_stepalign0.1_iread0.1_bs_64_lr_1e-04_fp32/run_2_unfinished/checkpoint-534500,0,1,1.5,3.0,7943.23828125,6881.669921875,2.7327778339385986,-1.7881628274917603,12
plateau-init,/cephfs/home/mkairov/gradim/energy_shaping/runs/mix-N8-K2V2-V62_1M/energygradmem_llama_L4H4D256_mem8_K2_ilr0.4_energy_grad_second_stepalign0.1_iread0.1_bs_64_lr_1e-04_fp32/run_2_unfinished/checkpoint-534500,0,1,2.0,3.0,7258.28857421875,6196.71923828125,2.7568740844726562,-1.7640668153762817,12
plateau-init,/cephfs/home/mkairov/gradim/energy_shaping/runs/mix-N8-K2V2-V62_1M/energygradmem_llama_L4H4D256_mem8_K2_ilr0.4_energy_grad_second_stepalign0.1_iread0.1_bs_64_lr_1e-04_fp32/run_2_unfinished/checkpoint-534500,0,1,2.5,3.0,6422.40087890625,5360.83154296875,2.227590799331665,-2.2933504581451416,12
plateau-init,/cephfs/home/mkairov/gradim/energy_shaping/runs/mix-N8-K2V2-V62_1M/energygradmem_llama_L4H4D256_mem8_K2_ilr0.4_energy_grad_second_stepalign0.1_iread0.1_bs_64_lr_1e-04_fp32/run_2_unfinished/checkpoint-534500,0,1,3.0,3.0,5629.87939453125,4568.310546875,2.2185850143432617,-2.302356004714966,12
plateau-init,/cephfs/home/mkairov/gradim/energy_shaping/runs/mix-N8-K2V2-V62_1M/energygradmem_llama_L4H4D256_mem8_K2_ilr0.4_energy_grad_second_stepalign0.1_iread0.1_bs_64_lr_1e-04_fp32/run_2_unfinished/checkpoint-534500,1,2,-3.0,-3.0,7664.38525390625,4916.45556640625,1.1172454357147217,1.114694595336914,12
plateau-init,/cephfs/home/mkairov/gradim/energy_shaping/runs/mix-N8-K2V2-V62_1M/energygradmem_llama_L4H4D256_mem8_K2_ilr0.4_energy_grad_second_stepalign0.1_iread0.1_bs_64_lr_1e-04_fp32/run_2_unfinished/checkpoint-534500,1,2,-2.5,-3.0,7179.57568359375,4431.646484375,0.9089157581329346,0.9063648581504822,12
plateau-init,/cephfs/home/mkairov/gradim/energy_shaping/runs/mix-N8-K2V2-V62_1M/energygradmem_llama_L4H4D256_mem8_K2_ilr0.4_energy_grad_second_stepalign0.1_iread0.1_bs_64_lr_1e-04_fp32/run_2_unfinished/checkpoint-534500,1,2,-2.0,-3.0,6582.953125,3835.024658203125,0.7148141264915466,0.712263286113739,12
plateau-init,/cephfs/home/mkairov/gradim/energy_shaping/runs/mix-N8-K2V2-V62_1M/energygradmem_llama_L4H4D256_mem8_K2_ilr0.4_energy_grad_second_stepalign0.1_iread0.1_bs_64_lr_1e-04_fp32/run_2_unfinished/checkpoint-534500,1,2,-1.5,-3.0,5841.44677734375,3093.517578125,0.49420905113220215,0.4916582405567169,12
plateau-init,/cephfs/home/mkairov/gradim/energy_shaping/runs/mix-N8-K2V2-V62_1M/energygradmem_llama_L4H4D256_mem8_K2_ilr0.4_energy_grad_second_stepalign0.1_iread0.1_bs_64_lr_1e-04_fp32/run_2_unfinished/checkpoint-534500,1,2,-1.0,-3.0,4951.150390625,2203.22119140625,0.2545265257358551,0.2519756257534027,12
plateau-init,/cephfs/home/mkairov/gradim/energy_shaping/runs/mix-N8-K2V2-V62_1M/energygradmem_llama_L4H4D256_mem8_K2_ilr0.4_energy_grad_second_stepalign0.1_iread0.1_bs_64_lr_1e-04_fp32/run_2_unfinished/checkpoint-534500,1,2,-0.5,-3.0,3937.721923828125,1189.7926025390625,0.08860664814710617,0.08605576306581497,12
plateau-init,/cephfs/home/mkairov/gradim/energy_shaping/runs/mix-N8-K2V2-V62_1M/energygradmem_llama_L4H4D256_mem8_K2_ilr0.4_energy_grad_second_stepalign0.1_iread0.1_bs_64_lr_1e-04_fp32/run_2_unfinished/checkpoint-534500,1,2,0.0,-3.0,2926.462646484375,178.5336456298828,0.04024973884224892,0.03769885376095772,12
plateau-init,/cephfs/home/mkairov/gradim/energy_shaping/runs/mix-N8-K2V2-V62_1M/energygradmem_llama_L4H4D256_mem8_K2_ilr0.4_energy_grad_second_stepalign0.1_iread0.1_bs_64_lr_1e-04_fp32/run_2_unfinished/checkpoint-534500,1,2,0.5,-3.0,2161.315185546875,-586.6141967773438,0.011142055504024029,0.00859117042273283,12
plateau-init,/cephfs/home/mkairov/gradim/energy_shaping/runs/mix-N8-K2V2-V62_1M/energygradmem_llama_L4H4D256_mem8_K2_ilr0.4_energy_grad_second_stepalign0.1_iread0.1_bs_64_lr_1e-04_fp32/run_2_unfinished/checkpoint-534500,1,2,1.0,-3.0,1724.5333251953125,-1023.3956909179688,0.003722477937117219,0.001171593670733273,12
plateau-init,/cephfs/home/mkairov/gradim/energy_shaping/runs/mix-N8-K2V2-V62_1M/energygradmem_llama_L4H4D256_mem8_K2_ilr0.4_energy_grad_second_stepalign0.1_iread0.1_bs_64_lr_1e-04_fp32/run_2_unfinished/checkpoint-534500,1,2,1.5,-3.0,1539.44775390625,-1208.4813232421875,0.001338972127996385,-0.001211912021972239,12
plateau-init,/cephfs/home/mkairov/gradim/energy_shaping/runs/mix-N8-K2V2-V62_1M/energygradmem_llama_L4H4D256_mem8_K2_ilr0.4_energy_grad_second_stepalign0.1_iread0.1_bs_64_lr_1e-04_fp32/run_2_unfinished/checkpoint-534500,1,2,2.0,-3.0,1534.8504638671875,-1213.0787353515625,0.0006891923840157688,-0.0018616918241605163,12
plateau-init,/cephfs/home/mkairov/gradim/energy_shaping/runs/mix-N8-K2V2-V62_1M/energygradmem_llama_L4H4D256_mem8_K2_ilr0.4_energy_grad_second_stepalign0.1_iread0.1_bs_64_lr_1e-04_fp32/run_2_unfinished/checkpoint-534500,1,2,2.5,-3.0,1705.4119873046875,-1042.5172119140625,0.003857163479551673,0.0013062789803370833,12
plateau-init,/cephfs/home/mkairov/gradim/energy_shaping/runs/mix-N8-K2V2-V62_1M/energygradmem_llama_L4H4D256_mem8_K2_ilr0.4_energy_grad_second_stepalign0.1_iread0.1_bs_64_lr_1e-04_fp32/run_2_unfinished/checkpoint-534500,1,2,3.0,-3.0,1929.4234619140625,-818.505615234375,0.037371065467596054,0.034820180386304855,12
plateau-init,/cephfs/home/mkairov/gradim/energy_shaping/runs/mix-N8-K2V2-V62_1M/energygradmem_llama_L4H4D256_mem8_K2_ilr0.4_energy_grad_second_stepalign0.1_iread0.1_bs_64_lr_1e-04_fp32/run_2_unfinished/checkpoint-534500,1,2,-3.0,-2.5,7682.25537109375,4934.326171875,1.0976462364196777,1.0950955152511597,12
plateau-init,/cephfs/home/mkairov/gradim/energy_shaping/runs/mix-N8-K2V2-V62_1M/energygradmem_llama_L4H4D256_mem8_K2_ilr0.4_energy_grad_second_stepalign0.1_iread0.1_bs_64_lr_1e-04_fp32/run_2_unfinished/checkpoint-534500,1,2,-2.5,-2.5,7194.27734375,4446.34814453125,0.8898935317993164,0.8873425126075745,12
plateau-init,/cephfs/home/mkairov/gradim/energy_shaping/runs/mix-N8-K2V2-V62_1M/energygradmem_llama_L4H4D256_mem8_K2_ilr0.4_energy_grad_second_stepalign0.1_iread0.1_bs_64_lr_1e-04_fp32/run_2_unfinished/checkpoint-534500,1,2,-2.0,-2.5,6589.748046875,3841.8193359375,0.6785290837287903,0.6759781837463379,12
plateau-init,/cephfs/home/mkairov/gradim/energy_shaping/runs/mix-N8-K2V2-V62_1M/energygradmem_llama_L4H4D256_mem8_K2_ilr0.4_energy_grad_second_stepalign0.1_iread0.1_bs_64_lr_1e-04_fp32/run_2_unfinished/checkpoint-534500,1,2,-1.5,-2.5,5837.240234375,3089.310791015625,0.45969292521476746,0.45714202523231506,12
plateau-init,/cephfs/home/mkairov/gradim/energy_shaping/runs/mix-N8-K2V2-V62_1M/energygradmem_llama_L4H4D256_mem8_K2_ilr0.4_energy_grad_second_stepalign0.1_iread0.1_bs_64_lr_1e-04_fp32/run_2_unfinished/checkpoint-534500,1,2,-1.0,-2.5,4931.46484375,2183.536376953125,0.22716622054576874,0.22461532056331635,12
plateau-init,/cephfs/home/mkairov/gradim/energy_shaping/runs/mix-N8-K2V2-V62_1M/energygradmem_llama_L4H4D256_mem8_K2_ilr0.4_energy_grad_second_stepalign0.1_iread0.1_bs_64_lr_1e-04_fp32/run_2_unfinished/checkpoint-534500,1,2,-0.5,-2.5,3900.3427734375,1152.4134521484375,0.05591551586985588,0.05336463078856468,12
plateau-init,/cephfs/home/mkairov/gradim/energy_shaping/runs/mix-N8-K2V2-V62_1M/energygradmem_llama_L4H4D256_mem8_K2_ilr0.4_energy_grad_second_stepalign0.1_iread0.1_bs_64_lr_1e-04_fp32/run_2_unfinished/checkpoint-534500,1,2,0.0,-2.5,2867.8076171875,119.87857055664062,0.02553240954875946,0.02298152446746826,12
plateau-init,/cephfs/home/mkairov/gradim/energy_shaping/runs/mix-N8-K2V2-V62_1M/energygradmem_llama_L4H4D256_mem8_K2_ilr0.4_energy_grad_second_stepalign0.1_iread0.1_bs_64_lr_1e-04_fp32/run_2_unfinished/checkpoint-534500,1,2,0.5,-2.5,2094.812744140625,-653.1165161132812,0.0048462036065757275,0.002295318990945816,12
plateau-init,/cephfs/home/mkairov/gradim/energy_shaping/runs/mix-N8-K2V2-V62_1M/energygradmem_llama_L4H4D256_mem8_K2_ilr0.4_energy_grad_second_stepalign0.1_iread0.1_bs_64_lr_1e-04_fp32/run_2_unfinished/checkpoint-534500,1,2,1.0,-2.5,1661.99853515625,-1085.9305419921875,0.0013278695987537503,-0.0012230145512148738,12
plateau-init,/cephfs/home/mkairov/gradim/energy_shaping/runs/mix-N8-K2V2-V62_1M/energygradmem_llama_L4H4D256_mem8_K2_ilr0.4_energy_grad_second_stepalign0.1_iread0.1_bs_64_lr_1e-04_fp32/run_2_unfinished/checkpoint-534500,1,2,1.5,-2.5,1482.6551513671875,-1265.27392578125,0.00044360183528624475,-0.0021072824019938707,12
plateau-init,/cephfs/home/mkairov/gradim/energy_shaping/runs/mix-N8-K2V2-V62_1M/energygradmem_llama_L4H4D256_mem8_K2_ilr0.4_energy_grad_second_stepalign0.1_iread0.1_bs_64_lr_1e-04_fp32/run_2_unfinished/checkpoint-534500,1,2,2.0,-2.5,1477.2501220703125,-1270.6788330078125,0.0002376232878305018,-0.0023132609203457832,12
plateau-init,/cephfs/home/mkairov/gradim/energy_shaping/runs/mix-N8-K2V2-V62_1M/energygradmem_llama_L4H4D256_mem8_K2_ilr0.4_energy_grad_second_stepalign0.1_iread0.1_bs_64_lr_1e-04_fp32/run_2_unfinished/checkpoint-534500,1,2,2.5,-2.5,1642.666015625,-1105.2630615234375,0.0010091842850670218,-0.0015416997484862804,12
plateau-init,/cephfs/home/mkairov/gradim/energy_shaping/runs/mix-N8-K2V2-V62_1M/energygradmem_llama_L4H4D256_mem8_K2_ilr0.4_energy_grad_second_stepalign0.1_iread0.1_bs_64_lr_1e-04_fp32/run_2_unfinished/checkpoint-534500,1,2,3.0,-2.5,1877.9869384765625,-869.9423217773438,0.016561930999159813,0.014011047780513763,12
plateau-init,/cephfs/home/mkairov/gradim/energy_shaping/runs/mix-N8-K2V2-V62_1M/energygradmem_llama_L4H4D256_mem8_K2_ilr0.4_energy_grad_second_stepalign0.1_iread0.1_bs_64_lr_1e-04_fp32/run_2_unfinished/checkpoint-534500,1,2,-3.0,-2.0,7698.45361328125,4950.52490234375,1.0811570882797241,1.0786062479019165,12
plateau-init,/cephfs/home/mkairov/gradim/energy_shaping/runs/mix-N8-K2V2-V62_1M/energygradmem_llama_L4H4D256_mem8_K2_ilr0.4_energy_grad_second_stepalign0.1_iread0.1_bs_64_lr_1e-04_fp32/run_2_unfinished/checkpoint-534500,1,2,-2.5,-2.0,7208.68701171875,4460.75634765625,0.8671820759773254,0.8646313548088074,12
plateau-init,/cephfs/home/mkairov/gradim/energy_shaping/runs/mix-N8-K2V2-V62_1M/energygradmem_llama_L4H4D256_mem8_K2_ilr0.4_energy_grad_second_stepalign0.1_iread0.1_bs_64_lr_1e-04_fp32/run_2_unfinished/checkpoint-534500,1,2,-2.0,-2.0,6598.84765625,3850.918212890625,0.6369941830635071,0.6344433426856995,12
plateau-init,/cephfs/home/mkairov/gradim/energy_shaping/runs/mix-N8-K2V2-V62_1M/energygradmem_llama_L4H4D256_mem8_K2_ilr0.4_energy_grad_second_stepalign0.1_iread0.1_bs_64_lr_1e-04_fp32/run_2_unfinished/checkpoint-534500,1,2,-1.5,-2.0,5836.71435546875,3088.785888671875,0.4463740885257721,0.4438232183456421,12
plateau-init,/cephfs/home/mkairov/gradim/energy_shaping/runs/mix-N8-K2V2-V62_1M/energygradmem_llama_L4H4D256_mem8_K2_ilr0.4_energy_grad_second_stepalign0.1_iread0.1_bs_64_lr_1e-04_fp32/run_2_unfinished/checkpoint-534500,1,2,-1.0,-2.0,4918.51025390625,2170.5810546875,0.19827817380428314,0.19572727382183075,12
plateau-init,/cephfs/home/mkairov/gradim/energy_shaping/runs/mix-N8-K2V2-V62_1M/energygradmem_llama_L4H4D256_mem8_K2_ilr0.4_energy_grad_second_stepalign0.1_iread0.1_bs_64_lr_1e-04_fp32/run_2_unfinished/checkpoint-534500,1,2,-0.5,-2.0,3872.104248046875,1124.1748046875,0.03329775109887123,0.030746862292289734,12
plateau-init,/cephfs/home/mkairov/gradim/energy_shaping/runs/mix-N8-K2V2-V62_1M/energygradmem_llama_L4H4D256_mem8_K2_ilr0.4_energy_grad_second_stepalign0.1_iread0.1_bs_64_lr_1e-04_fp32/run_2_unfinished/checkpoint-534500,1,2,0.0,-2.0,2822.12890625,74.19947052001953,0.014896524138748646,0.012345640920102596,12
plateau-init,/cephfs/home/mkairov/gradim/energy_shaping/runs/mix-N8-K2V2-V62_1M/energygradmem_llama_L4H4D256_mem8_K2_ilr0.4_energy_grad_second_stepalign0.1_iread0.1_bs_64_lr_1e-04_fp32/run_2_unfinished/checkpoint-534500,1,2,0.5,-2.0,2042.7686767578125,-705.1603393554688,0.0018588810926303267,-0.0006920033483766019,12
plateau-init,/cephfs/home/mkairov/gradim/energy_shaping/runs/mix-N8-K2V2-V62_1M/energygradmem_llama_L4H4D256_mem8_K2_ilr0.4_energy_grad_second_stepalign0.1_iread0.1_bs_64_lr_1e-04_fp32/run_2_unfinished/checkpoint-534500,1,2,1.0,-2.0,1613.849609375,-1134.07958984375,0.0004589205782394856,-0.002091963542625308,12
plateau-init,/cephfs/home/mkairov/gradim/energy_shaping/runs/mix-N8-K2V2-V62_1M/energygradmem_llama_L4H4D256_mem8_K2_ilr0.4_energy_grad_second_stepalign0.1_iread0.1_bs_64_lr_1e-04_fp32/run_2_unfinished/checkpoint-534500,1,2,1.5,-2.0,1439.4100341796875,-1308.51904296875,0.0001520520745543763,-0.0023988320026546717,12
plateau-init,/cephfs/home/mkairov/gradim/energy_shaping/runs/mix-N8-K2V2-V62_1M/energygradmem_llama_L4H4D256_mem8_K2_ilr0.4_energy_grad_second_stepalign0.1_iread0.1_bs_64_lr_1e-04_fp32/run_2_unfinished/checkpoint-534500,1,2,2.0,-2.0,1433.35009765625,-1314.5789794921875,8.34848324302584e-05,-0.002467399463057518,12
plateau-init,/cephfs/home/mkairov/gradim/energy_shaping/runs/mix-N8-K2V2-V62_1M/energygradmem_llama_L4H4D256_mem8_K2_ilr0.4_energy_grad_second_stepalign0.1_iread0.1_bs_64_lr_1e-04_fp32/run_2_unfinished/checkpoint-534500,1,2,2.5,-2.0,1590.9736328125,-1156.95556640625,0.0003253465984016657,-0.0022255375515669584,12
plateau-init,/cephfs/home/mkairov/gradim/energy_shaping/runs/mix-N8-K2V2-V62_1M/energygradmem_llama_L4H4D256_mem8_K2_ilr0.4_energy_grad_second_stepalign0.1_iread0.1_bs_64_lr_1e-04_fp32/run_2_unfinished/checkpoint-534500,1,2,3.0,-2.0,1837.39208984375,-910.5370483398438,0.006566059309989214,0.0040151760913431644,12
plateau-init,/cephfs/home/mkairov/gradim/energy_shaping/runs/mix-N8-K2V2-V62_1M/energygradmem_llama_L4H4D256_mem8_K2_ilr0.4_energy_grad_second_stepalign0.1_iread0.1_bs_64_lr_1e-04_fp32/run_2_unfinished/checkpoint-534500,1,2,-3.0,-1.5,7711.74658203125,4963.81689453125,1.0628751516342163,1.0603243112564087,12
plateau-init,/cephfs/home/mkairov/gradim/energy_shaping/runs/mix-N8-K2V2-V62_1M/energygradmem_llama_L4H4D256_mem8_K2_ilr0.4_energy_grad_second_stepalign0.1_iread0.1_bs_64_lr_1e-04_fp32/run_2_unfinished/checkpoint-534500,1,2,-2.5,-1.5,7221.59033203125,4473.66162109375,0.8362013697624207,0.833650529384613,12
plateau-init,/cephfs/home/mkairov/gradim/energy_shaping/runs/mix-N8-K2V2-V62_1M/energygradmem_llama_L4H4D256_mem8_K2_ilr0.4_energy_grad_second_stepalign0.1_iread0.1_bs_64_lr_1e-04_fp32/run_2_unfinished/checkpoint-534500,1,2,-2.0,-1.5,6608.72802734375,3860.798828125,0.6108694672584534,0.6083186268806458,12
plateau-init,/cephfs/home/mkairov/gradim/energy_shaping/runs/mix-N8-K2V2-V62_1M/energygradmem_llama_L4H4D256_mem8_K2_ilr0.4_energy_grad_second_stepalign0.1_iread0.1_bs_64_lr_1e-04_fp32/run_2_unfinished/checkpoint-534500,1,2,-1.5,-1.5,5838.93212890625,3091.003173828125,0.435639351606369,0.43308842182159424,12
plateau-init,/cephfs/home/mkairov/gradim/energy_shaping/runs/mix-N8-K2V2-V62_1M/energygradmem_llama_L4H4D256_mem8_K2_ilr0.4_energy_grad_second_stepalign0.1_iread0.1_bs_64_lr_1e-04_fp32/run_2_unfinished/checkpoint-534500,1,2,-1.0,-1.5,4910.79833984375,2162.868896484375,0.1715652495622635,0.16901437938213348,12
plateau-init,/cephfs/home/mkairov/gradim/energy_shaping/runs/mix-N8-K2V2-V62_1M/energygradmem_llama_L4H4D256_mem8_K2_ilr0.4_energy_grad_second_stepalign0.1_iread0.1_bs_64_lr_1e-04_fp32/run_2_unfinished/checkpoint-534500,1,2,-0.5,-1.5,3852.061767578125,1104.1328125,0.020189914852380753,0.017639031633734703,12
plateau-init,/cephfs/home/mkairov/gradim/energy_shaping/runs/mix-N8-K2V2-V62_1M/energygradmem_llama_L4H4D256_mem8_K2_ilr0.4_energy_grad_second_stepalign0.1_iread0.1_bs_64_lr_1e-04_fp32/run_2_unfinished/checkpoint-534500,1,2,0.0,-1.5,2788.448486328125,40.519683837890625,0.008712059818208218,0.0061611756682395935,12
plateau-init,/cephfs/home/mkairov/gradim/energy_shaping/runs/mix-N8-K2V2-V62_1M/energygradmem_llama_L4H4D256_mem8_K2_ilr0.4_energy_grad_second_stepalign0.1_iread0.1_bs_64_lr_1e-04_fp32/run_2_unfinished/checkpoint-534500,1,2,0.5,-1.5,2003.9700927734375,-743.9590454101562,0.0007277459371834993,-0.001823138096369803,12
plateau-init,/cephfs/home/mkairov/gradim/energy_shaping/runs/mix-N8-K2V2-V62_1M/energygradmem_llama_L4H4D256_mem8_K2_ilr0.4_energy_grad_second_stepalign0.1_iread0.1_bs_64_lr_1e-04_fp32/run_2_unfinished/checkpoint-534500,1,2,1.0,-1.5,1578.4534912109375,-1169.4757080078125,0.00017420620133634657,-0.0023766777012497187,12
plateau-init,/cephfs/home/mkairov/gradim/energy_shaping/runs/mix-N8-K2V2-V62_1M/energygradmem_llama_L4H4D256_mem8_K2_ilr0.4_energy_grad_second_stepalign0.1_iread0.1_bs_64_lr_1e-04_fp32/run_2_unfinished/checkpoint-534500,1,2,1.5,-1.5,1408.1458740234375,-1339.7833251953125,5.7737361203180626e-05,-0.0024931468069553375,12
plateau-init,/cephfs/home/mkairov/gradim/energy_shaping/runs/mix-N8-K2V2-V62_1M/energygradmem_llama_L4H4D256_mem8_K2_ilr0.4_energy_grad_second_stepalign0.1_iread0.1_bs_64_lr_1e-04_fp32/run_2_unfinished/checkpoint-534500,1,2,2.0,-1.5,1401.6138916015625,-1346.315185546875,2.9888906283304095e-05,-0.0025209952145814896,12
plateau-init,/cephfs/home/mkairov/gradim/energy_shaping/runs/mix-N8-K2V2-V62_1M/energygradmem_llama_L4H4D256_mem8_K2_ilr0.4_energy_grad_second_stepalign0.1_iread0.1_bs_64_lr_1e-04_fp32/run_2_unfinished/checkpoint-534500,1,2,2.5,-1.5,1551.05078125,-1196.87841796875,0.0001167886657640338,-0.002434095600619912,12
plateau-init,/cephfs/home/mkairov/gradim/energy_shaping/runs/mix-N8-K2V2-V62_1M/energygradmem_llama_L4H4D256_mem8_K2_ilr0.4_energy_grad_second_stepalign0.1_iread0.1_bs_64_lr_1e-04_fp32/run_2_unfinished/checkpoint-534500,1,2,3.0,-1.5,1806.1448974609375,-941.7841796875,0.0026247582864016294,7.387405639747158e-05,12
plateau-init,/cephfs/home/mkairov/gradim/energy_shaping/runs/mix-N8-K2V2-V62_1M/energygradmem_llama_L4H4D256_mem8_K2_ilr0.4_energy_grad_second_stepalign0.1_iread0.1_bs_64_lr_1e-04_fp32/run_2_unfinished/checkpoint-534500,1,2,-3.0,-1.0,7721.13818359375,4973.20849609375,1.0391477346420288,1.0365968942642212,12
plateau-init,/cephfs/home/mkairov/gradim/energy_shaping/runs/mix-N8-K2V2-V62_1M/energygradmem_llama_L4H4D256_mem8_K2_ilr0.4_energy_grad_second_stepalign0.1_iread0.1_bs_64_lr_1e-04_fp32/run_2_unfinished/checkpoint-534500,1,2,-2.5,-1.0,7231.79443359375,4483.86474609375,0.8049861788749695,0.8024352192878723,12
plateau-init,/cephfs/home/mkairov/gradim/energy_shaping/runs/mix-N8-K2V2-V62_1M/energygradmem_llama_L4H4D256_mem8_K2_ilr0.4_energy_grad_second_stepalign0.1_iread0.1_bs_64_lr_1e-04_fp32/run_2_unfinished/checkpoint-534500,1,2,-2.0,-1.0,6617.82763671875,3869.899169921875,0.6009484529495239,0.5983976125717163,12
plateau-init,/cephfs/home/mkairov/gradim/energy_shaping/runs/mix-N8-K2V2-V62_1M/energygradmem_llama_L4H4D256_mem8_K2_ilr0.4_energy_grad_second_stepalign0.1_iread0.1_bs_64_lr_1e-04_fp32/run_2_unfinished/checkpoint-534500,1,2,-1.5,-1.0,5843.57666015625,3095.647705078125,0.42724859714508057,0.42469775676727295,12
plateau-init,/cephfs/home/mkairov/gradim/energy_shaping/runs/mix-N8-K2V2-V62_1M/energygradmem_llama_L4H4D256_mem8_K2_ilr0.4_energy_grad_second_stepalign0.1_iread0.1_bs_64_lr_1e-04_fp32/run_2_unfinished/checkpoint-534500,1,2,-1.0,-1.0,4907.09716796875,2159.168212890625,0.15188786387443542,0.14933697879314423,12
plateau-init,/cephfs/home/mkairov/gradim/energy_shaping/runs/mix-N8-K2V2-V62_1M/energygradmem_llama_L4H4D256_mem8_K2_ilr0.4_energy_grad_second_stepalign0.1_iread0.1_bs_64_lr_1e-04_fp32/run_2_unfinished/checkpoint-534500,1,2,-0.5,-1.0,3839.134765625,1091.2056884765625,0.014840672723948956,0.012289788573980331,12
plateau-init,/cephfs/home/mkairov/gradim/energy_shaping/runs/mix-N8-K2V2-V62_1M/energygradmem_llama_L4H4D256_mem8_K2_ilr0.4_energy_grad_second_stepalign0.1_iread0.1_bs_64_lr_1e-04_fp32/run_2_unfinished/checkpoint-534500,1,2,0.0,-1.0,2765.515380859375,17.58642578125,0.00532443867996335,0.0027735549956560135,12
plateau-init,/cephfs/home/mkairov/gradim/energy_shaping/runs/mix-N8-K2V2-V62_1M/energygradmem_llama_L4H4D256_mem8_K2_ilr0.4_energy_grad_second_stepalign0.1_iread0.1_bs_64_lr_1e-04_fp32/run_2_unfinished/checkpoint-534500,1,2,0.5,-1.0,1977.1715087890625,-770.7575073242188,0.00031526447855867445,-0.0022356195840984583,12
plateau-init,/cephfs/home/mkairov/gradim/energy_shaping/runs/mix-N8-K2V2-V62_1M/energygradmem_llama_L4H4D256_mem8_K2_ilr0.4_energy_grad_second_stepalign0.1_iread0.1_bs_64_lr_1e-04_fp32/run_2_unfinished/checkpoint-534500,1,2,1.0,-1.0,1554.4534912109375,-1193.4754638671875,7.331605593208224e-05,-0.0024775683414191008,12
plateau-init,/cephfs/home/mkairov/gradim/energy_shaping/runs/mix-N8-K2V2-V62_1M/energygradmem_llama_L4H4D256_mem8_K2_ilr0.4_energy_grad_second_stepalign0.1_iread0.1_bs_64_lr_1e-04_fp32/run_2_unfinished/checkpoint-534500,1,2,1.5,-1.0,1387.0478515625,-1360.8812255859375,2.3541319023934193e-05,-0.002527342876419425,12
plateau-init,/cephfs/home/mkairov/gradim/energy_shaping/runs/mix-N8-K2V2-V62_1M/energygradmem_llama_L4H4D256_mem8_K2_ilr0.4_energy_grad_second_stepalign0.1_iread0.1_bs_64_lr_1e-04_fp32/run_2_unfinished/checkpoint-534500,1,2,2.0,-1.0,1379.9462890625,-1367.98291015625,1.091062858904479e-05,-0.002539973706007004,12
plateau-init,/cephfs/home/mkairov/gradim/energy_shaping/runs/mix-N8-K2V2-V62_1M/energygradmem_llama_L4H4D256_mem8_K2_ilr0.4_energy_grad_second_stepalign0.1_iread0.1_bs_64_lr_1e-04_fp32/run_2_unfinished/checkpoint-534500,1,2,2.5,-1.0,1522.3260498046875,-1225.6029052734375,4.7693942178739235e-05,-0.002503190189599991,12
plateau-init,/cephfs/home/mkairov/gradim/energy_shaping/runs/mix-N8-K2V2-V62_1M/energygradmem_llama_L4H4D256_mem8_K2_ilr0.4_energy_grad_second_stepalign0.1_iread0.1_bs_64_lr_1e-04_fp32/run_2_unfinished/checkpoint-534500,1,2,3.0,-1.0,1782.8480224609375,-965.0811157226562,0.0011729818070307374,-0.0013779023429378867,12
plateau-init,/cephfs/home/mkairov/gradim/energy_shaping/runs/mix-N8-K2V2-V62_1M/energygradmem_llama_L4H4D256_mem8_K2_ilr0.4_energy_grad_second_stepalign0.1_iread0.1_bs_64_lr_1e-04_fp32/run_2_unfinished/checkpoint-534500,1,2,-3.0,-0.5,7726.00537109375,4978.07568359375,1.01252281665802,1.0099718570709229,12
plateau-init,/cephfs/home/mkairov/gradim/energy_shaping/runs/mix-N8-K2V2-V62_1M/energygradmem_llama_L4H4D256_mem8_K2_ilr0.4_energy_grad_second_stepalign0.1_iread0.1_bs_64_lr_1e-04_fp32/run_2_unfinished/checkpoint-534500,1,2,-2.5,-0.5,7238.45361328125,4490.5244140625,0.7896729111671448,0.7871220707893372,12
plateau-init,/cephfs/home/mkairov/gradim/energy_shaping/runs/mix-N8-K2V2-V62_1M/energygradmem_llama_L4H4D256_mem8_K2_ilr0.4_energy_grad_second_stepalign0.1_iread0.1_bs_64_lr_1e-04_fp32/run_2_unfinished/checkpoint-534500,1,2,-2.0,-0.5,6625.173828125,3877.244873046875,0.5944018959999084,0.5918509364128113,12
plateau-init,/cephfs/home/mkairov/gradim/energy_shaping/runs/mix-N8-K2V2-V62_1M/energygradmem_llama_L4H4D256_mem8_K2_ilr0.4_energy_grad_second_stepalign0.1_iread0.1_bs_64_lr_1e-04_fp32/run_2_unfinished/checkpoint-534500,1,2,-1.5,-0.5,5849.6484375,3101.718994140625,0.4219522178173065,0.4194013178348541,12
plateau-init,/cephfs/home/mkairov/gradim/energy_shaping/runs/mix-N8-K2V2-V62_1M/energygradmem_llama_L4H4D256_mem8_K2_ilr0.4_energy_grad_second_stepalign0.1_iread0.1_bs_64_lr_1e-04_fp32/run_2_unfinished/checkpoint-534500,1,2,-1.0,-0.5,4906.58447265625,2158.656005859375,0.14046712219715118,0.13791625201702118,12
plateau-init,/cephfs/home/mkairov/gradim/energy_shaping/runs/mix-N8-K2V2-V62_1M/energygradmem_llama_L4H4D256_mem8_K2_ilr0.4_energy_grad_second_stepalign0.1_iread0.1_bs_64_lr_1e-04_fp32/run_2_unfinished/checkpoint-534500,1,2,-0.5,-0.5,3832.302490234375,1084.373291015625,0.013678370974957943,0.011127486824989319,12
plateau-init,/cephfs/home/mkairov/gradim/energy_shaping/runs/mix-N8-K2V2-V62_1M/energygradmem_llama_L4H4D256_mem8_K2_ilr0.4_energy_grad_second_stepalign0.1_iread0.1_bs_64_lr_1e-04_fp32/run_2_unfinished/checkpoint-534500,1,2,0.0,-0.5,2752.261474609375,4.332427978515625,0.0033684459049254656,0.000817562045995146,12
plateau-init,/cephfs/home/mkairov/gradim/energy_shaping/runs/mix-N8-K2V2-V62_1M/energygradmem_llama_L4H4D256_mem8_K2_ilr0.4_energy_grad_second_stepalign0.1_iread0.1_bs_64_lr_1e-04_fp32/run_2_unfinished/checkpoint-534500,1,2,0.5,-0.5,1961.30419921875,-786.6249389648438,0.00014638574793934822,-0.0024044981691986322,12
plateau-init,/cephfs/home/mkairov/gradim/energy_shaping/runs/mix-N8-K2V2-V62_1M/energygradmem_llama_L4H4D256_mem8_K2_ilr0.4_energy_grad_second_stepalign0.1_iread0.1_bs_64_lr_1e-04_fp32/run_2_unfinished/checkpoint-534500,1,2,1.0,-0.5,1540.9024658203125,-1207.0267333984375,3.144933361909352e-05,-0.0025194345507770777,12
plateau-init,/cephfs/home/mkairov/gradim/energy_shaping/runs/mix-N8-K2V2-V62_1M/energygradmem_llama_L4H4D256_mem8_K2_ilr0.4_energy_grad_second_stepalign0.1_iread0.1_bs_64_lr_1e-04_fp32/run_2_unfinished/checkpoint-534500,1,2,1.5,-0.5,1374.9620361328125,-1372.9671630859375,9.67158757703146e-06,-0.0025412123650312424,12
plateau-init,/cephfs/home/mkairov/gradim/energy_shaping/runs/mix-N8-K2V2-V62_1M/energygradmem_llama_L4H4D256_mem8_K2_ilr0.4_energy_grad_second_stepalign0.1_iread0.1_bs_64_lr_1e-04_fp32/run_2_unfinished/checkpoint-534500,1,2,2.0,-0.5,1367.1488037109375,-1380.7802734375,4.263978553353809e-06,-0.0025466198567301035,12
plateau-init,/cephfs/home/mkairov/gradim/energy_shaping/runs/mix-N8-K2V2-V62_1M/energygradmem_llama_L4H4D256_mem8_K2_ilr0.4_energy_grad_second_stepalign0.1_iread0.1_bs_64_lr_1e-04_fp32/run_2_unfinished/checkpoint-534500,1,2,2.5,-0.5,1503.6683349609375,-1244.2608642578125,2.450167085044086e-05,-0.002526382217183709,12
plateau-init,/cephfs/home/mkairov/gradim/energy_shaping/runs/mix-N8-K2V2-V62_1M/energygradmem_llama_L4H4D256_mem8_K2_ilr0.4_energy_grad_second_stepalign0.1_iread0.1_bs_64_lr_1e-04_fp32/run_2_unfinished/checkpoint-534500,1,2,3.0,-0.5,1766.7801513671875,-981.149169921875,0.0006355583318509161,-0.001915325759910047,12
plateau-init,/cephfs/home/mkairov/gradim/energy_shaping/runs/mix-N8-K2V2-V62_1M/energygradmem_llama_L4H4D256_mem8_K2_ilr0.4_energy_grad_second_stepalign0.1_iread0.1_bs_64_lr_1e-04_fp32/run_2_unfinished/checkpoint-534500,1,2,-3.0,0.0,7726.189453125,4978.26123046875,0.993782103061676,0.9912312626838684,12
plateau-init,/cephfs/home/mkairov/gradim/energy_shaping/runs/mix-N8-K2V2-V62_1M/energygradmem_llama_L4H4D256_mem8_K2_ilr0.4_energy_grad_second_stepalign0.1_iread0.1_bs_64_lr_1e-04_fp32/run_2_unfinished/checkpoint-534500,1,2,-2.5,0.0,7241.35888671875,4493.4296875,0.7847617268562317,0.7822108864784241,12
plateau-init,/cephfs/home/mkairov/gradim/energy_shaping/runs/mix-N8-K2V2-V62_1M/energygradmem_llama_L4H4D256_mem8_K2_ilr0.4_energy_grad_second_stepalign0.1_iread0.1_bs_64_lr_1e-04_fp32/run_2_unfinished/checkpoint-534500,1,2,-2.0,0.0,6630.552734375,3882.624267578125,0.5886273980140686,0.586076557636261,12
plateau-init,/cephfs/home/mkairov/gradim/energy_shaping/runs/mix-N8-K2V2-V62_1M/energygradmem_llama_L4H4D256_mem8_K2_ilr0.4_energy_grad_second_stepalign0.1_iread0.1_bs_64_lr_1e-04_fp32/run_2_unfinished/checkpoint-534500,1,2,-1.5,0.0,5856.2734375,3108.34375,0.4174220561981201,0.4148711860179901,12
plateau-init,/cephfs/home/mkairov/gradim/energy_shaping/runs/mix-N8-K2V2-V62_1M/energygradmem_llama_L4H4D256_mem8_K2_ilr0.4_energy_grad_second_stepalign0.1_iread0.1_bs_64_lr_1e-04_fp32/run_2_unfinished/checkpoint-534500,1,2,-1.0,0.0,4908.93798828125,2161.008544921875,0.13592761754989624,0.13337673246860504,12
plateau-init,/cephfs/home/mkairov/gradim/energy_shaping/runs/mix-N8-K2V2-V62_1M/energygradmem_llama_L4H4D256_mem8_K2_ilr0.4_energy_grad_second_stepalign0.1_iread0.1_bs_64_lr_1e-04_fp32/run_2_unfinished/checkpoint-534500,1,2,-0.5,0.0,3830.8681640625,1082.939453125,0.014442442916333675,0.011891558766365051,12
plateau-init,/cephfs/home/mkairov/gradim/energy_shaping/runs/mix-N8-K2V2-V62_1M/energygradmem_llama_L4H4D256_mem8_K2_ilr0.4_energy_grad_second_stepalign0.1_iread0.1_bs_64_lr_1e-04_fp32/run_2_unfinished/checkpoint-534500,1,2,0.0,0.0,2747.928955078125,0.0,0.002550884149968624,0.0,12
plateau-init,/cephfs/home/mkairov/gradim/energy_shaping/runs/mix-N8-K2V2-V62_1M/energygradmem_llama_L4H4D256_mem8_K2_ilr0.4_energy_grad_second_stepalign0.1_iread0.1_bs_64_lr_1e-04_fp32/run_2_unfinished/checkpoint-534500,1,2,0.5,0.0,1955.5972900390625,-792.3317260742188,7.233880023704842e-05,-0.0024785452987998724,12
plateau-init,/cephfs/home/mkairov/gradim/energy_shaping/runs/mix-N8-K2V2-V62_1M/energygradmem_llama_L4H4D256_mem8_K2_ilr0.4_energy_grad_second_stepalign0.1_iread0.1_bs_64_lr_1e-04_fp32/run_2_unfinished/checkpoint-534500,1,2,1.0,0.0,1536.5413818359375,-1211.3876953125,1.321471791015938e-05,-0.0025376693811267614,12
plateau-init,/cephfs/home/mkairov/gradim/energy_shaping/runs/mix-N8-K2V2-V62_1M/energygradmem_llama_L4H4D256_mem8_K2_ilr0.4_energy_grad_second_stepalign0.1_iread0.1_bs_64_lr_1e-04_fp32/run_2_unfinished/checkpoint-534500,1,2,1.5,0.0,1370.9896240234375,-1376.939453125,3.9907768041302916e-06,-0.002546893432736397,12
plateau-init,/cephfs/home/mkairov/gradim/energy_shaping/runs/mix-N8-K2V2-V62_1M/energygradmem_llama_L4H4D256_mem8_K2_ilr0.4_energy_grad_second_stepalign0.1_iread0.1_bs_64_lr_1e-04_fp32/run_2_unfinished/checkpoint-534500,1,2,2.0,0.0,1362.323486328125,-1385.6055908203125,2.0439110812731087e-06,-0.002548840129747987,12
plateau-init,/cephfs/home/mkairov/gradim/energy_shaping/runs/mix-N8-K2V2-V62_1M/energygradmem_llama_L4H4D256_mem8_K2_ilr0.4_energy_grad_second_stepalign0.1_iread0.1_bs_64_lr_1e-04_fp32/run_2_unfinished/checkpoint-534500,1,2,2.5,0.0,1494.3502197265625,-1253.5789794921875,1.6377891370211728e-05,-0.00253450614400208,12
plateau-init,/cephfs/home/mkairov/gradim/energy_shaping/runs/mix-N8-K2V2-V62_1M/energygradmem_llama_L4H4D256_mem8_K2_ilr0.4_energy_grad_second_stepalign0.1_iread0.1_bs_64_lr_1e-04_fp32/run_2_unfinished/checkpoint-534500,1,2,3.0,0.0,1758.1292724609375,-989.7998046875,0.0004276275576557964,-0.0021232564467936754,12
plateau-init,/cephfs/home/mkairov/gradim/energy_shaping/runs/mix-N8-K2V2-V62_1M/energygradmem_llama_L4H4D256_mem8_K2_ilr0.4_energy_grad_second_stepalign0.1_iread0.1_bs_64_lr_1e-04_fp32/run_2_unfinished/checkpoint-534500,1,2,-3.0,0.5,7721.767578125,4973.83837890625,0.9822781682014465,0.9797274470329285,12
plateau-init,/cephfs/home/mkairov/gradim/energy_shaping/runs/mix-N8-K2V2-V62_1M/energygradmem_llama_L4H4D256_mem8_K2_ilr0.4_energy_grad_second_stepalign0.1_iread0.1_bs_64_lr_1e-04_fp32/run_2_unfinished/checkpoint-534500,1,2,-2.5,0.5,7240.68359375,4492.75390625,0.7837842106819153,0.7812333106994629,12
plateau-init,/cephfs/home/mkairov/gradim/energy_shaping/runs/mix-N8-K2V2-V62_1M/energygradmem_llama_L4H4D256_mem8_K2_ilr0.4_energy_grad_second_stepalign0.1_iread0.1_bs_64_lr_1e-04_fp32/run_2_unfinished/checkpoint-534500,1,2,-2.0,0.5,6634.21826171875,3886.289306640625,0.5811522603034973,0.5786014199256897,12
plateau-init,/cephfs/home/mkairov/gradim/energy_shaping/runs/mix-N8-K2V2-V62_1M/energygradmem_llama_L4H4D256_mem8_K2_ilr0.4_energy_grad_second_stepalign0.1_iread0.1_bs_64_lr_1e-04_fp32/run_2_unfinished/checkpoint-534500,1,2,-1.5,0.5,5863.23486328125,3115.305908203125,0.41157007217407227,0.40901923179626465,12
plateau-init,/cephfs/home/mkairov/gradim/energy_shaping/runs/mix-N8-K2V2-V62_1M/energygradmem_llama_L4H4D256_mem8_K2_ilr0.4_energy_grad_second_stepalign0.1_iread0.1_bs_64_lr_1e-04_fp32/run_2_unfinished/checkpoint-534500,1,2,-1.0,0.5,4914.31103515625,2166.382080078125,0.13777878880500793,0.13522790372371674,12
plateau-init,/cephfs/home/mkairov/gradim/energy_shaping/runs/mix-N8-K2V2-V62_1M/energygradmem_llama_L4H4D256_mem8_K2_ilr0.4_energy_grad_second_stepalign0.1_iread0.1_bs_64_lr_1e-04_fp32/run_2_unfinished/checkpoint-534500,1,2,-0.5,0.5,3834.661376953125,1086.7320556640625,0.01711876690387726,0.014567882753908634,12
plateau-init,/cephfs/home/mkairov/gradim/energy_shaping/runs/mix-N8-K2V2-V62_1M/energygradmem_llama_L4H4D256_mem8_K2_ilr0.4_energy_grad_second_stepalign0.1_iread0.1_bs_64_lr_1e-04_fp32/run_2_unfinished/checkpoint-534500,1,2,0.0,0.5,2752.276611328125,4.347747802734375,0.0033031534403562546,0.0007522694650106132,12
plateau-init,/cephfs/home/mkairov/gradim/energy_shaping/runs/mix-N8-K2V2-V62_1M/energygradmem_llama_L4H4D256_mem8_K2_ilr0.4_energy_grad_second_stepalign0.1_iread0.1_bs_64_lr_1e-04_fp32/run_2_unfinished/checkpoint-534500,1,2,0.5,0.5,1959.8223876953125,-788.1067504882812,4.5195542043074965e-05,-0.0025056886952370405,12
plateau-init,/cephfs/home/mkairov/gradim/energy_shaping/runs/mix-N8-K2V2-V62_1M/energygradmem_llama_L4H4D256_mem8_K2_ilr0.4_energy_grad_second_stepalign0.1_iread0.1_bs_64_lr_1e-04_fp32/run_2_unfinished/checkpoint-534500,1,2,1.0,0.5,1541.0478515625,-1206.8812255859375,5.922880518482998e-06,-0.0025449611712247133,12
plateau-init,/cephfs/home/mkairov/gradim/energy_shaping/runs/mix-N8-K2V2-V62_1M/energygradmem_llama_L4H4D256_mem8_K2_ilr0.4_energy_grad_second_stepalign0.1_iread0.1_bs_64_lr_1e-04_fp32/run_2_unfinished/checkpoint-534500,1,2,1.5,0.5,1374.9710693359375,-1372.9580078125,1.9097994936601026e-06,-0.0025489742401987314,12
plateau-init,/cephfs/home/mkairov/gradim/energy_shaping/runs/mix-N8-K2V2-V62_1M/energygradmem_llama_L4H4D256_mem8_K2_ilr0.4_energy_grad_second_stepalign0.1_iread0.1_bs_64_lr_1e-04_fp32/run_2_unfinished/checkpoint-534500,1,2,2.0,0.5,1365.1966552734375,-1382.732421875,1.4205660363586503e-06,-0.002549463650211692,12
plateau-init,/cephfs/home/mkairov/gradim/energy_shaping/runs/mix-N8-K2V2-V62_1M/energygradmem_llama_L4H4D256_mem8_K2_ilr0.4_energy_grad_second_stepalign0.1_iread0.1_bs_64_lr_1e-04_fp32/run_2_unfinished/checkpoint-534500,1,2,2.5,0.5,1494.13720703125,-1253.791748046875,1.320986029895721e-05,-0.002537674270570278,12
plateau-init,/cephfs/home/mkairov/gradim/energy_shaping/runs/mix-N8-K2V2-V62_1M/energygradmem_llama_L4H4D256_mem8_K2_ilr0.4_energy_grad_second_stepalign0.1_iread0.1_bs_64_lr_1e-04_fp32/run_2_unfinished/checkpoint-534500,1,2,3.0,0.5,1757.5367431640625,-990.3921508789062,0.00034418213181197643,-0.0022067020181566477,12
plateau-init,/cephfs/home/mkairov/gradim/energy_shaping/runs/mix-N8-K2V2-V62_1M/energygradmem_llama_L4H4D256_mem8_K2_ilr0.4_energy_grad_second_stepalign0.1_iread0.1_bs_64_lr_1e-04_fp32/run_2_unfinished/checkpoint-534500,1,2,-3.0,1.0,7712.91552734375,4964.986328125,0.9715988039970398,0.9690479636192322,12
plateau-init,/cephfs/home/mkairov/gradim/energy_shaping/runs/mix-N8-K2V2-V62_1M/energygradmem_llama_L4H4D256_mem8_K2_ilr0.4_energy_grad_second_stepalign0.1_iread0.1_bs_64_lr_1e-04_fp32/run_2_unfinished/checkpoint-534500,1,2,-2.5,1.0,7236.57470703125,4488.64599609375,0.7846264839172363,0.7820755839347839,12
plateau-init,/cephfs/home/mkairov/gradim/energy_shaping/runs/mix-N8-K2V2-V62_1M/energygradmem_llama_L4H4D256_mem8_K2_ilr0.4_energy_grad_second_stepalign0.1_iread0.1_bs_64_lr_1e-04_fp32/run_2_unfinished/checkpoint-534500,1,2,-2.0,1.0,6636.21533203125,3888.286865234375,0.571394145488739,0.5688431859016418,12
plateau-init,/cephfs/home/mkairov/gradim/energy_shaping/runs/mix-N8-K2V2-V62_1M/energygradmem_llama_L4H4D256_mem8_K2_ilr0.4_energy_grad_second_stepalign0.1_iread0.1_bs_64_lr_1e-04_fp32/run_2_unfinished/checkpoint-534500,1,2,-1.5,1.0,5870.83837890625,3122.909423828125,0.4058517515659332,0.4033009111881256,12
plateau-init,/cephfs/home/mkairov/gradim/energy_shaping/runs/mix-N8-K2V2-V62_1M/energygradmem_llama_L4H4D256_mem8_K2_ilr0.4_energy_grad_second_stepalign0.1_iread0.1_bs_64_lr_1e-04_fp32/run_2_unfinished/checkpoint-534500,1,2,-1.0,1.0,4923.19580078125,2175.266357421875,0.14536456763744354,0.14281368255615234,12
plateau-init,/cephfs/home/mkairov/gradim/energy_shaping/runs/mix-N8-K2V2-V62_1M/energygradmem_llama_L4H4D256_mem8_K2_ilr0.4_energy_grad_second_stepalign0.1_iread0.1_bs_64_lr_1e-04_fp32/run_2_unfinished/checkpoint-534500,1,2,-0.5,1.0,3844.121826171875,1096.1927490234375,0.023012002930045128,0.02046111784875393,12
plateau-init,/cephfs/home/mkairov/gradim/energy_shaping/runs/mix-N8-K2V2-V62_1M/energygradmem_llama_L4H4D256_mem8_K2_ilr0.4_energy_grad_second_stepalign0.1_iread0.1_bs_64_lr_1e-04_fp32/run_2_unfinished/checkpoint-534500,1,2,0.0,1.0,2765.66015625,17.730783462524414,0.0066949655301868916,0.0041440813802182674,12
plateau-init,/cephfs/home/mkairov/gradim/energy_shaping/runs/mix-N8-K2V2-V62_1M/energygradmem_llama_L4H4D256_mem8_K2_ilr0.4_energy_grad_second_stepalign0.1_iread0.1_bs_64_lr_1e-04_fp32/run_2_unfinished/checkpoint-534500,1,2,0.5,1.0,1974.4217529296875,-773.50732421875,5.267605229164474e-05,-0.0024982078466564417,12
plateau-init,/cephfs/home/mkairov/gradim/energy_shaping/runs/mix-N8-K2V2-V62_1M/energygradmem_llama_L4H4D256_mem8_K2_ilr0.4_energy_grad_second_stepalign0.1_iread0.1_bs_64_lr_1e-04_fp32/run_2_unfinished/checkpoint-534500,1,2,1.0,1.0,1554.5601806640625,-1193.3687744140625,3.543927732607699e-06,-0.0025473402347415686,12
plateau-init,/cephfs/home/mkairov/gradim/energy_shaping/runs/mix-N8-K2V2-V62_1M/energygradmem_llama_L4H4D256_mem8_K2_ilr0.4_energy_grad_second_stepalign0.1_iread0.1_bs_64_lr_1e-04_fp32/run_2_unfinished/checkpoint-534500,1,2,1.5,1.0,1387.1181640625,-1360.8109130859375,1.3708962569580763e-06,-0.00254951324313879,12
plateau-init,/cephfs/home/mkairov/gradim/energy_shaping/runs/mix-N8-K2V2-V62_1M/energygradmem_llama_L4H4D256_mem8_K2_ilr0.4_energy_grad_second_stepalign0.1_iread0.1_bs_64_lr_1e-04_fp32/run_2_unfinished/checkpoint-534500,1,2,2.0,1.0,1376.11572265625,-1371.8134765625,1.4354640143210418e-06,-0.002549448749050498,12
plateau-init,/cephfs/home/mkairov/gradim/energy_shaping/runs/mix-N8-K2V2-V62_1M/energygradmem_llama_L4H4D256_mem8_K2_ilr0.4_energy_grad_second_stepalign0.1_iread0.1_bs_64_lr_1e-04_fp32/run_2_unfinished/checkpoint-534500,1,2,2.5,1.0,1503.51123046875,-1244.417724609375,1.1958731192862615e-05,-0.0025389257352799177,12
plateau-init,/cephfs/home/mkairov/gradim/energy_shaping/runs/mix-N8-K2V2-V62_1M/energygradmem_llama_L4H4D256_mem8_K2_ilr0.4_energy_grad_second_stepalign0.1_iread0.1_bs_64_lr_1e-04_fp32/run_2_unfinished/checkpoint-534500,1,2,3.0,1.0,1766.2069091796875,-981.721923828125,0.00031955019221641123,-0.002231334103271365,12
plateau-init,/cephfs/home/mkairov/gradim/energy_shaping/runs/mix-N8-K2V2-V62_1M/energygradmem_llama_L4H4D256_mem8_K2_ilr0.4_energy_grad_second_stepalign0.1_iread0.1_bs_64_lr_1e-04_fp32/run_2_unfinished/checkpoint-534500,1,2,-3.0,1.5,7699.73681640625,4951.80712890625,0.9615363478660583,0.9589853286743164,12
plateau-init,/cephfs/home/mkairov/gradim/energy_shaping/runs/mix-N8-K2V2-V62_1M/energygradmem_llama_L4H4D256_mem8_K2_ilr0.4_energy_grad_second_stepalign0.1_iread0.1_bs_64_lr_1e-04_fp32/run_2_unfinished/checkpoint-534500,1,2,-2.5,1.5,7228.35595703125,4480.42724609375,0.7868824601173401,0.7843315601348877,12
plateau-init,/cephfs/home/mkairov/gradim/energy_shaping/runs/mix-N8-K2V2-V62_1M/energygradmem_llama_L4H4D256_mem8_K2_ilr0.4_energy_grad_second_stepalign0.1_iread0.1_bs_64_lr_1e-04_fp32/run_2_unfinished/checkpoint-534500,1,2,-2.0,1.5,6635.82177734375,3887.892578125,0.5630267262458801,0.5604758858680725,12
plateau-init,/cephfs/home/mkairov/gradim/energy_shaping/runs/mix-N8-K2V2-V62_1M/energygradmem_llama_L4H4D256_mem8_K2_ilr0.4_energy_grad_second_stepalign0.1_iread0.1_bs_64_lr_1e-04_fp32/run_2_unfinished/checkpoint-534500,1,2,-1.5,1.5,5879.18310546875,3131.25390625,0.40558579564094543,0.4030349552631378,12
plateau-init,/cephfs/home/mkairov/gradim/energy_shaping/runs/mix-N8-K2V2-V62_1M/energygradmem_llama_L4H4D256_mem8_K2_ilr0.4_energy_grad_second_stepalign0.1_iread0.1_bs_64_lr_1e-04_fp32/run_2_unfinished/checkpoint-534500,1,2,-1.0,1.5,4936.27880859375,2188.349365234375,0.15633340179920197,0.15378251671791077,12
plateau-init,/cephfs/home/mkairov/gradim/energy_shaping/runs/mix-N8-K2V2-V62_1M/energygradmem_llama_L4H4D256_mem8_K2_ilr0.4_energy_grad_second_stepalign0.1_iread0.1_bs_64_lr_1e-04_fp32/run_2_unfinished/checkpoint-534500,1,2,-0.5,1.5,3860.261962890625,1112.3328857421875,0.03292880579829216,0.030377918854355812,12
plateau-init,/cephfs/home/mkairov/gradim/energy_shaping/runs/mix-N8-K2V2-V62_1M/energygradmem_llama_L4H4D256_mem8_K2_ilr0.4_energy_grad_second_stepalign0.1_iread0.1_bs_64_lr_1e-04_fp32/run_2_unfinished/checkpoint-534500,1,2,0.0,1.5,2789.071044921875,41.14191818237305,0.013853557407855988,0.011302675120532513,12
plateau-init,/cephfs/home/mkairov/gradim/energy_shaping/runs/mix-N8-K2V2-V62_1M/energygradmem_llama_L4H4D256_mem8_K2_ilr0.4_energy_grad_second_stepalign0.1_iread0.1_bs_64_lr_1e-04_fp32/run_2_unfinished/checkpoint-534500,1,2,0.5,1.5,2000.1986083984375,-747.7307739257812,0.00012526128557510674,-0.002425622893497348,12
plateau-init,/cephfs/home/mkairov/gradim/energy_shaping/runs/mix-N8-K2V2-V62_1M/energygradmem_llama_L4H4D256_mem8_K2_ilr0.4_energy_grad_second_stepalign0.1_iread0.1_bs_64_lr_1e-04_fp32/run_2_unfinished/checkpoint-534500,1,2,1.0,1.5,1577.8037109375,-1170.12548828125,3.3179301226482494e-06,-0.002547566080465913,12
plateau-init,/cephfs/home/mkairov/gradim/energy_shaping/runs/mix-N8-K2V2-V62_1M/energygradmem_llama_L4H4D256_mem8_K2_ilr0.4_energy_grad_second_stepalign0.1_iread0.1_bs_64_lr_1e-04_fp32/run_2_unfinished/checkpoint-534500,1,2,1.5,1.5,1408.2373046875,-1339.6917724609375,1.5646024849047535e-06,-0.00254931952804327,12
plateau-init,/cephfs/home/mkairov/gradim/energy_shaping/runs/mix-N8-K2V2-V62_1M/energygradmem_llama_L4H4D256_mem8_K2_ilr0.4_energy_grad_second_stepalign0.1_iread0.1_bs_64_lr_1e-04_fp32/run_2_unfinished/checkpoint-534500,1,2,2.0,1.5,1395.71875,-1352.21044921875,1.8079795154335443e-06,-0.002549076220020652,12
plateau-init,/cephfs/home/mkairov/gradim/energy_shaping/runs/mix-N8-K2V2-V62_1M/energygradmem_llama_L4H4D256_mem8_K2_ilr0.4_energy_grad_second_stepalign0.1_iread0.1_bs_64_lr_1e-04_fp32/run_2_unfinished/checkpoint-534500,1,2,2.5,1.5,1523.4368896484375,-1224.4923095703125,1.1976430869253818e-05,-0.002538908040151,12
plateau-init,/cephfs/home/mkairov/gradim/energy_shaping/runs/mix-N8-K2V2-V62_1M/energygradmem_llama_L4H4D256_mem8_K2_ilr0.4_energy_grad_second_stepalign0.1_iread0.1_bs_64_lr_1e-04_fp32/run_2_unfinished/checkpoint-534500,1,2,3.0,1.5,1786.1494140625,-961.77978515625,0.0003455380501691252,-0.0022053460124880075,12
plateau-init,/cephfs/home/mkairov/gradim/energy_shaping/runs/mix-N8-K2V2-V62_1M/energygradmem_llama_L4H4D256_mem8_K2_ilr0.4_energy_grad_second_stepalign0.1_iread0.1_bs_64_lr_1e-04_fp32/run_2_unfinished/checkpoint-534500,1,2,-3.0,2.0,7687.89794921875,4939.96923828125,0.9538114070892334,0.9512605667114258,12
plateau-init,/cephfs/home/mkairov/gradim/energy_shaping/runs/mix-N8-K2V2-V62_1M/energygradmem_llama_L4H4D256_mem8_K2_ilr0.4_energy_grad_second_stepalign0.1_iread0.1_bs_64_lr_1e-04_fp32/run_2_unfinished/checkpoint-534500,1,2,-2.5,2.0,7223.560546875,4475.63134765625,0.7905612587928772,0.7880103588104248,12
plateau-init,/cephfs/home/mkairov/gradim/energy_shaping/runs/mix-N8-K2V2-V62_1M/energygradmem_llama_L4H4D256_mem8_K2_ilr0.4_energy_grad_second_stepalign0.1_iread0.1_bs_64_lr_1e-04_fp32/run_2_unfinished/checkpoint-534500,1,2,-2.0,2.0,6639.68212890625,3891.753173828125,0.5614091753959656,0.5588582158088684,12
plateau-init,/cephfs/home/mkairov/gradim/energy_shaping/runs/mix-N8-K2V2-V62_1M/energygradmem_llama_L4H4D256_mem8_K2_ilr0.4_energy_grad_second_stepalign0.1_iread0.1_bs_64_lr_1e-04_fp32/run_2_unfinished/checkpoint-534500,1,2,-1.5,2.0,5891.6171875,3143.688232421875,0.4181831181049347,0.4156322777271271,12
plateau-init,/cephfs/home/mkairov/gradim/energy_shaping/runs/mix-N8-K2V2-V62_1M/energygradmem_llama_L4H4D256_mem8_K2_ilr0.4_energy_grad_second_stepalign0.1_iread0.1_bs_64_lr_1e-04_fp32/run_2_unfinished/checkpoint-534500,1,2,-1.0,2.0,4955.3662109375,2207.437255859375,0.17033785581588745,0.16778697073459625,12
plateau-init,/cephfs/home/mkairov/gradim/energy_shaping/runs/mix-N8-K2V2-V62_1M/energygradmem_llama_L4H4D256_mem8_K2_ilr0.4_energy_grad_second_stepalign0.1_iread0.1_bs_64_lr_1e-04_fp32/run_2_unfinished/checkpoint-534500,1,2,-0.5,2.0,3884.501953125,1136.5732421875,0.04507908225059509,0.042528197169303894,12
plateau-init,/cephfs/home/mkairov/gradim/energy_shaping/runs/mix-N8-K2V2-V62_1M/energygradmem_llama_L4H4D256_mem8_K2_ilr0.4_energy_grad_second_stepalign0.1_iread0.1_bs_64_lr_1e-04_fp32/run_2_unfinished/checkpoint-534500,1,2,0.0,2.0,2823.929443359375,76.00043487548828,0.024472445249557495,0.021921560168266296,12
plateau-init,/cephfs/home/mkairov/gradim/energy_shaping/runs/mix-N8-K2V2-V62_1M/energygradmem_llama_L4H4D256_mem8_K2_ilr0.4_energy_grad_second_stepalign0.1_iread0.1_bs_64_lr_1e-04_fp32/run_2_unfinished/checkpoint-534500,1,2,0.5,2.0,2038.4571533203125,-709.4718627929688,0.00041121485992334783,-0.002139669144526124,12
plateau-init,/cephfs/home/mkairov/gradim/energy_shaping/runs/mix-N8-K2V2-V62_1M/energygradmem_llama_L4H4D256_mem8_K2_ilr0.4_energy_grad_second_stepalign0.1_iread0.1_bs_64_lr_1e-04_fp32/run_2_unfinished/checkpoint-534500,1,2,1.0,2.0,1611.9637451171875,-1135.9652099609375,4.524840278463671e-06,-0.002546359086409211,12
plateau-init,/cephfs/home/mkairov/gradim/energy_shaping/runs/mix-N8-K2V2-V62_1M/energygradmem_llama_L4H4D256_mem8_K2_ilr0.4_energy_grad_second_stepalign0.1_iread0.1_bs_64_lr_1e-04_fp32/run_2_unfinished/checkpoint-534500,1,2,1.5,2.0,1439.4561767578125,-1308.47265625,2.279824684592313e-06,-0.0025486042723059654,12
plateau-init,/cephfs/home/mkairov/gradim/energy_shaping/runs/mix-N8-K2V2-V62_1M/energygradmem_llama_L4H4D256_mem8_K2_ilr0.4_energy_grad_second_stepalign0.1_iread0.1_bs_64_lr_1e-04_fp32/run_2_unfinished/checkpoint-534500,1,2,2.0,2.0,1425.14013671875,-1322.7890625,2.607638634799514e-06,-0.0025482764467597008,12
plateau-init,/cephfs/home/mkairov/gradim/energy_shaping/runs/mix-N8-K2V2-V62_1M/energygradmem_llama_L4H4D256_mem8_K2_ilr0.4_energy_grad_second_stepalign0.1_iread0.1_bs_64_lr_1e-04_fp32/run_2_unfinished/checkpoint-534500,1,2,2.5,2.0,1554.8560791015625,-1193.0728759765625,1.3928468433732633e-05,-0.002536955988034606,12
plateau-init,/cephfs/home/mkairov/gradim/energy_shaping/runs/mix-N8-K2V2-V62_1M/energygradmem_llama_L4H4D256_mem8_K2_ilr0.4_energy_grad_second_stepalign0.1_iread0.1_bs_64_lr_1e-04_fp32/run_2_unfinished/checkpoint-534500,1,2,3.0,2.0,1819.615234375,-928.31396484375,0.0004637000383809209,-0.0020871839951723814,12
plateau-init,/cephfs/home/mkairov/gradim/energy_shaping/runs/mix-N8-K2V2-V62_1M/energygradmem_llama_L4H4D256_mem8_K2_ilr0.4_energy_grad_second_stepalign0.1_iread0.1_bs_64_lr_1e-04_fp32/run_2_unfinished/checkpoint-534500,1,2,-3.0,2.5,7674.01318359375,4926.08447265625,0.9502742290496826,0.947723388671875,12
plateau-init,/cephfs/home/mkairov/gradim/energy_shaping/runs/mix-N8-K2V2-V62_1M/energygradmem_llama_L4H4D256_mem8_K2_ilr0.4_energy_grad_second_stepalign0.1_iread0.1_bs_64_lr_1e-04_fp32/run_2_unfinished/checkpoint-534500,1,2,-2.5,2.5,7217.41650390625,4469.48828125,0.7958569526672363,0.7933061122894287,12
plateau-init,/cephfs/home/mkairov/gradim/energy_shaping/runs/mix-N8-K2V2-V62_1M/energygradmem_llama_L4H4D256_mem8_K2_ilr0.4_energy_grad_second_stepalign0.1_iread0.1_bs_64_lr_1e-04_fp32/run_2_unfinished/checkpoint-534500,1,2,-2.0,2.5,6644.52392578125,3896.594970703125,0.5681940913200378,0.5656432509422302,12
plateau-init,/cephfs/home/mkairov/gradim/energy_shaping/runs/mix-N8-K2V2-V62_1M/energygradmem_llama_L4H4D256_mem8_K2_ilr0.4_energy_grad_second_stepalign0.1_iread0.1_bs_64_lr_1e-04_fp32/run_2_unfinished/checkpoint-534500,1,2,-1.5,2.5,5908.30517578125,3160.3759765625,0.4501973092556,0.4476463496685028,12
plateau-init,/cephfs/home/mkairov/gradim/energy_shaping/runs/mix-N8-K2V2-V62_1M/energygradmem_llama_L4H4D256_mem8_K2_ilr0.4_energy_grad_second_stepalign0.1_iread0.1_bs_64_lr_1e-04_fp32/run_2_unfinished/checkpoint-534500,1,2,-1.0,2.5,4983.19580078125,2235.266845703125,0.19102013111114502,0.1884692758321762,12
plateau-init,/cephfs/home/mkairov/gradim/energy_shaping/runs/mix-N8-K2V2-V62_1M/energygradmem_llama_L4H4D256_mem8_K2_ilr0.4_energy_grad_second_stepalign0.1_iread0.1_bs_64_lr_1e-04_fp32/run_2_unfinished/checkpoint-534500,1,2,-0.5,2.5,3920.077392578125,1172.1484375,0.055872488766908646,0.05332160368561745,12
plateau-init,/cephfs/home/mkairov/gradim/energy_shaping/runs/mix-N8-K2V2-V62_1M/energygradmem_llama_L4H4D256_mem8_K2_ilr0.4_energy_grad_second_stepalign0.1_iread0.1_bs_64_lr_1e-04_fp32/run_2_unfinished/checkpoint-534500,1,2,0.0,2.5,2872.4052734375,124.47608184814453,0.03678470849990845,0.03423382714390755,12
plateau-init,/cephfs/home/mkairov/gradim/energy_shaping/runs/mix-N8-K2V2-V62_1M/energygradmem_llama_L4H4D256_mem8_K2_ilr0.4_energy_grad_second_stepalign0.1_iread0.1_bs_64_lr_1e-04_fp32/run_2_unfinished/checkpoint-534500,1,2,0.5,2.5,2090.732666015625,-657.1964721679688,0.0014098485698923469,-0.0011410353472456336,12
plateau-init,/cephfs/home/mkairov/gradim/energy_shaping/runs/mix-N8-K2V2-V62_1M/energygradmem_llama_L4H4D256_mem8_K2_ilr0.4_energy_grad_second_stepalign0.1_iread0.1_bs_64_lr_1e-04_fp32/run_2_unfinished/checkpoint-534500,1,2,1.0,2.5,1658.54638671875,-1089.3829345703125,8.406173037656117e-06,-0.002542478032410145,12
plateau-init,/cephfs/home/mkairov/gradim/energy_shaping/runs/mix-N8-K2V2-V62_1M/energygradmem_llama_L4H4D256_mem8_K2_ilr0.4_energy_grad_second_stepalign0.1_iread0.1_bs_64_lr_1e-04_fp32/run_2_unfinished/checkpoint-534500,1,2,1.5,2.5,1481.8402099609375,-1266.0889892578125,3.7251254525472177e-06,-0.002547158859670162,12
plateau-init,/cephfs/home/mkairov/gradim/energy_shaping/runs/mix-N8-K2V2-V62_1M/energygradmem_llama_L4H4D256_mem8_K2_ilr0.4_energy_grad_second_stepalign0.1_iread0.1_bs_64_lr_1e-04_fp32/run_2_unfinished/checkpoint-534500,1,2,2.0,2.5,1465.44921875,-1282.4801025390625,4.057915248267818e-06,-0.002546826144680381,12
plateau-init,/cephfs/home/mkairov/gradim/energy_shaping/runs/mix-N8-K2V2-V62_1M/energygradmem_llama_L4H4D256_mem8_K2_ilr0.4_energy_grad_second_stepalign0.1_iread0.1_bs_64_lr_1e-04_fp32/run_2_unfinished/checkpoint-534500,1,2,2.5,2.5,1599.6458740234375,-1148.283203125,2.1888648916501552e-05,-0.00252899550832808,12
plateau-init,/cephfs/home/mkairov/gradim/energy_shaping/runs/mix-N8-K2V2-V62_1M/energygradmem_llama_L4H4D256_mem8_K2_ilr0.4_energy_grad_second_stepalign0.1_iread0.1_bs_64_lr_1e-04_fp32/run_2_unfinished/checkpoint-534500,1,2,3.0,2.5,1869.86181640625,-878.0673828125,0.0008421975653618574,-0.001708686351776123,12
plateau-init,/cephfs/home/mkairov/gradim/energy_shaping/runs/mix-N8-K2V2-V62_1M/energygradmem_llama_L4H4D256_mem8_K2_ilr0.4_energy_grad_second_stepalign0.1_iread0.1_bs_64_lr_1e-04_fp32/run_2_unfinished/checkpoint-534500,1,2,-3.0,3.0,7660.60986328125,4912.68115234375,0.9525184035301208,0.9499674439430237,12
plateau-init,/cephfs/home/mkairov/gradim/energy_shaping/runs/mix-N8-K2V2-V62_1M/energygradmem_llama_L4H4D256_mem8_K2_ilr0.4_energy_grad_second_stepalign0.1_iread0.1_bs_64_lr_1e-04_fp32/run_2_unfinished/checkpoint-534500,1,2,-2.5,3.0,7212.26171875,4464.33154296875,0.8027516007423401,0.8002007603645325,12
plateau-init,/cephfs/home/mkairov/gradim/energy_shaping/runs/mix-N8-K2V2-V62_1M/energygradmem_llama_L4H4D256_mem8_K2_ilr0.4_energy_grad_second_stepalign0.1_iread0.1_bs_64_lr_1e-04_fp32/run_2_unfinished/checkpoint-534500,1,2,-2.0,3.0,6650.74853515625,3902.819091796875,0.5815921425819397,0.5790412425994873,12
plateau-init,/cephfs/home/mkairov/gradim/energy_shaping/runs/mix-N8-K2V2-V62_1M/energygradmem_llama_L4H4D256_mem8_K2_ilr0.4_energy_grad_second_stepalign0.1_iread0.1_bs_64_lr_1e-04_fp32/run_2_unfinished/checkpoint-534500,1,2,-1.5,3.0,5926.8046875,3178.875732421875,0.48590901494026184,0.48335814476013184,12
plateau-init,/cephfs/home/mkairov/gradim/energy_shaping/runs/mix-N8-K2V2-V62_1M/energygradmem_llama_L4H4D256_mem8_K2_ilr0.4_energy_grad_second_stepalign0.1_iread0.1_bs_64_lr_1e-04_fp32/run_2_unfinished/checkpoint-534500,1,2,-1.0,3.0,5017.30126953125,2269.372314453125,0.22137410938739777,0.21882325410842896,12
plateau-init,/cephfs/home/mkairov/gradim/energy_shaping/runs/mix-N8-K2V2-V62_1M/energygradmem_llama_L4H4D256_mem8_K2_ilr0.4_energy_grad_second_stepalign0.1_iread0.1_bs_64_lr_1e-04_fp32/run_2_unfinished/checkpoint-534500,1,2,-0.5,3.0,3966.292236328125,1218.363037109375,0.061999041587114334,0.059448156505823135,12
plateau-init,/cephfs/home/mkairov/gradim/energy_shaping/runs/mix-N8-K2V2-V62_1M/energygradmem_llama_L4H4D256_mem8_K2_ilr0.4_energy_grad_second_stepalign0.1_iread0.1_bs_64_lr_1e-04_fp32/run_2_unfinished/checkpoint-534500,1,2,0.0,3.0,2935.720947265625,187.7921142578125,0.049728911370038986,0.04717802628874779,12
plateau-init,/cephfs/home/mkairov/gradim/energy_shaping/runs/mix-N8-K2V2-V62_1M/energygradmem_llama_L4H4D256_mem8_K2_ilr0.4_energy_grad_second_stepalign0.1_iread0.1_bs_64_lr_1e-04_fp32/run_2_unfinished/checkpoint-534500,1,2,0.5,3.0,2158.927978515625,-589.0009765625,0.004460155963897705,0.001909271813929081,12
plateau-init,/cephfs/home/mkairov/gradim/energy_shaping/runs/mix-N8-K2V2-V62_1M/energygradmem_llama_L4H4D256_mem8_K2_ilr0.4_energy_grad_second_stepalign0.1_iread0.1_bs_64_lr_1e-04_fp32/run_2_unfinished/checkpoint-534500,1,2,1.0,3.0,1719.2413330078125,-1028.6878662109375,2.079022851830814e-05,-0.002530094003304839,12
plateau-init,/cephfs/home/mkairov/gradim/energy_shaping/runs/mix-N8-K2V2-V62_1M/energygradmem_llama_L4H4D256_mem8_K2_ilr0.4_energy_grad_second_stepalign0.1_iread0.1_bs_64_lr_1e-04_fp32/run_2_unfinished/checkpoint-534500,1,2,1.5,3.0,1536.5936279296875,-1211.3355712890625,6.578302418347448e-06,-0.0025443059857934713,12
plateau-init,/cephfs/home/mkairov/gradim/energy_shaping/runs/mix-N8-K2V2-V62_1M/energygradmem_llama_L4H4D256_mem8_K2_ilr0.4_energy_grad_second_stepalign0.1_iread0.1_bs_64_lr_1e-04_fp32/run_2_unfinished/checkpoint-534500,1,2,2.0,3.0,1518.0240478515625,-1229.9049072265625,6.722425041516544e-06,-0.002544161630794406,12
plateau-init,/cephfs/home/mkairov/gradim/energy_shaping/runs/mix-N8-K2V2-V62_1M/energygradmem_llama_L4H4D256_mem8_K2_ilr0.4_energy_grad_second_stepalign0.1_iread0.1_bs_64_lr_1e-04_fp32/run_2_unfinished/checkpoint-534500,1,2,2.5,3.0,1659.8214111328125,-1088.1075439453125,5.84133667871356e-05,-0.0024924706667661667,12
plateau-init,/cephfs/home/mkairov/gradim/energy_shaping/runs/mix-N8-K2V2-V62_1M/energygradmem_llama_L4H4D256_mem8_K2_ilr0.4_energy_grad_second_stepalign0.1_iread0.1_bs_64_lr_1e-04_fp32/run_2_unfinished/checkpoint-534500,1,2,3.0,3.0,1938.1783447265625,-809.7507934570312,0.002087195636704564,-0.0004636883095372468,12
plateau-init,/cephfs/home/mkairov/gradim/energy_shaping/runs/mix-N8-K2V2-V62_1M/energygradmem_llama_L4H4D256_mem8_K2_ilr0.4_energy_grad_second_stepalign0.1_iread0.1_bs_64_lr_1e-04_fp32/run_2_unfinished/checkpoint-534500,2,4,-3.0,-3.0,4382.86474609375,2846.3232421875,0.1126885935664177,0.11267539113759995,12
plateau-init,/cephfs/home/mkairov/gradim/energy_shaping/runs/mix-N8-K2V2-V62_1M/energygradmem_llama_L4H4D256_mem8_K2_ilr0.4_energy_grad_second_stepalign0.1_iread0.1_bs_64_lr_1e-04_fp32/run_2_unfinished/checkpoint-534500,2,4,-2.5,-3.0,3820.5947265625,2284.05322265625,0.035457391291856766,0.03544417396187782,12
plateau-init,/cephfs/home/mkairov/gradim/energy_shaping/runs/mix-N8-K2V2-V62_1M/energygradmem_llama_L4H4D256_mem8_K2_ilr0.4_energy_grad_second_stepalign0.1_iread0.1_bs_64_lr_1e-04_fp32/run_2_unfinished/checkpoint-534500,2,4,-2.0,-3.0,3287.8349609375,1751.29345703125,0.008091393858194351,0.008078179322183132,12
plateau-init,/cephfs/home/mkairov/gradim/energy_shaping/runs/mix-N8-K2V2-V62_1M/energygradmem_llama_L4H4D256_mem8_K2_ilr0.4_energy_grad_second_stepalign0.1_iread0.1_bs_64_lr_1e-04_fp32/run_2_unfinished/checkpoint-534500,2,4,-1.5,-3.0,2796.2041015625,1259.6624755859375,0.001755841658450663,0.0017426270060241222,12
plateau-init,/cephfs/home/mkairov/gradim/energy_shaping/runs/mix-N8-K2V2-V62_1M/energygradmem_llama_L4H4D256_mem8_K2_ilr0.4_energy_grad_second_stepalign0.1_iread0.1_bs_64_lr_1e-04_fp32/run_2_unfinished/checkpoint-534500,2,4,-1.0,-3.0,2350.420654296875,813.8793334960938,0.0004479890048969537,0.00043477429426275194,12
plateau-init,/cephfs/home/mkairov/gradim/energy_shaping/runs/mix-N8-K2V2-V62_1M/energygradmem_llama_L4H4D256_mem8_K2_ilr0.4_energy_grad_second_stepalign0.1_iread0.1_bs_64_lr_1e-04_fp32/run_2_unfinished/checkpoint-534500,2,4,-0.5,-3.0,1955.4437255859375,418.90234375,0.00019631412578746676,0.000183099415153265,12
plateau-init,/cephfs/home/mkairov/gradim/energy_shaping/runs/mix-N8-K2V2-V62_1M/energygradmem_llama_L4H4D256_mem8_K2_ilr0.4_energy_grad_second_stepalign0.1_iread0.1_bs_64_lr_1e-04_fp32/run_2_unfinished/checkpoint-534500,2,4,0.0,-3.0,1618.68994140625,82.14847564697266,0.00010149322770303115,8.827848796499893e-05,12
plateau-init,/cephfs/home/mkairov/gradim/energy_shaping/runs/mix-N8-K2V2-V62_1M/energygradmem_llama_L4H4D256_mem8_K2_ilr0.4_energy_grad_second_stepalign0.1_iread0.1_bs_64_lr_1e-04_fp32/run_2_unfinished/checkpoint-534500,2,4,0.5,-3.0,1342.447265625,-194.0941925048828,8.08860277174972e-05,6.767131708329543e-05,12
plateau-init,/cephfs/home/mkairov/gradim/energy_shaping/runs/mix-N8-K2V2-V62_1M/energygradmem_llama_L4H4D256_mem8_K2_ilr0.4_energy_grad_second_stepalign0.1_iread0.1_bs_64_lr_1e-04_fp32/run_2_unfinished/checkpoint-534500,2,4,1.0,-3.0,1129.2081298828125,-407.3333740234375,0.0001508660934632644,0.00013765138282906264,12
plateau-init,/cephfs/home/mkairov/gradim/energy_shaping/runs/mix-N8-K2V2-V62_1M/energygradmem_llama_L4H4D256_mem8_K2_ilr0.4_energy_grad_second_stepalign0.1_iread0.1_bs_64_lr_1e-04_fp32/run_2_unfinished/checkpoint-534500,2,4,1.5,-3.0,979.8097534179688,-556.731689453125,0.0004156942304689437,0.0004024795489385724,12
plateau-init,/cephfs/home/mkairov/gradim/energy_shaping/runs/mix-N8-K2V2-V62_1M/energygradmem_llama_L4H4D256_mem8_K2_ilr0.4_energy_grad_second_stepalign0.1_iread0.1_bs_64_lr_1e-04_fp32/run_2_unfinished/checkpoint-534500,2,4,2.0,-3.0,885.30029296875,-651.2410888671875,0.001503807958215475,0.0014905930729582906,12
plateau-init,/cephfs/home/mkairov/gradim/energy_shaping/runs/mix-N8-K2V2-V62_1M/energygradmem_llama_L4H4D256_mem8_K2_ilr0.4_energy_grad_second_stepalign0.1_iread0.1_bs_64_lr_1e-04_fp32/run_2_unfinished/checkpoint-534500,2,4,2.5,-3.0,835.223876953125,-701.317626953125,0.022445008158683777,0.022431792691349983,12
plateau-init,/cephfs/home/mkairov/gradim/energy_shaping/runs/mix-N8-K2V2-V62_1M/energygradmem_llama_L4H4D256_mem8_K2_ilr0.4_energy_grad_second_stepalign0.1_iread0.1_bs_64_lr_1e-04_fp32/run_2_unfinished/checkpoint-534500,2,4,3.0,-3.0,825.0595092773438,-711.48193359375,0.30369243025779724,0.3036792278289795,12
plateau-init,/cephfs/home/mkairov/gradim/energy_shaping/runs/mix-N8-K2V2-V62_1M/energygradmem_llama_L4H4D256_mem8_K2_ilr0.4_energy_grad_second_stepalign0.1_iread0.1_bs_64_lr_1e-04_fp32/run_2_unfinished/checkpoint-534500,2,4,-3.0,-2.5,4366.84423828125,2830.302978515625,0.09689079970121384,0.0968775823712349,12
plateau-init,/cephfs/home/mkairov/gradim/energy_shaping/runs/mix-N8-K2V2-V62_1M/energygradmem_llama_L4H4D256_mem8_K2_ilr0.4_energy_grad_second_stepalign0.1_iread0.1_bs_64_lr_1e-04_fp32/run_2_unfinished/checkpoint-534500,2,4,-2.5,-2.5,3801.177001953125,2264.635986328125,0.0263000950217247,0.026286879554390907,12
plateau-init,/cephfs/home/mkairov/gradim/energy_shaping/runs/mix-N8-K2V2-V62_1M/energygradmem_llama_L4H4D256_mem8_K2_ilr0.4_energy_grad_second_stepalign0.1_iread0.1_bs_64_lr_1e-04_fp32/run_2_unfinished/checkpoint-534500,2,4,-2.0,-2.5,3265.830322265625,1729.2890625,0.005724882706999779,0.005711667705327272,12
plateau-init,/cephfs/home/mkairov/gradim/energy_shaping/runs/mix-N8-K2V2-V62_1M/energygradmem_llama_L4H4D256_mem8_K2_ilr0.4_energy_grad_second_stepalign0.1_iread0.1_bs_64_lr_1e-04_fp32/run_2_unfinished/checkpoint-534500,2,4,-1.5,-2.5,2772.378662109375,1235.837158203125,0.0010264040902256966,0.0010131894377991557,12
plateau-init,/cephfs/home/mkairov/gradim/energy_shaping/runs/mix-N8-K2V2-V62_1M/energygradmem_llama_L4H4D256_mem8_K2_ilr0.4_energy_grad_second_stepalign0.1_iread0.1_bs_64_lr_1e-04_fp32/run_2_unfinished/checkpoint-534500,2,4,-1.0,-2.5,2325.411376953125,788.8699340820312,0.00021607137750834227,0.0002028566668741405,12
plateau-init,/cephfs/home/mkairov/gradim/energy_shaping/runs/mix-N8-K2V2-V62_1M/energygradmem_llama_L4H4D256_mem8_K2_ilr0.4_energy_grad_second_stepalign0.1_iread0.1_bs_64_lr_1e-04_fp32/run_2_unfinished/checkpoint-534500,2,4,-0.5,-2.5,1929.5150146484375,392.9732971191406,8.94423938007094e-05,7.622768316650763e-05,12
plateau-init,/cephfs/home/mkairov/gradim/energy_shaping/runs/mix-N8-K2V2-V62_1M/energygradmem_llama_L4H4D256_mem8_K2_ilr0.4_energy_grad_second_stepalign0.1_iread0.1_bs_64_lr_1e-04_fp32/run_2_unfinished/checkpoint-534500,2,4,0.0,-2.5,1591.98828125,55.44697952270508,5.205042543821037e-05,3.8835711166029796e-05,12
plateau-init,/cephfs/home/mkairov/gradim/energy_shaping/runs/mix-N8-K2V2-V62_1M/energygradmem_llama_L4H4D256_mem8_K2_ilr0.4_energy_grad_second_stepalign0.1_iread0.1_bs_64_lr_1e-04_fp32/run_2_unfinished/checkpoint-534500,2,4,0.5,-2.5,1315.0120849609375,-221.5293426513672,6.442509038606659e-05,5.12103688379284e-05,12
plateau-init,/cephfs/home/mkairov/gradim/energy_shaping/runs/mix-N8-K2V2-V62_1M/energygradmem_llama_L4H4D256_mem8_K2_ilr0.4_energy_grad_second_stepalign0.1_iread0.1_bs_64_lr_1e-04_fp32/run_2_unfinished/checkpoint-534500,2,4,1.0,-2.5,1102.2861328125,-434.255126953125,0.00016025496006477624,0.00014704024943057448,12
plateau-init,/cephfs/home/mkairov/gradim/energy_shaping/runs/mix-N8-K2V2-V62_1M/energygradmem_llama_L4H4D256_mem8_K2_ilr0.4_energy_grad_second_stepalign0.1_iread0.1_bs_64_lr_1e-04_fp32/run_2_unfinished/checkpoint-534500,2,4,1.5,-2.5,953.956787109375,-582.5846557617188,0.0004701441794168204,0.00045692946878261864,12
plateau-init,/cephfs/home/mkairov/gradim/energy_shaping/runs/mix-N8-K2V2-V62_1M/energygradmem_llama_L4H4D256_mem8_K2_ilr0.4_energy_grad_second_stepalign0.1_iread0.1_bs_64_lr_1e-04_fp32/run_2_unfinished/checkpoint-534500,2,4,2.0,-2.5,859.9646606445312,-676.5767211914062,0.0016470133559778333,0.0016337985871359706,12
plateau-init,/cephfs/home/mkairov/gradim/energy_shaping/runs/mix-N8-K2V2-V62_1M/energygradmem_llama_L4H4D256_mem8_K2_ilr0.4_energy_grad_second_stepalign0.1_iread0.1_bs_64_lr_1e-04_fp32/run_2_unfinished/checkpoint-534500,2,4,2.5,-2.5,809.8085327148438,-726.7329711914062,0.02329432964324951,0.023281114175915718,12
plateau-init,/cephfs/home/mkairov/gradim/energy_shaping/runs/mix-N8-K2V2-V62_1M/energygradmem_llama_L4H4D256_mem8_K2_ilr0.4_energy_grad_second_stepalign0.1_iread0.1_bs_64_lr_1e-04_fp32/run_2_unfinished/checkpoint-534500,2,4,3.0,-2.5,798.76708984375,-737.7743530273438,0.3007955551147461,0.30078232288360596,12
plateau-init,/cephfs/home/mkairov/gradim/energy_shaping/runs/mix-N8-K2V2-V62_1M/energygradmem_llama_L4H4D256_mem8_K2_ilr0.4_energy_grad_second_stepalign0.1_iread0.1_bs_64_lr_1e-04_fp32/run_2_unfinished/checkpoint-534500,2,4,-3.0,-2.0,4353.734375,2817.193115234375,0.084823377430439,0.08481016010046005,12
plateau-init,/cephfs/home/mkairov/gradim/energy_shaping/runs/mix-N8-K2V2-V62_1M/energygradmem_llama_L4H4D256_mem8_K2_ilr0.4_energy_grad_second_stepalign0.1_iread0.1_bs_64_lr_1e-04_fp32/run_2_unfinished/checkpoint-534500,2,4,-2.5,-2.0,3785.698486328125,2249.1572265625,0.021610954776406288,0.021597741171717644,12
plateau-init,/cephfs/home/mkairov/gradim/energy_shaping/runs/mix-N8-K2V2-V62_1M/energygradmem_llama_L4H4D256_mem8_K2_ilr0.4_energy_grad_second_stepalign0.1_iread0.1_bs_64_lr_1e-04_fp32/run_2_unfinished/checkpoint-534500,2,4,-2.0,-2.0,3248.399169921875,1711.8577880859375,0.00437058275565505,0.004357368219643831,12
plateau-init,/cephfs/home/mkairov/gradim/energy_shaping/runs/mix-N8-K2V2-V62_1M/energygradmem_llama_L4H4D256_mem8_K2_ilr0.4_energy_grad_second_stepalign0.1_iread0.1_bs_64_lr_1e-04_fp32/run_2_unfinished/checkpoint-534500,2,4,-1.5,-2.0,2753.705078125,1217.16357421875,0.0006506239878945053,0.0006374092772603035,12
plateau-init,/cephfs/home/mkairov/gradim/energy_shaping/runs/mix-N8-K2V2-V62_1M/energygradmem_llama_L4H4D256_mem8_K2_ilr0.4_energy_grad_second_stepalign0.1_iread0.1_bs_64_lr_1e-04_fp32/run_2_unfinished/checkpoint-534500,2,4,-1.0,-2.0,2305.876708984375,769.3351440429688,0.00011158738197991624,9.837266406975687e-05,12
plateau-init,/cephfs/home/mkairov/gradim/energy_shaping/runs/mix-N8-K2V2-V62_1M/energygradmem_llama_L4H4D256_mem8_K2_ilr0.4_energy_grad_second_stepalign0.1_iread0.1_bs_64_lr_1e-04_fp32/run_2_unfinished/checkpoint-534500,2,4,-0.5,-2.0,1909.3900146484375,372.8485412597656,4.315421392675489e-05,2.993949419760611e-05,12
plateau-init,/cephfs/home/mkairov/gradim/energy_shaping/runs/mix-N8-K2V2-V62_1M/energygradmem_llama_L4H4D256_mem8_K2_ilr0.4_energy_grad_second_stepalign0.1_iread0.1_bs_64_lr_1e-04_fp32/run_2_unfinished/checkpoint-534500,2,4,0.0,-2.0,1571.12890625,34.5875358581543,3.142580317216925e-05,1.8211087080999278e-05,12
plateau-init,/cephfs/home/mkairov/gradim/energy_shaping/runs/mix-N8-K2V2-V62_1M/energygradmem_llama_L4H4D256_mem8_K2_ilr0.4_energy_grad_second_stepalign0.1_iread0.1_bs_64_lr_1e-04_fp32/run_2_unfinished/checkpoint-534500,2,4,0.5,-2.0,1293.509033203125,-243.0323486328125,5.914789289818145e-05,4.593317862600088e-05,12
plateau-init,/cephfs/home/mkairov/gradim/energy_shaping/runs/mix-N8-K2V2-V62_1M/energygradmem_llama_L4H4D256_mem8_K2_ilr0.4_energy_grad_second_stepalign0.1_iread0.1_bs_64_lr_1e-04_fp32/run_2_unfinished/checkpoint-534500,2,4,1.0,-2.0,1081.1451416015625,-455.3963317871094,0.00017180347640533,0.00015858876577112824,12
plateau-init,/cephfs/home/mkairov/gradim/energy_shaping/runs/mix-N8-K2V2-V62_1M/energygradmem_llama_L4H4D256_mem8_K2_ilr0.4_energy_grad_second_stepalign0.1_iread0.1_bs_64_lr_1e-04_fp32/run_2_unfinished/checkpoint-534500,2,4,1.5,-2.0,933.4885864257812,-603.0527954101562,0.0005306734819896519,0.0005174587131477892,12
plateau-init,/cephfs/home/mkairov/gradim/energy_shaping/runs/mix-N8-K2V2-V62_1M/energygradmem_llama_L4H4D256_mem8_K2_ilr0.4_energy_grad_second_stepalign0.1_iread0.1_bs_64_lr_1e-04_fp32/run_2_unfinished/checkpoint-534500,2,4,2.0,-2.0,840.009765625,-696.53173828125,0.0018795706564560533,0.0018663558876141906,12
plateau-init,/cephfs/home/mkairov/gradim/energy_shaping/runs/mix-N8-K2V2-V62_1M/energygradmem_llama_L4H4D256_mem8_K2_ilr0.4_energy_grad_second_stepalign0.1_iread0.1_bs_64_lr_1e-04_fp32/run_2_unfinished/checkpoint-534500,2,4,2.5,-2.0,789.60693359375,-746.9345092773438,0.02544579654932022,0.025432581081986427,12
plateau-init,/cephfs/home/mkairov/gradim/energy_shaping/runs/mix-N8-K2V2-V62_1M/energygradmem_llama_L4H4D256_mem8_K2_ilr0.4_energy_grad_second_stepalign0.1_iread0.1_bs_64_lr_1e-04_fp32/run_2_unfinished/checkpoint-534500,2,4,3.0,-2.0,777.77099609375,-758.7705688476562,0.30050763487815857,0.3004944622516632,12
plateau-init,/cephfs/home/mkairov/gradim/energy_shaping/runs/mix-N8-K2V2-V62_1M/energygradmem_llama_L4H4D256_mem8_K2_ilr0.4_energy_grad_second_stepalign0.1_iread0.1_bs_64_lr_1e-04_fp32/run_2_unfinished/checkpoint-534500,2,4,-3.0,-1.5,4343.16015625,2806.618896484375,0.07757072895765305,0.0775575116276741,12
plateau-init,/cephfs/home/mkairov/gradim/energy_shaping/runs/mix-N8-K2V2-V62_1M/energygradmem_llama_L4H4D256_mem8_K2_ilr0.4_energy_grad_second_stepalign0.1_iread0.1_bs_64_lr_1e-04_fp32/run_2_unfinished/checkpoint-534500,2,4,-2.5,-1.5,3773.6884765625,2237.147216796875,0.01956372894346714,0.019550515338778496,12
plateau-init,/cephfs/home/mkairov/gradim/energy_shaping/runs/mix-N8-K2V2-V62_1M/energygradmem_llama_L4H4D256_mem8_K2_ilr0.4_energy_grad_second_stepalign0.1_iread0.1_bs_64_lr_1e-04_fp32/run_2_unfinished/checkpoint-534500,2,4,-2.0,-1.5,3235.055908203125,1698.5146484375,0.003644810291007161,0.0036315955221652985,12
plateau-init,/cephfs/home/mkairov/gradim/energy_shaping/runs/mix-N8-K2V2-V62_1M/energygradmem_llama_L4H4D256_mem8_K2_ilr0.4_energy_grad_second_stepalign0.1_iread0.1_bs_64_lr_1e-04_fp32/run_2_unfinished/checkpoint-534500,2,4,-1.5,-1.5,2739.598388671875,1203.05712890625,0.0004661523562390357,0.00045293758739717305,12
plateau-init,/cephfs/home/mkairov/gradim/energy_shaping/runs/mix-N8-K2V2-V62_1M/energygradmem_llama_L4H4D256_mem8_K2_ilr0.4_energy_grad_second_stepalign0.1_iread0.1_bs_64_lr_1e-04_fp32/run_2_unfinished/checkpoint-534500,2,4,-1.0,-1.5,2291.280029296875,754.7384643554688,6.677841156488284e-05,5.3563682740787044e-05,12
plateau-init,/cephfs/home/mkairov/gradim/energy_shaping/runs/mix-N8-K2V2-V62_1M/energygradmem_llama_L4H4D256_mem8_K2_ilr0.4_energy_grad_second_stepalign0.1_iread0.1_bs_64_lr_1e-04_fp32/run_2_unfinished/checkpoint-534500,2,4,-0.5,-1.5,1894.48828125,357.9466857910156,2.3814309315639548e-05,1.0599588676996063e-05,12
plateau-init,/cephfs/home/mkairov/gradim/energy_shaping/runs/mix-N8-K2V2-V62_1M/energygradmem_llama_L4H4D256_mem8_K2_ilr0.4_energy_grad_second_stepalign0.1_iread0.1_bs_64_lr_1e-04_fp32/run_2_unfinished/checkpoint-534500,2,4,0.0,-1.5,1555.52587890625,18.984375,2.266340743517503e-05,9.448690434510354e-06,12
plateau-init,/cephfs/home/mkairov/gradim/energy_shaping/runs/mix-N8-K2V2-V62_1M/energygradmem_llama_L4H4D256_mem8_K2_ilr0.4_energy_grad_second_stepalign0.1_iread0.1_bs_64_lr_1e-04_fp32/run_2_unfinished/checkpoint-534500,2,4,0.5,-1.5,1277.3328857421875,-259.2085876464844,5.665220305672847e-05,4.343748514656909e-05,12
plateau-init,/cephfs/home/mkairov/gradim/energy_shaping/runs/mix-N8-K2V2-V62_1M/energygradmem_llama_L4H4D256_mem8_K2_ilr0.4_energy_grad_second_stepalign0.1_iread0.1_bs_64_lr_1e-04_fp32/run_2_unfinished/checkpoint-534500,2,4,1.0,-1.5,1065.2208251953125,-471.3206481933594,0.00017981865676119924,0.00016660393157508224,12
plateau-init,/cephfs/home/mkairov/gradim/energy_shaping/runs/mix-N8-K2V2-V62_1M/energygradmem_llama_L4H4D256_mem8_K2_ilr0.4_energy_grad_second_stepalign0.1_iread0.1_bs_64_lr_1e-04_fp32/run_2_unfinished/checkpoint-534500,2,4,1.5,-1.5,917.8211059570312,-618.7203369140625,0.0005878995289094746,0.0005746848182752728,12
plateau-init,/cephfs/home/mkairov/gradim/energy_shaping/runs/mix-N8-K2V2-V62_1M/energygradmem_llama_L4H4D256_mem8_K2_ilr0.4_energy_grad_second_stepalign0.1_iread0.1_bs_64_lr_1e-04_fp32/run_2_unfinished/checkpoint-534500,2,4,2.0,-1.5,824.7744140625,-711.76708984375,0.0021666556131094694,0.0021534408442676067,12
plateau-init,/cephfs/home/mkairov/gradim/energy_shaping/runs/mix-N8-K2V2-V62_1M/energygradmem_llama_L4H4D256_mem8_K2_ilr0.4_energy_grad_second_stepalign0.1_iread0.1_bs_64_lr_1e-04_fp32/run_2_unfinished/checkpoint-534500,2,4,2.5,-1.5,774.1879272460938,-762.353515625,0.02870820462703705,0.028694989159703255,12
plateau-init,/cephfs/home/mkairov/gradim/energy_shaping/runs/mix-N8-K2V2-V62_1M/energygradmem_llama_L4H4D256_mem8_K2_ilr0.4_energy_grad_second_stepalign0.1_iread0.1_bs_64_lr_1e-04_fp32/run_2_unfinished/checkpoint-534500,2,4,3.0,-1.5,761.4890747070312,-775.0523071289062,0.3021670877933502,0.3021538555622101,12
plateau-init,/cephfs/home/mkairov/gradim/energy_shaping/runs/mix-N8-K2V2-V62_1M/energygradmem_llama_L4H4D256_mem8_K2_ilr0.4_energy_grad_second_stepalign0.1_iread0.1_bs_64_lr_1e-04_fp32/run_2_unfinished/checkpoint-534500,2,4,-3.0,-1.0,4334.76025390625,2798.218994140625,0.07545612752437592,0.07544291019439697,12
plateau-init,/cephfs/home/mkairov/gradim/energy_shaping/runs/mix-N8-K2V2-V62_1M/energygradmem_llama_L4H4D256_mem8_K2_ilr0.4_energy_grad_second_stepalign0.1_iread0.1_bs_64_lr_1e-04_fp32/run_2_unfinished/checkpoint-534500,2,4,-2.5,-1.0,3764.725341796875,2228.184326171875,0.019193584099411964,0.01918037049472332,12
plateau-init,/cephfs/home/mkairov/gradim/energy_shaping/runs/mix-N8-K2V2-V62_1M/energygradmem_llama_L4H4D256_mem8_K2_ilr0.4_energy_grad_second_stepalign0.1_iread0.1_bs_64_lr_1e-04_fp32/run_2_unfinished/checkpoint-534500,2,4,-2.0,-1.0,3225.334228515625,1688.79296875,0.0033395569771528244,0.0033263422083109617,12
plateau-init,/cephfs/home/mkairov/gradim/energy_shaping/runs/mix-N8-K2V2-V62_1M/energygradmem_llama_L4H4D256_mem8_K2_ilr0.4_energy_grad_second_stepalign0.1_iread0.1_bs_64_lr_1e-04_fp32/run_2_unfinished/checkpoint-534500,2,4,-1.5,-1.0,2729.611572265625,1193.0699462890625,0.0003852755471598357,0.0003720608074218035,12
plateau-init,/cephfs/home/mkairov/gradim/energy_shaping/runs/mix-N8-K2V2-V62_1M/energygradmem_llama_L4H4D256_mem8_K2_ilr0.4_energy_grad_second_stepalign0.1_iread0.1_bs_64_lr_1e-04_fp32/run_2_unfinished/checkpoint-534500,2,4,-1.0,-1.0,2281.187255859375,744.6455078125,4.957386772730388e-05,3.63591498171445e-05,12
plateau-init,/cephfs/home/mkairov/gradim/energy_shaping/runs/mix-N8-K2V2-V62_1M/energygradmem_llama_L4H4D256_mem8_K2_ilr0.4_energy_grad_second_stepalign0.1_iread0.1_bs_64_lr_1e-04_fp32/run_2_unfinished/checkpoint-534500,2,4,-0.5,-1.0,1884.3201904296875,347.7788391113281,1.6094185411930084e-05,2.8794672743970295e-06,12
plateau-init,/cephfs/home/mkairov/gradim/energy_shaping/runs/mix-N8-K2V2-V62_1M/energygradmem_llama_L4H4D256_mem8_K2_ilr0.4_energy_grad_second_stepalign0.1_iread0.1_bs_64_lr_1e-04_fp32/run_2_unfinished/checkpoint-534500,2,4,0.0,-1.0,1544.7227783203125,8.18146800994873,1.8345885109738447e-05,5.1311671995790675e-06,12
plateau-init,/cephfs/home/mkairov/gradim/energy_shaping/runs/mix-N8-K2V2-V62_1M/energygradmem_llama_L4H4D256_mem8_K2_ilr0.4_energy_grad_second_stepalign0.1_iread0.1_bs_64_lr_1e-04_fp32/run_2_unfinished/checkpoint-534500,2,4,0.5,-1.0,1266.1322021484375,-270.4092712402344,5.340103598427959e-05,4.0186321712099016e-05,12
plateau-init,/cephfs/home/mkairov/gradim/energy_shaping/runs/mix-N8-K2V2-V62_1M/energygradmem_llama_L4H4D256_mem8_K2_ilr0.4_energy_grad_second_stepalign0.1_iread0.1_bs_64_lr_1e-04_fp32/run_2_unfinished/checkpoint-534500,2,4,1.0,-1.0,1054.0814208984375,-482.4601135253906,0.00018125197675544769,0.0001680372515693307,12
plateau-init,/cephfs/home/mkairov/gradim/energy_shaping/runs/mix-N8-K2V2-V62_1M/energygradmem_llama_L4H4D256_mem8_K2_ilr0.4_energy_grad_second_stepalign0.1_iread0.1_bs_64_lr_1e-04_fp32/run_2_unfinished/checkpoint-534500,2,4,1.5,-1.0,906.5949096679688,-629.9464721679688,0.0006342322449199855,0.0006210175342857838,12
plateau-init,/cephfs/home/mkairov/gradim/energy_shaping/runs/mix-N8-K2V2-V62_1M/energygradmem_llama_L4H4D256_mem8_K2_ilr0.4_energy_grad_second_stepalign0.1_iread0.1_bs_64_lr_1e-04_fp32/run_2_unfinished/checkpoint-534500,2,4,2.0,-1.0,813.8219604492188,-722.719482421875,0.0024840268306434155,0.0024708120618015528,12
plateau-init,/cephfs/home/mkairov/gradim/energy_shaping/runs/mix-N8-K2V2-V62_1M/energygradmem_llama_L4H4D256_mem8_K2_ilr0.4_energy_grad_second_stepalign0.1_iread0.1_bs_64_lr_1e-04_fp32/run_2_unfinished/checkpoint-534500,2,4,2.5,-1.0,762.9382934570312,-773.6030883789062,0.03304676339030266,0.033033546060323715,12
plateau-init,/cephfs/home/mkairov/gradim/energy_shaping/runs/mix-N8-K2V2-V62_1M/energygradmem_llama_L4H4D256_mem8_K2_ilr0.4_energy_grad_second_stepalign0.1_iread0.1_bs_64_lr_1e-04_fp32/run_2_unfinished/checkpoint-534500,2,4,3.0,-1.0,749.485595703125,-787.055908203125,0.3052557110786438,0.30524250864982605,12
plateau-init,/cephfs/home/mkairov/gradim/energy_shaping/runs/mix-N8-K2V2-V62_1M/energygradmem_llama_L4H4D256_mem8_K2_ilr0.4_energy_grad_second_stepalign0.1_iread0.1_bs_64_lr_1e-04_fp32/run_2_unfinished/checkpoint-534500,2,4,-3.0,-0.5,4328.2392578125,2791.697998046875,0.07835844159126282,0.07834521681070328,12
plateau-init,/cephfs/home/mkairov/gradim/energy_shaping/runs/mix-N8-K2V2-V62_1M/energygradmem_llama_L4H4D256_mem8_K2_ilr0.4_energy_grad_second_stepalign0.1_iread0.1_bs_64_lr_1e-04_fp32/run_2_unfinished/checkpoint-534500,2,4,-2.5,-0.5,3758.468017578125,2221.9267578125,0.02020857110619545,0.020195355638861656,12
plateau-init,/cephfs/home/mkairov/gradim/energy_shaping/runs/mix-N8-K2V2-V62_1M/energygradmem_llama_L4H4D256_mem8_K2_ilr0.4_energy_grad_second_stepalign0.1_iread0.1_bs_64_lr_1e-04_fp32/run_2_unfinished/checkpoint-534500,2,4,-2.0,-0.5,3219.018310546875,1682.4769287109375,0.0033512862864881754,0.0033380722161382437,12
plateau-init,/cephfs/home/mkairov/gradim/energy_shaping/runs/mix-N8-K2V2-V62_1M/energygradmem_llama_L4H4D256_mem8_K2_ilr0.4_energy_grad_second_stepalign0.1_iread0.1_bs_64_lr_1e-04_fp32/run_2_unfinished/checkpoint-534500,2,4,-1.5,-0.5,2723.3134765625,1186.772216796875,0.00036421799450181425,0.000351003254763782,12
plateau-init,/cephfs/home/mkairov/gradim/energy_shaping/runs/mix-N8-K2V2-V62_1M/energygradmem_llama_L4H4D256_mem8_K2_ilr0.4_energy_grad_second_stepalign0.1_iread0.1_bs_64_lr_1e-04_fp32/run_2_unfinished/checkpoint-534500,2,4,-1.0,-0.5,2275.110107421875,738.5681762695312,4.5511344069382176e-05,3.229662252124399e-05,12
plateau-init,/cephfs/home/mkairov/gradim/energy_shaping/runs/mix-N8-K2V2-V62_1M/energygradmem_llama_L4H4D256_mem8_K2_ilr0.4_energy_grad_second_stepalign0.1_iread0.1_bs_64_lr_1e-04_fp32/run_2_unfinished/checkpoint-534500,2,4,-0.5,-0.5,1878.4312744140625,341.8899841308594,1.3395048881648108e-05,1.8033078674761782e-07,12
plateau-init,/cephfs/home/mkairov/gradim/energy_shaping/runs/mix-N8-K2V2-V62_1M/energygradmem_llama_L4H4D256_mem8_K2_ilr0.4_energy_grad_second_stepalign0.1_iread0.1_bs_64_lr_1e-04_fp32/run_2_unfinished/checkpoint-534500,2,4,0.0,-0.5,1538.4703369140625,1.92877197265625,1.5510842786170542e-05,2.2961246486374876e-06,12
plateau-init,/cephfs/home/mkairov/gradim/energy_shaping/runs/mix-N8-K2V2-V62_1M/energygradmem_llama_L4H4D256_mem8_K2_ilr0.4_energy_grad_second_stepalign0.1_iread0.1_bs_64_lr_1e-04_fp32/run_2_unfinished/checkpoint-534500,2,4,0.5,-0.5,1259.5255126953125,-277.0158386230469,4.837023152504116e-05,3.515550997690298e-05,12
plateau-init,/cephfs/home/mkairov/gradim/energy_shaping/runs/mix-N8-K2V2-V62_1M/energygradmem_llama_L4H4D256_mem8_K2_ilr0.4_energy_grad_second_stepalign0.1_iread0.1_bs_64_lr_1e-04_fp32/run_2_unfinished/checkpoint-534500,2,4,1.0,-0.5,1047.4207763671875,-489.1207580566406,0.00017506962467450649,0.00016185491404030472,12
plateau-init,/cephfs/home/mkairov/gradim/energy_shaping/runs/mix-N8-K2V2-V62_1M/energygradmem_llama_L4H4D256_mem8_K2_ilr0.4_energy_grad_second_stepalign0.1_iread0.1_bs_64_lr_1e-04_fp32/run_2_unfinished/checkpoint-534500,2,4,1.5,-0.5,899.5377807617188,-637.0038452148438,0.0006633359589613974,0.0006501212483271956,12
plateau-init,/cephfs/home/mkairov/gradim/energy_shaping/runs/mix-N8-K2V2-V62_1M/energygradmem_llama_L4H4D256_mem8_K2_ilr0.4_energy_grad_second_stepalign0.1_iread0.1_bs_64_lr_1e-04_fp32/run_2_unfinished/checkpoint-534500,2,4,2.0,-0.5,806.8030395507812,-729.7383422851562,0.0028076330199837685,0.002794418251141906,12
plateau-init,/cephfs/home/mkairov/gradim/energy_shaping/runs/mix-N8-K2V2-V62_1M/energygradmem_llama_L4H4D256_mem8_K2_ilr0.4_energy_grad_second_stepalign0.1_iread0.1_bs_64_lr_1e-04_fp32/run_2_unfinished/checkpoint-534500,2,4,2.5,-0.5,755.5984497070312,-780.94287109375,0.0384773351252079,0.03846411779522896,12
plateau-init,/cephfs/home/mkairov/gradim/energy_shaping/runs/mix-N8-K2V2-V62_1M/energygradmem_llama_L4H4D256_mem8_K2_ilr0.4_energy_grad_second_stepalign0.1_iread0.1_bs_64_lr_1e-04_fp32/run_2_unfinished/checkpoint-534500,2,4,3.0,-0.5,741.539306640625,-795.0021362304688,0.3094308376312256,0.30941763520240784,12
plateau-init,/cephfs/home/mkairov/gradim/energy_shaping/runs/mix-N8-K2V2-V62_1M/energygradmem_llama_L4H4D256_mem8_K2_ilr0.4_energy_grad_second_stepalign0.1_iread0.1_bs_64_lr_1e-04_fp32/run_2_unfinished/checkpoint-534500,2,4,-3.0,0.0,4323.39501953125,2786.853271484375,0.08625156432390213,0.08623835444450378,12
plateau-init,/cephfs/home/mkairov/gradim/energy_shaping/runs/mix-N8-K2V2-V62_1M/energygradmem_llama_L4H4D256_mem8_K2_ilr0.4_energy_grad_second_stepalign0.1_iread0.1_bs_64_lr_1e-04_fp32/run_2_unfinished/checkpoint-534500,2,4,-2.5,0.0,3754.686279296875,2218.145263671875,0.02277185767889023,0.022758642211556435,12
plateau-init,/cephfs/home/mkairov/gradim/energy_shaping/runs/mix-N8-K2V2-V62_1M/energygradmem_llama_L4H4D256_mem8_K2_ilr0.4_energy_grad_second_stepalign0.1_iread0.1_bs_64_lr_1e-04_fp32/run_2_unfinished/checkpoint-534500,2,4,-2.0,0.0,3215.794189453125,1679.2529296875,0.003662014612928033,0.00364879984408617,12
plateau-init,/cephfs/home/mkairov/gradim/energy_shaping/runs/mix-N8-K2V2-V62_1M/energygradmem_llama_L4H4D256_mem8_K2_ilr0.4_energy_grad_second_stepalign0.1_iread0.1_bs_64_lr_1e-04_fp32/run_2_unfinished/checkpoint-534500,2,4,-1.5,0.0,2720.448486328125,1183.9071044921875,0.00038446663529612124,0.00037125186645425856,12
plateau-init,/cephfs/home/mkairov/gradim/energy_shaping/runs/mix-N8-K2V2-V62_1M/energygradmem_llama_L4H4D256_mem8_K2_ilr0.4_energy_grad_second_stepalign0.1_iread0.1_bs_64_lr_1e-04_fp32/run_2_unfinished/checkpoint-534500,2,4,-1.0,0.0,2272.798095703125,736.2568969726562,4.849133620155044e-05,3.527661829139106e-05,12
plateau-init,/cephfs/home/mkairov/gradim/energy_shaping/runs/mix-N8-K2V2-V62_1M/energygradmem_llama_L4H4D256_mem8_K2_ilr0.4_energy_grad_second_stepalign0.1_iread0.1_bs_64_lr_1e-04_fp32/run_2_unfinished/checkpoint-534500,2,4,-0.5,0.0,1876.5574951171875,340.0162353515625,1.2992499250685796e-05,-2.222184747324718e-07,12
plateau-init,/cephfs/home/mkairov/gradim/energy_shaping/runs/mix-N8-K2V2-V62_1M/energygradmem_llama_L4H4D256_mem8_K2_ilr0.4_energy_grad_second_stepalign0.1_iread0.1_bs_64_lr_1e-04_fp32/run_2_unfinished/checkpoint-534500,2,4,0.0,0.0,1536.5413818359375,0.0,1.321471791015938e-05,0.0,12
plateau-init,/cephfs/home/mkairov/gradim/energy_shaping/runs/mix-N8-K2V2-V62_1M/energygradmem_llama_L4H4D256_mem8_K2_ilr0.4_energy_grad_second_stepalign0.1_iread0.1_bs_64_lr_1e-04_fp32/run_2_unfinished/checkpoint-534500,2,4,0.5,0.0,1257.2996826171875,-279.2416076660156,4.183723285677843e-05,2.862251130864024e-05,12
plateau-init,/cephfs/home/mkairov/gradim/energy_shaping/runs/mix-N8-K2V2-V62_1M/energygradmem_llama_L4H4D256_mem8_K2_ilr0.4_energy_grad_second_stepalign0.1_iread0.1_bs_64_lr_1e-04_fp32/run_2_unfinished/checkpoint-534500,2,4,1.0,0.0,1045.0770263671875,-491.4644470214844,0.00016182500985451043,0.00014861028466839343,12
plateau-init,/cephfs/home/mkairov/gradim/energy_shaping/runs/mix-N8-K2V2-V62_1M/energygradmem_llama_L4H4D256_mem8_K2_ilr0.4_energy_grad_second_stepalign0.1_iread0.1_bs_64_lr_1e-04_fp32/run_2_unfinished/checkpoint-534500,2,4,1.5,0.0,896.568115234375,-639.973388671875,0.0006708927103318274,0.0006576780579052866,12
plateau-init,/cephfs/home/mkairov/gradim/energy_shaping/runs/mix-N8-K2V2-V62_1M/energygradmem_llama_L4H4D256_mem8_K2_ilr0.4_energy_grad_second_stepalign0.1_iread0.1_bs_64_lr_1e-04_fp32/run_2_unfinished/checkpoint-534500,2,4,2.0,0.0,803.5418090820312,-732.9996948242188,0.003110624151304364,0.0030974093824625015,12
plateau-init,/cephfs/home/mkairov/gradim/energy_shaping/runs/mix-N8-K2V2-V62_1M/energygradmem_llama_L4H4D256_mem8_K2_ilr0.4_energy_grad_second_stepalign0.1_iread0.1_bs_64_lr_1e-04_fp32/run_2_unfinished/checkpoint-534500,2,4,2.5,0.0,751.9689331054688,-784.5725708007812,0.044996533542871475,0.04498332366347313,12
plateau-init,/cephfs/home/mkairov/gradim/energy_shaping/runs/mix-N8-K2V2-V62_1M/energygradmem_llama_L4H4D256_mem8_K2_ilr0.4_energy_grad_second_stepalign0.1_iread0.1_bs_64_lr_1e-04_fp32/run_2_unfinished/checkpoint-534500,2,4,3.0,0.0,737.5015258789062,-799.0398559570312,0.31443923711776733,0.3144260346889496,12
plateau-init,/cephfs/home/mkairov/gradim/energy_shaping/runs/mix-N8-K2V2-V62_1M/energygradmem_llama_L4H4D256_mem8_K2_ilr0.4_energy_grad_second_stepalign0.1_iread0.1_bs_64_lr_1e-04_fp32/run_2_unfinished/checkpoint-534500,2,4,-3.0,0.5,4320.1416015625,2783.600341796875,0.09938349574804306,0.09937029331922531,12
plateau-init,/cephfs/home/mkairov/gradim/energy_shaping/runs/mix-N8-K2V2-V62_1M/energygradmem_llama_L4H4D256_mem8_K2_ilr0.4_energy_grad_second_stepalign0.1_iread0.1_bs_64_lr_1e-04_fp32/run_2_unfinished/checkpoint-534500,2,4,-2.5,0.5,3753.294677734375,2216.753173828125,0.027495265007019043,0.02748204953968525,12
plateau-init,/cephfs/home/mkairov/gradim/energy_shaping/runs/mix-N8-K2V2-V62_1M/energygradmem_llama_L4H4D256_mem8_K2_ilr0.4_energy_grad_second_stepalign0.1_iread0.1_bs_64_lr_1e-04_fp32/run_2_unfinished/checkpoint-534500,2,4,-2.0,0.5,3215.543701171875,1679.0023193359375,0.004351036623120308,0.004337821621447802,12
plateau-init,/cephfs/home/mkairov/gradim/energy_shaping/runs/mix-N8-K2V2-V62_1M/energygradmem_llama_L4H4D256_mem8_K2_ilr0.4_energy_grad_second_stepalign0.1_iread0.1_bs_64_lr_1e-04_fp32/run_2_unfinished/checkpoint-534500,2,4,-1.5,0.5,2720.9716796875,1184.4305419921875,0.00044377532321959734,0.0004305606707930565,12
plateau-init,/cephfs/home/mkairov/gradim/energy_shaping/runs/mix-N8-K2V2-V62_1M/energygradmem_llama_L4H4D256_mem8_K2_ilr0.4_energy_grad_second_stepalign0.1_iread0.1_bs_64_lr_1e-04_fp32/run_2_unfinished/checkpoint-534500,2,4,-1.0,0.5,2274.168701171875,737.6272583007812,5.651230821968056e-05,4.329759030952118e-05,12
plateau-init,/cephfs/home/mkairov/gradim/energy_shaping/runs/mix-N8-K2V2-V62_1M/energygradmem_llama_L4H4D256_mem8_K2_ilr0.4_energy_grad_second_stepalign0.1_iread0.1_bs_64_lr_1e-04_fp32/run_2_unfinished/checkpoint-534500,2,4,-0.5,0.5,1878.5791015625,342.0374755859375,1.3935670722275972e-05,7.209525278994988e-07,12
plateau-init,/cephfs/home/mkairov/gradim/energy_shaping/runs/mix-N8-K2V2-V62_1M/energygradmem_llama_L4H4D256_mem8_K2_ilr0.4_energy_grad_second_stepalign0.1_iread0.1_bs_64_lr_1e-04_fp32/run_2_unfinished/checkpoint-534500,2,4,0.0,0.5,1538.7669677734375,2.2254741191864014,1.1285963410045952e-05,-1.9287533632450504e-06,12
plateau-init,/cephfs/home/mkairov/gradim/energy_shaping/runs/mix-N8-K2V2-V62_1M/energygradmem_llama_L4H4D256_mem8_K2_ilr0.4_energy_grad_second_stepalign0.1_iread0.1_bs_64_lr_1e-04_fp32/run_2_unfinished/checkpoint-534500,2,4,0.5,0.5,1259.3795166015625,-277.1620178222656,3.4600863727973774e-05,2.138614399882499e-05,12
plateau-init,/cephfs/home/mkairov/gradim/energy_shaping/runs/mix-N8-K2V2-V62_1M/energygradmem_llama_L4H4D256_mem8_K2_ilr0.4_energy_grad_second_stepalign0.1_iread0.1_bs_64_lr_1e-04_fp32/run_2_unfinished/checkpoint-534500,2,4,1.0,0.5,1047.0009765625,-489.5404357910156,0.00014325529627967626,0.0001300405856454745,12
plateau-init,/cephfs/home/mkairov/gradim/energy_shaping/runs/mix-N8-K2V2-V62_1M/energygradmem_llama_L4H4D256_mem8_K2_ilr0.4_energy_grad_second_stepalign0.1_iread0.1_bs_64_lr_1e-04_fp32/run_2_unfinished/checkpoint-534500,2,4,1.5,0.5,897.7344360351562,-638.8070678710938,0.000655218493193388,0.0006420037825591862,12
plateau-init,/cephfs/home/mkairov/gradim/energy_shaping/runs/mix-N8-K2V2-V62_1M/energygradmem_llama_L4H4D256_mem8_K2_ilr0.4_energy_grad_second_stepalign0.1_iread0.1_bs_64_lr_1e-04_fp32/run_2_unfinished/checkpoint-534500,2,4,2.0,0.5,803.9502563476562,-732.591064453125,0.00336509570479393,0.0033518809359520674,12
plateau-init,/cephfs/home/mkairov/gradim/energy_shaping/runs/mix-N8-K2V2-V62_1M/energygradmem_llama_L4H4D256_mem8_K2_ilr0.4_energy_grad_second_stepalign0.1_iread0.1_bs_64_lr_1e-04_fp32/run_2_unfinished/checkpoint-534500,2,4,2.5,0.5,751.854736328125,-784.6867065429688,0.0525415875017643,0.05252837762236595,12
plateau-init,/cephfs/home/mkairov/gradim/energy_shaping/runs/mix-N8-K2V2-V62_1M/energygradmem_llama_L4H4D256_mem8_K2_ilr0.4_energy_grad_second_stepalign0.1_iread0.1_bs_64_lr_1e-04_fp32/run_2_unfinished/checkpoint-534500,2,4,3.0,0.5,737.2371215820312,-799.3042602539062,0.32005006074905396,0.3200368583202362,12
plateau-init,/cephfs/home/mkairov/gradim/energy_shaping/runs/mix-N8-K2V2-V62_1M/energygradmem_llama_L4H4D256_mem8_K2_ilr0.4_energy_grad_second_stepalign0.1_iread0.1_bs_64_lr_1e-04_fp32/run_2_unfinished/checkpoint-534500,2,4,-3.0,1.0,4318.52392578125,2781.982666015625,0.11814679950475693,0.11813358217477798,12
plateau-init,/cephfs/home/mkairov/gradim/energy_shaping/runs/mix-N8-K2V2-V62_1M/energygradmem_llama_L4H4D256_mem8_K2_ilr0.4_energy_grad_second_stepalign0.1_iread0.1_bs_64_lr_1e-04_fp32/run_2_unfinished/checkpoint-534500,2,4,-2.5,1.0,3754.256103515625,2217.71484375,0.03553237393498421,0.035519156605005264,12
plateau-init,/cephfs/home/mkairov/gradim/energy_shaping/runs/mix-N8-K2V2-V62_1M/energygradmem_llama_L4H4D256_mem8_K2_ilr0.4_energy_grad_second_stepalign0.1_iread0.1_bs_64_lr_1e-04_fp32/run_2_unfinished/checkpoint-534500,2,4,-2.0,1.0,3218.287353515625,1681.7457275390625,0.00565519742667675,0.005641982425004244,12
plateau-init,/cephfs/home/mkairov/gradim/energy_shaping/runs/mix-N8-K2V2-V62_1M/energygradmem_llama_L4H4D256_mem8_K2_ilr0.4_energy_grad_second_stepalign0.1_iread0.1_bs_64_lr_1e-04_fp32/run_2_unfinished/checkpoint-534500,2,4,-1.5,1.0,2724.913818359375,1188.3724365234375,0.000555819075088948,0.0005426043062470853,12
plateau-init,/cephfs/home/mkairov/gradim/energy_shaping/runs/mix-N8-K2V2-V62_1M/energygradmem_llama_L4H4D256_mem8_K2_ilr0.4_energy_grad_second_stepalign0.1_iread0.1_bs_64_lr_1e-04_fp32/run_2_unfinished/checkpoint-534500,2,4,-1.0,1.0,2279.258544921875,742.717041015625,7.007068052189425e-05,5.685595897375606e-05,12
plateau-init,/cephfs/home/mkairov/gradim/energy_shaping/runs/mix-N8-K2V2-V62_1M/energygradmem_llama_L4H4D256_mem8_K2_ilr0.4_energy_grad_second_stepalign0.1_iread0.1_bs_64_lr_1e-04_fp32/run_2_unfinished/checkpoint-534500,2,4,-0.5,1.0,1884.5281982421875,347.986572265625,1.6050624253693968e-05,2.8359061161609134e-06,12
plateau-init,/cephfs/home/mkairov/gradim/energy_shaping/runs/mix-N8-K2V2-V62_1M/energygradmem_llama_L4H4D256_mem8_K2_ilr0.4_energy_grad_second_stepalign0.1_iread0.1_bs_64_lr_1e-04_fp32/run_2_unfinished/checkpoint-534500,2,4,0.0,1.0,1545.1573486328125,8.61603832244873,9.846164175542071e-06,-3.3685539619909832e-06,12
plateau-init,/cephfs/home/mkairov/gradim/energy_shaping/runs/mix-N8-K2V2-V62_1M/energygradmem_llama_L4H4D256_mem8_K2_ilr0.4_energy_grad_second_stepalign0.1_iread0.1_bs_64_lr_1e-04_fp32/run_2_unfinished/checkpoint-534500,2,4,0.5,1.0,1265.83203125,-270.7094421386719,2.7528278224053793e-05,1.4313557585410308e-05,12
plateau-init,/cephfs/home/mkairov/gradim/energy_shaping/runs/mix-N8-K2V2-V62_1M/energygradmem_llama_L4H4D256_mem8_K2_ilr0.4_energy_grad_second_stepalign0.1_iread0.1_bs_64_lr_1e-04_fp32/run_2_unfinished/checkpoint-534500,2,4,1.0,1.0,1053.2005615234375,-483.3407897949219,0.00012173136929050088,0.0001085166513803415,12
plateau-init,/cephfs/home/mkairov/gradim/energy_shaping/runs/mix-N8-K2V2-V62_1M/energygradmem_llama_L4H4D256_mem8_K2_ilr0.4_energy_grad_second_stepalign0.1_iread0.1_bs_64_lr_1e-04_fp32/run_2_unfinished/checkpoint-534500,2,4,1.5,1.0,902.8950805664062,-633.646240234375,0.0006177020259201527,0.0006044873152859509,12
plateau-init,/cephfs/home/mkairov/gradim/energy_shaping/runs/mix-N8-K2V2-V62_1M/energygradmem_llama_L4H4D256_mem8_K2_ilr0.4_energy_grad_second_stepalign0.1_iread0.1_bs_64_lr_1e-04_fp32/run_2_unfinished/checkpoint-534500,2,4,2.0,1.0,808.0858764648438,-728.45556640625,0.0035463934764266014,0.0035331787075847387,12
plateau-init,/cephfs/home/mkairov/gradim/energy_shaping/runs/mix-N8-K2V2-V62_1M/energygradmem_llama_L4H4D256_mem8_K2_ilr0.4_energy_grad_second_stepalign0.1_iread0.1_bs_64_lr_1e-04_fp32/run_2_unfinished/checkpoint-534500,2,4,2.5,1.0,755.3241577148438,-781.21728515625,0.06097261980175972,0.060959409922361374,12
plateau-init,/cephfs/home/mkairov/gradim/energy_shaping/runs/mix-N8-K2V2-V62_1M/energygradmem_llama_L4H4D256_mem8_K2_ilr0.4_energy_grad_second_stepalign0.1_iread0.1_bs_64_lr_1e-04_fp32/run_2_unfinished/checkpoint-534500,2,4,3.0,1.0,740.632080078125,-795.9093627929688,0.32604146003723145,0.32602831721305847,12
plateau-init,/cephfs/home/mkairov/gradim/energy_shaping/runs/mix-N8-K2V2-V62_1M/energygradmem_llama_L4H4D256_mem8_K2_ilr0.4_energy_grad_second_stepalign0.1_iread0.1_bs_64_lr_1e-04_fp32/run_2_unfinished/checkpoint-534500,2,4,-3.0,1.5,4318.70166015625,2782.160400390625,0.14296327531337738,0.14295005798339844,12
plateau-init,/cephfs/home/mkairov/gradim/energy_shaping/runs/mix-N8-K2V2-V62_1M/energygradmem_llama_L4H4D256_mem8_K2_ilr0.4_energy_grad_second_stepalign0.1_iread0.1_bs_64_lr_1e-04_fp32/run_2_unfinished/checkpoint-534500,2,4,-2.5,1.5,3757.7177734375,2221.176025390625,0.048526495695114136,0.04851328954100609,12
plateau-init,/cephfs/home/mkairov/gradim/energy_shaping/runs/mix-N8-K2V2-V62_1M/energygradmem_llama_L4H4D256_mem8_K2_ilr0.4_energy_grad_second_stepalign0.1_iread0.1_bs_64_lr_1e-04_fp32/run_2_unfinished/checkpoint-534500,2,4,-2.0,1.5,3224.178955078125,1687.6376953125,0.008130189031362534,0.008116974495351315,12
plateau-init,/cephfs/home/mkairov/gradim/energy_shaping/runs/mix-N8-K2V2-V62_1M/energygradmem_llama_L4H4D256_mem8_K2_ilr0.4_energy_grad_second_stepalign0.1_iread0.1_bs_64_lr_1e-04_fp32/run_2_unfinished/checkpoint-534500,2,4,-1.5,1.5,2732.455322265625,1195.9140625,0.0007600507815368474,0.0007468361291103065,12
plateau-init,/cephfs/home/mkairov/gradim/energy_shaping/runs/mix-N8-K2V2-V62_1M/energygradmem_llama_L4H4D256_mem8_K2_ilr0.4_energy_grad_second_stepalign0.1_iread0.1_bs_64_lr_1e-04_fp32/run_2_unfinished/checkpoint-534500,2,4,-1.0,1.5,2288.226318359375,751.6847534179688,9.231437434209511e-05,7.909966370789334e-05,12
plateau-init,/cephfs/home/mkairov/gradim/energy_shaping/runs/mix-N8-K2V2-V62_1M/energygradmem_llama_L4H4D256_mem8_K2_ilr0.4_energy_grad_second_stepalign0.1_iread0.1_bs_64_lr_1e-04_fp32/run_2_unfinished/checkpoint-534500,2,4,-0.5,1.5,1894.6517333984375,358.1101989746094,1.9736949980142526e-05,6.522232524730498e-06,12
plateau-init,/cephfs/home/mkairov/gradim/energy_shaping/runs/mix-N8-K2V2-V62_1M/energygradmem_llama_L4H4D256_mem8_K2_ilr0.4_energy_grad_second_stepalign0.1_iread0.1_bs_64_lr_1e-04_fp32/run_2_unfinished/checkpoint-534500,2,4,0.0,1.5,1555.9202880859375,19.37868309020996,9.108899575949181e-06,-4.1058178794628475e-06,12
plateau-init,/cephfs/home/mkairov/gradim/energy_shaping/runs/mix-N8-K2V2-V62_1M/energygradmem_llama_L4H4D256_mem8_K2_ilr0.4_energy_grad_second_stepalign0.1_iread0.1_bs_64_lr_1e-04_fp32/run_2_unfinished/checkpoint-534500,2,4,0.5,1.5,1276.8748779296875,-259.6666564941406,2.135150680260267e-05,8.13678798294859e-06,12
plateau-init,/cephfs/home/mkairov/gradim/energy_shaping/runs/mix-N8-K2V2-V62_1M/energygradmem_llama_L4H4D256_mem8_K2_ilr0.4_energy_grad_second_stepalign0.1_iread0.1_bs_64_lr_1e-04_fp32/run_2_unfinished/checkpoint-534500,2,4,1.0,1.5,1063.8609619140625,-472.6805419921875,9.96366361505352e-05,8.64219109644182e-05,12
plateau-init,/cephfs/home/mkairov/gradim/energy_shaping/runs/mix-N8-K2V2-V62_1M/energygradmem_llama_L4H4D256_mem8_K2_ilr0.4_energy_grad_second_stepalign0.1_iread0.1_bs_64_lr_1e-04_fp32/run_2_unfinished/checkpoint-534500,2,4,1.5,1.5,912.2177124023438,-624.32373046875,0.0005624903715215623,0.0005492756026796997,12
plateau-init,/cephfs/home/mkairov/gradim/energy_shaping/runs/mix-N8-K2V2-V62_1M/energygradmem_llama_L4H4D256_mem8_K2_ilr0.4_energy_grad_second_stepalign0.1_iread0.1_bs_64_lr_1e-04_fp32/run_2_unfinished/checkpoint-534500,2,4,2.0,1.5,816.176025390625,-720.365478515625,0.003638318507000804,0.0036251035053282976,12
plateau-init,/cephfs/home/mkairov/gradim/energy_shaping/runs/mix-N8-K2V2-V62_1M/energygradmem_llama_L4H4D256_mem8_K2_ilr0.4_energy_grad_second_stepalign0.1_iread0.1_bs_64_lr_1e-04_fp32/run_2_unfinished/checkpoint-534500,2,4,2.5,1.5,762.6196899414062,-773.9216918945312,0.07008624076843262,0.07007303833961487,12
plateau-init,/cephfs/home/mkairov/gradim/energy_shaping/runs/mix-N8-K2V2-V62_1M/energygradmem_llama_L4H4D256_mem8_K2_ilr0.4_energy_grad_second_stepalign0.1_iread0.1_bs_64_lr_1e-04_fp32/run_2_unfinished/checkpoint-534500,2,4,3.0,1.5,747.77685546875,-788.7646484375,0.33220094442367554,0.3321877419948578,12
plateau-init,/cephfs/home/mkairov/gradim/energy_shaping/runs/mix-N8-K2V2-V62_1M/energygradmem_llama_L4H4D256_mem8_K2_ilr0.4_energy_grad_second_stepalign0.1_iread0.1_bs_64_lr_1e-04_fp32/run_2_unfinished/checkpoint-534500,2,4,-3.0,2.0,4320.92724609375,2784.385498046875,0.1742274910211563,0.17421430349349976,12
plateau-init,/cephfs/home/mkairov/gradim/energy_shaping/runs/mix-N8-K2V2-V62_1M/energygradmem_llama_L4H4D256_mem8_K2_ilr0.4_energy_grad_second_stepalign0.1_iread0.1_bs_64_lr_1e-04_fp32/run_2_unfinished/checkpoint-534500,2,4,-2.5,2.0,3763.94921875,2227.4072265625,0.06816703081130981,0.06815382093191147,12
plateau-init,/cephfs/home/mkairov/gradim/energy_shaping/runs/mix-N8-K2V2-V62_1M/energygradmem_llama_L4H4D256_mem8_K2_ilr0.4_energy_grad_second_stepalign0.1_iread0.1_bs_64_lr_1e-04_fp32/run_2_unfinished/checkpoint-534500,2,4,-2.0,2.0,3233.500244140625,1696.9588623046875,0.012992765754461288,0.01297955121845007,12
plateau-init,/cephfs/home/mkairov/gradim/energy_shaping/runs/mix-N8-K2V2-V62_1M/energygradmem_llama_L4H4D256_mem8_K2_ilr0.4_energy_grad_second_stepalign0.1_iread0.1_bs_64_lr_1e-04_fp32/run_2_unfinished/checkpoint-534500,2,4,-1.5,2.0,2743.885498046875,1207.3438720703125,0.0011524962028488517,0.001139281434006989,12
plateau-init,/cephfs/home/mkairov/gradim/energy_shaping/runs/mix-N8-K2V2-V62_1M/energygradmem_llama_L4H4D256_mem8_K2_ilr0.4_energy_grad_second_stepalign0.1_iread0.1_bs_64_lr_1e-04_fp32/run_2_unfinished/checkpoint-534500,2,4,-1.0,2.0,2301.39404296875,764.8524780273438,0.00013158988440409303,0.00011837517376989126,12
plateau-init,/cephfs/home/mkairov/gradim/energy_shaping/runs/mix-N8-K2V2-V62_1M/energygradmem_llama_L4H4D256_mem8_K2_ilr0.4_energy_grad_second_stepalign0.1_iread0.1_bs_64_lr_1e-04_fp32/run_2_unfinished/checkpoint-534500,2,4,-0.5,2.0,1909.2144775390625,372.6731872558594,2.6248249923810363e-05,1.3033532013650984e-05,12
plateau-init,/cephfs/home/mkairov/gradim/energy_shaping/runs/mix-N8-K2V2-V62_1M/energygradmem_llama_L4H4D256_mem8_K2_ilr0.4_energy_grad_second_stepalign0.1_iread0.1_bs_64_lr_1e-04_fp32/run_2_unfinished/checkpoint-534500,2,4,0.0,2.0,1571.3984375,34.8570442199707,9.384653822053224e-06,-3.830064088106155e-06,12
plateau-init,/cephfs/home/mkairov/gradim/energy_shaping/runs/mix-N8-K2V2-V62_1M/energygradmem_llama_L4H4D256_mem8_K2_ilr0.4_energy_grad_second_stepalign0.1_iread0.1_bs_64_lr_1e-04_fp32/run_2_unfinished/checkpoint-534500,2,4,0.5,2.0,1292.7960205078125,-243.7454376220703,1.6540359865757637e-05,3.3256430924666347e-06,12
plateau-init,/cephfs/home/mkairov/gradim/energy_shaping/runs/mix-N8-K2V2-V62_1M/energygradmem_llama_L4H4D256_mem8_K2_ilr0.4_energy_grad_second_stepalign0.1_iread0.1_bs_64_lr_1e-04_fp32/run_2_unfinished/checkpoint-534500,2,4,1.0,2.0,1079.1749267578125,-457.366455078125,7.903301593614742e-05,6.581829802598804e-05,12
plateau-init,/cephfs/home/mkairov/gradim/energy_shaping/runs/mix-N8-K2V2-V62_1M/energygradmem_llama_L4H4D256_mem8_K2_ilr0.4_energy_grad_second_stepalign0.1_iread0.1_bs_64_lr_1e-04_fp32/run_2_unfinished/checkpoint-534500,2,4,1.5,2.0,925.92431640625,-610.6171264648438,0.0004956225748173892,0.0004824078641831875,12
plateau-init,/cephfs/home/mkairov/gradim/energy_shaping/runs/mix-N8-K2V2-V62_1M/energygradmem_llama_L4H4D256_mem8_K2_ilr0.4_energy_grad_second_stepalign0.1_iread0.1_bs_64_lr_1e-04_fp32/run_2_unfinished/checkpoint-534500,2,4,2.0,2.0,828.4260864257812,-708.1152954101562,0.003638285445049405,0.0036250706762075424,12
plateau-init,/cephfs/home/mkairov/gradim/energy_shaping/runs/mix-N8-K2V2-V62_1M/energygradmem_llama_L4H4D256_mem8_K2_ilr0.4_energy_grad_second_stepalign0.1_iread0.1_bs_64_lr_1e-04_fp32/run_2_unfinished/checkpoint-534500,2,4,2.5,2.0,774.0723266601562,-762.4691772460938,0.07964770495891571,0.07963449507951736,12
plateau-init,/cephfs/home/mkairov/gradim/energy_shaping/runs/mix-N8-K2V2-V62_1M/energygradmem_llama_L4H4D256_mem8_K2_ilr0.4_energy_grad_second_stepalign0.1_iread0.1_bs_64_lr_1e-04_fp32/run_2_unfinished/checkpoint-534500,2,4,3.0,2.0,758.7941284179688,-777.7473754882812,0.33833691477775574,0.3383237421512604,12
plateau-init,/cephfs/home/mkairov/gradim/energy_shaping/runs/mix-N8-K2V2-V62_1M/energygradmem_llama_L4H4D256_mem8_K2_ilr0.4_energy_grad_second_stepalign0.1_iread0.1_bs_64_lr_1e-04_fp32/run_2_unfinished/checkpoint-534500,2,4,-3.0,2.5,4325.52099609375,2788.979248046875,0.21204321086406708,0.21202994883060455,12
plateau-init,/cephfs/home/mkairov/gradim/energy_shaping/runs/mix-N8-K2V2-V62_1M/energygradmem_llama_L4H4D256_mem8_K2_ilr0.4_energy_grad_second_stepalign0.1_iread0.1_bs_64_lr_1e-04_fp32/run_2_unfinished/checkpoint-534500,2,4,-2.5,2.5,3773.319091796875,2236.777587890625,0.09563571959733963,0.09562250971794128,12
plateau-init,/cephfs/home/mkairov/gradim/energy_shaping/runs/mix-N8-K2V2-V62_1M/energygradmem_llama_L4H4D256_mem8_K2_ilr0.4_energy_grad_second_stepalign0.1_iread0.1_bs_64_lr_1e-04_fp32/run_2_unfinished/checkpoint-534500,2,4,-2.0,2.5,3246.6669921875,1710.12548828125,0.02257119119167328,0.022557975724339485,12
plateau-init,/cephfs/home/mkairov/gradim/energy_shaping/runs/mix-N8-K2V2-V62_1M/energygradmem_llama_L4H4D256_mem8_K2_ilr0.4_energy_grad_second_stepalign0.1_iread0.1_bs_64_lr_1e-04_fp32/run_2_unfinished/checkpoint-534500,2,4,-1.5,2.5,2759.751220703125,1223.2100830078125,0.0019694229122251272,0.001956208376213908,12
plateau-init,/cephfs/home/mkairov/gradim/energy_shaping/runs/mix-N8-K2V2-V62_1M/energygradmem_llama_L4H4D256_mem8_K2_ilr0.4_energy_grad_second_stepalign0.1_iread0.1_bs_64_lr_1e-04_fp32/run_2_unfinished/checkpoint-534500,2,4,-1.0,2.5,2319.199462890625,782.657958984375,0.00020787457469850779,0.0001946598495123908,12
plateau-init,/cephfs/home/mkairov/gradim/energy_shaping/runs/mix-N8-K2V2-V62_1M/energygradmem_llama_L4H4D256_mem8_K2_ilr0.4_energy_grad_second_stepalign0.1_iread0.1_bs_64_lr_1e-04_fp32/run_2_unfinished/checkpoint-534500,2,4,-0.5,2.5,1928.6534423828125,392.1122131347656,3.896993075613864e-05,2.5755211026989855e-05,12
plateau-init,/cephfs/home/mkairov/gradim/energy_shaping/runs/mix-N8-K2V2-V62_1M/energygradmem_llama_L4H4D256_mem8_K2_ilr0.4_energy_grad_second_stepalign0.1_iread0.1_bs_64_lr_1e-04_fp32/run_2_unfinished/checkpoint-534500,2,4,0.0,2.5,1591.9176025390625,55.37630081176758,1.1420936061767861e-05,-1.793783098946733e-06,12
plateau-init,/cephfs/home/mkairov/gradim/energy_shaping/runs/mix-N8-K2V2-V62_1M/energygradmem_llama_L4H4D256_mem8_K2_ilr0.4_energy_grad_second_stepalign0.1_iread0.1_bs_64_lr_1e-04_fp32/run_2_unfinished/checkpoint-534500,2,4,0.5,2.5,1313.8936767578125,-222.6476593017578,1.3542660781240556e-05,3.2794267212921113e-07,12
plateau-init,/cephfs/home/mkairov/gradim/energy_shaping/runs/mix-N8-K2V2-V62_1M/energygradmem_llama_L4H4D256_mem8_K2_ilr0.4_energy_grad_second_stepalign0.1_iread0.1_bs_64_lr_1e-04_fp32/run_2_unfinished/checkpoint-534500,2,4,1.0,2.5,1099.684814453125,-436.8566589355469,6.144320650491863e-05,4.822848131880164e-05,12
plateau-init,/cephfs/home/mkairov/gradim/energy_shaping/runs/mix-N8-K2V2-V62_1M/energygradmem_llama_L4H4D256_mem8_K2_ilr0.4_energy_grad_second_stepalign0.1_iread0.1_bs_64_lr_1e-04_fp32/run_2_unfinished/checkpoint-534500,2,4,1.5,2.5,944.6304321289062,-591.9109497070312,0.0004239297704771161,0.0004107150307390839,12
plateau-init,/cephfs/home/mkairov/gradim/energy_shaping/runs/mix-N8-K2V2-V62_1M/energygradmem_llama_L4H4D256_mem8_K2_ilr0.4_energy_grad_second_stepalign0.1_iread0.1_bs_64_lr_1e-04_fp32/run_2_unfinished/checkpoint-534500,2,4,2.0,2.5,845.1226196289062,-691.418701171875,0.0035614585503935814,0.0035482437815517187,12
plateau-init,/cephfs/home/mkairov/gradim/energy_shaping/runs/mix-N8-K2V2-V62_1M/energygradmem_llama_L4H4D256_mem8_K2_ilr0.4_energy_grad_second_stepalign0.1_iread0.1_bs_64_lr_1e-04_fp32/run_2_unfinished/checkpoint-534500,2,4,2.5,2.5,789.8423461914062,-746.6990356445312,0.0894278809428215,0.08941466361284256,12
plateau-init,/cephfs/home/mkairov/gradim/energy_shaping/runs/mix-N8-K2V2-V62_1M/energygradmem_llama_L4H4D256_mem8_K2_ilr0.4_energy_grad_second_stepalign0.1_iread0.1_bs_64_lr_1e-04_fp32/run_2_unfinished/checkpoint-534500,2,4,3.0,2.5,774.03125,-762.5101928710938,0.3442938029766083,0.3442806303501129,12
plateau-init,/cephfs/home/mkairov/gradim/energy_shaping/runs/mix-N8-K2V2-V62_1M/energygradmem_llama_L4H4D256_mem8_K2_ilr0.4_energy_grad_second_stepalign0.1_iread0.1_bs_64_lr_1e-04_fp32/run_2_unfinished/checkpoint-534500,2,4,-3.0,3.0,4332.9619140625,2796.420654296875,0.25573596358299255,0.25572270154953003,12
plateau-init,/cephfs/home/mkairov/gradim/energy_shaping/runs/mix-N8-K2V2-V62_1M/energygradmem_llama_L4H4D256_mem8_K2_ilr0.4_energy_grad_second_stepalign0.1_iread0.1_bs_64_lr_1e-04_fp32/run_2_unfinished/checkpoint-534500,2,4,-2.5,3.0,3786.252197265625,2249.711181640625,0.13139216601848602,0.1313789337873459,12
plateau-init,/cephfs/home/mkairov/gradim/energy_shaping/runs/mix-N8-K2V2-V62_1M/energygradmem_llama_L4H4D256_mem8_K2_ilr0.4_energy_grad_second_stepalign0.1_iread0.1_bs_64_lr_1e-04_fp32/run_2_unfinished/checkpoint-534500,2,4,-2.0,3.0,3264.063232421875,1727.521484375,0.0400371327996254,0.04002391919493675,12
plateau-init,/cephfs/home/mkairov/gradim/energy_shaping/runs/mix-N8-K2V2-V62_1M/energygradmem_llama_L4H4D256_mem8_K2_ilr0.4_energy_grad_second_stepalign0.1_iread0.1_bs_64_lr_1e-04_fp32/run_2_unfinished/checkpoint-534500,2,4,-1.5,3.0,2780.439697265625,1243.8983154296875,0.003823419800028205,0.0038102047983556986,12
plateau-init,/cephfs/home/mkairov/gradim/energy_shaping/runs/mix-N8-K2V2-V62_1M/energygradmem_llama_L4H4D256_mem8_K2_ilr0.4_energy_grad_second_stepalign0.1_iread0.1_bs_64_lr_1e-04_fp32/run_2_unfinished/checkpoint-534500,2,4,-1.0,3.0,2342.163330078125,805.6217651367188,0.0003679563233163208,0.000354741612682119,12
plateau-init,/cephfs/home/mkairov/gradim/energy_shaping/runs/mix-N8-K2V2-V62_1M/energygradmem_llama_L4H4D256_mem8_K2_ilr0.4_energy_grad_second_stepalign0.1_iread0.1_bs_64_lr_1e-04_fp32/run_2_unfinished/checkpoint-534500,2,4,-0.5,3.0,1953.48681640625,416.9454040527344,6.704910629196092e-05,5.3834388381801546e-05,12
plateau-init,/cephfs/home/mkairov/gradim/energy_shaping/runs/mix-N8-K2V2-V62_1M/energygradmem_llama_L4H4D256_mem8_K2_ilr0.4_energy_grad_second_stepalign0.1_iread0.1_bs_64_lr_1e-04_fp32/run_2_unfinished/checkpoint-534500,2,4,0.0,3.0,1617.9554443359375,81.4140853881836,1.7581496649654582e-05,4.366779194242554e-06,12
plateau-init,/cephfs/home/mkairov/gradim/energy_shaping/runs/mix-N8-K2V2-V62_1M/energygradmem_llama_L4H4D256_mem8_K2_ilr0.4_energy_grad_second_stepalign0.1_iread0.1_bs_64_lr_1e-04_fp32/run_2_unfinished/checkpoint-534500,2,4,0.5,3.0,1340.5430908203125,-195.9983673095703,1.34392639665748e-05,2.2454504744473525e-07,12
plateau-init,/cephfs/home/mkairov/gradim/energy_shaping/runs/mix-N8-K2V2-V62_1M/energygradmem_llama_L4H4D256_mem8_K2_ilr0.4_energy_grad_second_stepalign0.1_iread0.1_bs_64_lr_1e-04_fp32/run_2_unfinished/checkpoint-534500,2,4,1.0,3.0,1125.740234375,-410.80126953125,4.833543425775133e-05,3.512071634759195e-05,12
plateau-init,/cephfs/home/mkairov/gradim/energy_shaping/runs/mix-N8-K2V2-V62_1M/energygradmem_llama_L4H4D256_mem8_K2_ilr0.4_energy_grad_second_stepalign0.1_iread0.1_bs_64_lr_1e-04_fp32/run_2_unfinished/checkpoint-534500,2,4,1.5,3.0,968.8770141601562,-567.6644287109375,0.0003541882324498147,0.00034097349271178246,12
plateau-init,/cephfs/home/mkairov/gradim/energy_shaping/runs/mix-N8-K2V2-V62_1M/energygradmem_llama_L4H4D256_mem8_K2_ilr0.4_energy_grad_second_stepalign0.1_iread0.1_bs_64_lr_1e-04_fp32/run_2_unfinished/checkpoint-534500,2,4,2.0,3.0,867.0114135742188,-669.530029296875,0.0034458425361663103,0.0034326277673244476,12
plateau-init,/cephfs/home/mkairov/gradim/energy_shaping/runs/mix-N8-K2V2-V62_1M/energygradmem_llama_L4H4D256_mem8_K2_ilr0.4_energy_grad_second_stepalign0.1_iread0.1_bs_64_lr_1e-04_fp32/run_2_unfinished/checkpoint-534500,2,4,2.5,3.0,810.2711791992188,-726.270263671875,0.09922830015420914,0.0992150828242302,12
plateau-init,/cephfs/home/mkairov/gradim/energy_shaping/runs/mix-N8-K2V2-V62_1M/energygradmem_llama_L4H4D256_mem8_K2_ilr0.4_energy_grad_second_stepalign0.1_iread0.1_bs_64_lr_1e-04_fp32/run_2_unfinished/checkpoint-534500,2,4,3.0,3.0,793.8776245117188,-742.6638793945312,0.34995314478874207,0.3499399423599243,12
plateau-init,/cephfs/home/mkairov/gradim/energy_shaping/runs/mix-N8-K2V2-V62_1M/energygradmem_llama_L4H4D256_mem8_K2_ilr0.4_energy_grad_second_stepalign0.1_iread0.1_bs_64_lr_1e-04_fp32/run_2_unfinished/checkpoint-534500,4,8,-3.0,-3.0,3082.783203125,2037.7064208984375,0.006435932591557503,0.00627410551533103,12
plateau-init,/cephfs/home/mkairov/gradim/energy_shaping/runs/mix-N8-K2V2-V62_1M/energygradmem_llama_L4H4D256_mem8_K2_ilr0.4_energy_grad_second_stepalign0.1_iread0.1_bs_64_lr_1e-04_fp32/run_2_unfinished/checkpoint-534500,4,8,-2.5,-3.0,2661.588623046875,1616.51171875,0.0017664689803496003,0.0016046416712924838,12
plateau-init,/cephfs/home/mkairov/gradim/energy_shaping/runs/mix-N8-K2V2-V62_1M/energygradmem_llama_L4H4D256_mem8_K2_ilr0.4_energy_grad_second_stepalign0.1_iread0.1_bs_64_lr_1e-04_fp32/run_2_unfinished/checkpoint-534500,4,8,-2.0,-3.0,2283.963134765625,1238.88623046875,0.00039308692794293165,0.00023125942971091717,12
plateau-init,/cephfs/home/mkairov/gradim/energy_shaping/runs/mix-N8-K2V2-V62_1M/energygradmem_llama_L4H4D256_mem8_K2_ilr0.4_energy_grad_second_stepalign0.1_iread0.1_bs_64_lr_1e-04_fp32/run_2_unfinished/checkpoint-534500,4,8,-1.5,-3.0,1948.529296875,903.4524536132812,0.00011545149027369916,-4.6375978854484856e-05,12
plateau-init,/cephfs/home/mkairov/gradim/energy_shaping/runs/mix-N8-K2V2-V62_1M/energygradmem_llama_L4H4D256_mem8_K2_ilr0.4_energy_grad_second_stepalign0.1_iread0.1_bs_64_lr_1e-04_fp32/run_2_unfinished/checkpoint-534500,4,8,-1.0,-3.0,1652.0689697265625,606.9920043945312,6.898138963151723e-05,-9.28460867726244e-05,12
plateau-init,/cephfs/home/mkairov/gradim/energy_shaping/runs/mix-N8-K2V2-V62_1M/energygradmem_llama_L4H4D256_mem8_K2_ilr0.4_energy_grad_second_stepalign0.1_iread0.1_bs_64_lr_1e-04_fp32/run_2_unfinished/checkpoint-534500,4,8,-0.5,-3.0,1390.4798583984375,345.4028015136719,5.907794911763631e-05,-0.00010274952364852652,12
plateau-init,/cephfs/home/mkairov/gradim/energy_shaping/runs/mix-N8-K2V2-V62_1M/energygradmem_llama_L4H4D256_mem8_K2_ilr0.4_energy_grad_second_stepalign0.1_iread0.1_bs_64_lr_1e-04_fp32/run_2_unfinished/checkpoint-534500,4,8,0.0,-3.0,1161.4136962890625,116.33672332763672,5.8299268857808784e-05,-0.00010352820390835404,12
plateau-init,/cephfs/home/mkairov/gradim/energy_shaping/runs/mix-N8-K2V2-V62_1M/energygradmem_llama_L4H4D256_mem8_K2_ilr0.4_energy_grad_second_stepalign0.1_iread0.1_bs_64_lr_1e-04_fp32/run_2_unfinished/checkpoint-534500,4,8,0.5,-3.0,964.5348510742188,-80.5420913696289,6.702197424601763e-05,-9.480549488216639e-05,12
plateau-init,/cephfs/home/mkairov/gradim/energy_shaping/runs/mix-N8-K2V2-V62_1M/energygradmem_llama_L4H4D256_mem8_K2_ilr0.4_energy_grad_second_stepalign0.1_iread0.1_bs_64_lr_1e-04_fp32/run_2_unfinished/checkpoint-534500,4,8,1.0,-3.0,807.5094604492188,-237.5675048828125,0.00013841727923136204,-2.34102026297478e-05,12
plateau-init,/cephfs/home/mkairov/gradim/energy_shaping/runs/mix-N8-K2V2-V62_1M/energygradmem_llama_L4H4D256_mem8_K2_ilr0.4_energy_grad_second_stepalign0.1_iread0.1_bs_64_lr_1e-04_fp32/run_2_unfinished/checkpoint-534500,4,8,1.5,-3.0,699.8020629882812,-345.2749328613281,0.059289250522851944,0.059127431362867355,12
plateau-init,/cephfs/home/mkairov/gradim/energy_shaping/runs/mix-N8-K2V2-V62_1M/energygradmem_llama_L4H4D256_mem8_K2_ilr0.4_energy_grad_second_stepalign0.1_iread0.1_bs_64_lr_1e-04_fp32/run_2_unfinished/checkpoint-534500,4,8,2.0,-3.0,662.44287109375,-382.6340637207031,0.3781435489654541,0.37798166275024414,12
plateau-init,/cephfs/home/mkairov/gradim/energy_shaping/runs/mix-N8-K2V2-V62_1M/energygradmem_llama_L4H4D256_mem8_K2_ilr0.4_energy_grad_second_stepalign0.1_iread0.1_bs_64_lr_1e-04_fp32/run_2_unfinished/checkpoint-534500,4,8,2.5,-3.0,664.750732421875,-380.3262634277344,0.5798498392105103,0.5796880125999451,12
plateau-init,/cephfs/home/mkairov/gradim/energy_shaping/runs/mix-N8-K2V2-V62_1M/energygradmem_llama_L4H4D256_mem8_K2_ilr0.4_energy_grad_second_stepalign0.1_iread0.1_bs_64_lr_1e-04_fp32/run_2_unfinished/checkpoint-534500,4,8,3.0,-3.0,680.2561645507812,-364.82080078125,0.6568458676338196,0.6566840410232544,12
plateau-init,/cephfs/home/mkairov/gradim/energy_shaping/runs/mix-N8-K2V2-V62_1M/energygradmem_llama_L4H4D256_mem8_K2_ilr0.4_energy_grad_second_stepalign0.1_iread0.1_bs_64_lr_1e-04_fp32/run_2_unfinished/checkpoint-534500,4,8,-3.0,-2.5,3037.856689453125,1992.7799072265625,0.004632832016795874,0.0044710044749081135,12
plateau-init,/cephfs/home/mkairov/gradim/energy_shaping/runs/mix-N8-K2V2-V62_1M/energygradmem_llama_L4H4D256_mem8_K2_ilr0.4_energy_grad_second_stepalign0.1_iread0.1_bs_64_lr_1e-04_fp32/run_2_unfinished/checkpoint-534500,4,8,-2.5,-2.5,2618.747314453125,1573.6700439453125,0.0011306499363854527,0.0009688224527053535,12
plateau-init,/cephfs/home/mkairov/gradim/energy_shaping/runs/mix-N8-K2V2-V62_1M/energygradmem_llama_L4H4D256_mem8_K2_ilr0.4_energy_grad_second_stepalign0.1_iread0.1_bs_64_lr_1e-04_fp32/run_2_unfinished/checkpoint-534500,4,8,-2.0,-2.5,2243.6201171875,1198.5433349609375,0.00024171271070372313,7.988522702362388e-05,12
plateau-init,/cephfs/home/mkairov/gradim/energy_shaping/runs/mix-N8-K2V2-V62_1M/energygradmem_llama_L4H4D256_mem8_K2_ilr0.4_energy_grad_second_stepalign0.1_iread0.1_bs_64_lr_1e-04_fp32/run_2_unfinished/checkpoint-534500,4,8,-1.5,-2.5,1909.3662109375,864.2893676757812,8.670150418765843e-05,-7.51259722164832e-05,12
plateau-init,/cephfs/home/mkairov/gradim/energy_shaping/runs/mix-N8-K2V2-V62_1M/energygradmem_llama_L4H4D256_mem8_K2_ilr0.4_energy_grad_second_stepalign0.1_iread0.1_bs_64_lr_1e-04_fp32/run_2_unfinished/checkpoint-534500,4,8,-1.0,-2.5,1613.333984375,568.257080078125,6.59517027088441e-05,-9.587576641933993e-05,12
plateau-init,/cephfs/home/mkairov/gradim/energy_shaping/runs/mix-N8-K2V2-V62_1M/energygradmem_llama_L4H4D256_mem8_K2_ilr0.4_energy_grad_second_stepalign0.1_iread0.1_bs_64_lr_1e-04_fp32/run_2_unfinished/checkpoint-534500,4,8,-0.5,-2.5,1352.0867919921875,307.0098571777344,6.47428460069932e-05,-9.70846158452332e-05,12
plateau-init,/cephfs/home/mkairov/gradim/energy_shaping/runs/mix-N8-K2V2-V62_1M/energygradmem_llama_L4H4D256_mem8_K2_ilr0.4_energy_grad_second_stepalign0.1_iread0.1_bs_64_lr_1e-04_fp32/run_2_unfinished/checkpoint-534500,4,8,0.0,-2.5,1122.9290771484375,77.85205841064453,6.887863128213212e-05,-9.294884512200952e-05,12
plateau-init,/cephfs/home/mkairov/gradim/energy_shaping/runs/mix-N8-K2V2-V62_1M/energygradmem_llama_L4H4D256_mem8_K2_ilr0.4_energy_grad_second_stepalign0.1_iread0.1_bs_64_lr_1e-04_fp32/run_2_unfinished/checkpoint-534500,4,8,0.5,-2.5,925.7208862304688,-119.3560791015625,7.995384657988325e-05,-8.187362254830077e-05,12
plateau-init,/cephfs/home/mkairov/gradim/energy_shaping/runs/mix-N8-K2V2-V62_1M/energygradmem_llama_L4H4D256_mem8_K2_ilr0.4_energy_grad_second_stepalign0.1_iread0.1_bs_64_lr_1e-04_fp32/run_2_unfinished/checkpoint-534500,4,8,1.0,-2.5,768.148193359375,-276.9288635253906,0.00014561407442670316,-1.6213394701480865e-05,12
plateau-init,/cephfs/home/mkairov/gradim/energy_shaping/runs/mix-N8-K2V2-V62_1M/energygradmem_llama_L4H4D256_mem8_K2_ilr0.4_energy_grad_second_stepalign0.1_iread0.1_bs_64_lr_1e-04_fp32/run_2_unfinished/checkpoint-534500,4,8,1.5,-2.5,657.5965576171875,-387.48046875,0.07430396229028702,0.07414214313030243,12
plateau-init,/cephfs/home/mkairov/gradim/energy_shaping/runs/mix-N8-K2V2-V62_1M/energygradmem_llama_L4H4D256_mem8_K2_ilr0.4_energy_grad_second_stepalign0.1_iread0.1_bs_64_lr_1e-04_fp32/run_2_unfinished/checkpoint-534500,4,8,2.0,-2.5,606.7163696289062,-438.3606262207031,0.39553776383399963,0.39537593722343445,12
plateau-init,/cephfs/home/mkairov/gradim/energy_shaping/runs/mix-N8-K2V2-V62_1M/energygradmem_llama_L4H4D256_mem8_K2_ilr0.4_energy_grad_second_stepalign0.1_iread0.1_bs_64_lr_1e-04_fp32/run_2_unfinished/checkpoint-534500,4,8,2.5,-2.5,619.7760009765625,-425.301025390625,0.5910319685935974,0.590870201587677,12
plateau-init,/cephfs/home/mkairov/gradim/energy_shaping/runs/mix-N8-K2V2-V62_1M/energygradmem_llama_L4H4D256_mem8_K2_ilr0.4_energy_grad_second_stepalign0.1_iread0.1_bs_64_lr_1e-04_fp32/run_2_unfinished/checkpoint-534500,4,8,3.0,-2.5,641.6209106445312,-403.4560852050781,0.6450304388999939,0.6448685526847839,12
plateau-init,/cephfs/home/mkairov/gradim/energy_shaping/runs/mix-N8-K2V2-V62_1M/energygradmem_llama_L4H4D256_mem8_K2_ilr0.4_energy_grad_second_stepalign0.1_iread0.1_bs_64_lr_1e-04_fp32/run_2_unfinished/checkpoint-534500,4,8,-3.0,-2.0,3002.202392578125,1957.1256103515625,0.0034002093598246574,0.0032383818179368973,12
plateau-init,/cephfs/home/mkairov/gradim/energy_shaping/runs/mix-N8-K2V2-V62_1M/energygradmem_llama_L4H4D256_mem8_K2_ilr0.4_energy_grad_second_stepalign0.1_iread0.1_bs_64_lr_1e-04_fp32/run_2_unfinished/checkpoint-534500,4,8,-2.5,-2.0,2586.3486328125,1541.271484375,0.0007478215848095715,0.0005859941011294723,12
plateau-init,/cephfs/home/mkairov/gradim/energy_shaping/runs/mix-N8-K2V2-V62_1M/energygradmem_llama_L4H4D256_mem8_K2_ilr0.4_energy_grad_second_stepalign0.1_iread0.1_bs_64_lr_1e-04_fp32/run_2_unfinished/checkpoint-534500,4,8,-2.0,-2.0,2213.12744140625,1168.050537109375,0.00016310102364514023,1.2735499694827013e-06,12
plateau-init,/cephfs/home/mkairov/gradim/energy_shaping/runs/mix-N8-K2V2-V62_1M/energygradmem_llama_L4H4D256_mem8_K2_ilr0.4_energy_grad_second_stepalign0.1_iread0.1_bs_64_lr_1e-04_fp32/run_2_unfinished/checkpoint-534500,4,8,-1.5,-2.0,1879.6314697265625,834.5545043945312,7.734082464594394e-05,-8.448664448224008e-05,12
plateau-init,/cephfs/home/mkairov/gradim/energy_shaping/runs/mix-N8-K2V2-V62_1M/energygradmem_llama_L4H4D256_mem8_K2_ilr0.4_energy_grad_second_stepalign0.1_iread0.1_bs_64_lr_1e-04_fp32/run_2_unfinished/checkpoint-534500,4,8,-1.0,-2.0,1583.689453125,538.612548828125,7.171321340138093e-05,-9.01142557268031e-05,12
plateau-init,/cephfs/home/mkairov/gradim/energy_shaping/runs/mix-N8-K2V2-V62_1M/energygradmem_llama_L4H4D256_mem8_K2_ilr0.4_energy_grad_second_stepalign0.1_iread0.1_bs_64_lr_1e-04_fp32/run_2_unfinished/checkpoint-534500,4,8,-0.5,-2.0,1322.6231689453125,277.5461730957031,7.693879160797223e-05,-8.48886847961694e-05,12
plateau-init,/cephfs/home/mkairov/gradim/energy_shaping/runs/mix-N8-K2V2-V62_1M/energygradmem_llama_L4H4D256_mem8_K2_ilr0.4_energy_grad_second_stepalign0.1_iread0.1_bs_64_lr_1e-04_fp32/run_2_unfinished/checkpoint-534500,4,8,0.0,-2.0,1093.34228515625,48.26530838012695,8.519138646079227e-05,-7.663608266739175e-05,12
plateau-init,/cephfs/home/mkairov/gradim/energy_shaping/runs/mix-N8-K2V2-V62_1M/energygradmem_llama_L4H4D256_mem8_K2_ilr0.4_energy_grad_second_stepalign0.1_iread0.1_bs_64_lr_1e-04_fp32/run_2_unfinished/checkpoint-534500,4,8,0.5,-2.0,896.0230102539062,-149.0540313720703,9.886021143756807e-05,-6.296725769061595e-05,12
plateau-init,/cephfs/home/mkairov/gradim/energy_shaping/runs/mix-N8-K2V2-V62_1M/energygradmem_llama_L4H4D256_mem8_K2_ilr0.4_energy_grad_second_stepalign0.1_iread0.1_bs_64_lr_1e-04_fp32/run_2_unfinished/checkpoint-534500,4,8,1.0,-2.0,739.0361938476562,-306.0407409667969,0.00016314932145178318,1.3218433423389797e-06,12
plateau-init,/cephfs/home/mkairov/gradim/energy_shaping/runs/mix-N8-K2V2-V62_1M/energygradmem_llama_L4H4D256_mem8_K2_ilr0.4_energy_grad_second_stepalign0.1_iread0.1_bs_64_lr_1e-04_fp32/run_2_unfinished/checkpoint-534500,4,8,1.5,-2.0,627.7579345703125,-417.3190612792969,0.09316154569387436,0.09299972653388977,12
plateau-init,/cephfs/home/mkairov/gradim/energy_shaping/runs/mix-N8-K2V2-V62_1M/energygradmem_llama_L4H4D256_mem8_K2_ilr0.4_energy_grad_second_stepalign0.1_iread0.1_bs_64_lr_1e-04_fp32/run_2_unfinished/checkpoint-534500,4,8,2.0,-2.0,566.2474975585938,-478.8294677734375,0.41227439045906067,0.4121125638484955,12
plateau-init,/cephfs/home/mkairov/gradim/energy_shaping/runs/mix-N8-K2V2-V62_1M/energygradmem_llama_L4H4D256_mem8_K2_ilr0.4_energy_grad_second_stepalign0.1_iread0.1_bs_64_lr_1e-04_fp32/run_2_unfinished/checkpoint-534500,4,8,2.5,-2.0,581.1356201171875,-463.9413146972656,0.5987503528594971,0.5985884666442871,12
plateau-init,/cephfs/home/mkairov/gradim/energy_shaping/runs/mix-N8-K2V2-V62_1M/energygradmem_llama_L4H4D256_mem8_K2_ilr0.4_energy_grad_second_stepalign0.1_iread0.1_bs_64_lr_1e-04_fp32/run_2_unfinished/checkpoint-534500,4,8,3.0,-2.0,611.7203979492188,-433.3565673828125,0.640446126461029,0.6402842402458191,12
plateau-init,/cephfs/home/mkairov/gradim/energy_shaping/runs/mix-N8-K2V2-V62_1M/energygradmem_llama_L4H4D256_mem8_K2_ilr0.4_energy_grad_second_stepalign0.1_iread0.1_bs_64_lr_1e-04_fp32/run_2_unfinished/checkpoint-534500,4,8,-3.0,-1.5,2975.995361328125,1930.9183349609375,0.00255899247713387,0.0023971651680767536,12
plateau-init,/cephfs/home/mkairov/gradim/energy_shaping/runs/mix-N8-K2V2-V62_1M/energygradmem_llama_L4H4D256_mem8_K2_ilr0.4_energy_grad_second_stepalign0.1_iread0.1_bs_64_lr_1e-04_fp32/run_2_unfinished/checkpoint-534500,4,8,-2.5,-1.5,2563.2177734375,1518.1407470703125,0.0005162061424925923,0.00035437868791632354,12
plateau-init,/cephfs/home/mkairov/gradim/energy_shaping/runs/mix-N8-K2V2-V62_1M/energygradmem_llama_L4H4D256_mem8_K2_ilr0.4_energy_grad_second_stepalign0.1_iread0.1_bs_64_lr_1e-04_fp32/run_2_unfinished/checkpoint-534500,4,8,-2.0,-1.5,2191.30029296875,1146.2235107421875,0.00012355009675957263,-3.8277386920526624e-05,12
plateau-init,/cephfs/home/mkairov/gradim/energy_shaping/runs/mix-N8-K2V2-V62_1M/energygradmem_llama_L4H4D256_mem8_K2_ilr0.4_energy_grad_second_stepalign0.1_iread0.1_bs_64_lr_1e-04_fp32/run_2_unfinished/checkpoint-534500,4,8,-1.5,-1.5,1858.1846923828125,813.1078491210938,7.806373469065875e-05,-8.376373443752527e-05,12
plateau-init,/cephfs/home/mkairov/gradim/energy_shaping/runs/mix-N8-K2V2-V62_1M/energygradmem_llama_L4H4D256_mem8_K2_ilr0.4_energy_grad_second_stepalign0.1_iread0.1_bs_64_lr_1e-04_fp32/run_2_unfinished/checkpoint-534500,4,8,-1.0,-1.5,1562.1337890625,517.0569458007812,8.261736365966499e-05,-7.921012729639187e-05,12
plateau-init,/cephfs/home/mkairov/gradim/energy_shaping/runs/mix-N8-K2V2-V62_1M/energygradmem_llama_L4H4D256_mem8_K2_ilr0.4_energy_grad_second_stepalign0.1_iread0.1_bs_64_lr_1e-04_fp32/run_2_unfinished/checkpoint-534500,4,8,-0.5,-1.5,1300.9007568359375,255.82386779785156,9.347456943942234e-05,-6.83529069647193e-05,12
plateau-init,/cephfs/home/mkairov/gradim/energy_shaping/runs/mix-N8-K2V2-V62_1M/energygradmem_llama_L4H4D256_mem8_K2_ilr0.4_energy_grad_second_stepalign0.1_iread0.1_bs_64_lr_1e-04_fp32/run_2_unfinished/checkpoint-534500,4,8,0.0,-1.5,1071.61767578125,26.54079246520996,0.00010572601604508236,-5.610145672108047e-05,12
plateau-init,/cephfs/home/mkairov/gradim/energy_shaping/runs/mix-N8-K2V2-V62_1M/energygradmem_llama_L4H4D256_mem8_K2_ilr0.4_energy_grad_second_stepalign0.1_iread0.1_bs_64_lr_1e-04_fp32/run_2_unfinished/checkpoint-534500,4,8,0.5,-1.5,874.2980346679688,-170.77903747558594,0.00012224527017679065,-3.9582188037456945e-05,12
plateau-init,/cephfs/home/mkairov/gradim/energy_shaping/runs/mix-N8-K2V2-V62_1M/energygradmem_llama_L4H4D256_mem8_K2_ilr0.4_energy_grad_second_stepalign0.1_iread0.1_bs_64_lr_1e-04_fp32/run_2_unfinished/checkpoint-534500,4,8,1.0,-1.5,717.934814453125,-327.14208984375,0.00018904505122918636,2.7217587557970546e-05,12
plateau-init,/cephfs/home/mkairov/gradim/energy_shaping/runs/mix-N8-K2V2-V62_1M/energygradmem_llama_L4H4D256_mem8_K2_ilr0.4_energy_grad_second_stepalign0.1_iread0.1_bs_64_lr_1e-04_fp32/run_2_unfinished/checkpoint-534500,4,8,1.5,-1.5,607.035400390625,-438.0415954589844,0.11525053530931473,0.11508872359991074,12
plateau-init,/cephfs/home/mkairov/gradim/energy_shaping/runs/mix-N8-K2V2-V62_1M/energygradmem_llama_L4H4D256_mem8_K2_ilr0.4_energy_grad_second_stepalign0.1_iread0.1_bs_64_lr_1e-04_fp32/run_2_unfinished/checkpoint-534500,4,8,2.0,-1.5,539.91552734375,-505.161376953125,0.4278962314128876,0.4277344048023224,12
plateau-init,/cephfs/home/mkairov/gradim/energy_shaping/runs/mix-N8-K2V2-V62_1M/energygradmem_llama_L4H4D256_mem8_K2_ilr0.4_energy_grad_second_stepalign0.1_iread0.1_bs_64_lr_1e-04_fp32/run_2_unfinished/checkpoint-534500,4,8,2.5,-1.5,547.7272338867188,-497.3497314453125,0.6026151776313782,0.6024534106254578,12
plateau-init,/cephfs/home/mkairov/gradim/energy_shaping/runs/mix-N8-K2V2-V62_1M/energygradmem_llama_L4H4D256_mem8_K2_ilr0.4_energy_grad_second_stepalign0.1_iread0.1_bs_64_lr_1e-04_fp32/run_2_unfinished/checkpoint-534500,4,8,3.0,-1.5,588.9779663085938,-456.0989685058594,0.6326666474342346,0.6325047612190247,12
plateau-init,/cephfs/home/mkairov/gradim/energy_shaping/runs/mix-N8-K2V2-V62_1M/energygradmem_llama_L4H4D256_mem8_K2_ilr0.4_energy_grad_second_stepalign0.1_iread0.1_bs_64_lr_1e-04_fp32/run_2_unfinished/checkpoint-534500,4,8,-3.0,-1.0,2958.658447265625,1913.5816650390625,0.00199352134950459,0.001831693691201508,12
plateau-init,/cephfs/home/mkairov/gradim/energy_shaping/runs/mix-N8-K2V2-V62_1M/energygradmem_llama_L4H4D256_mem8_K2_ilr0.4_energy_grad_second_stepalign0.1_iread0.1_bs_64_lr_1e-04_fp32/run_2_unfinished/checkpoint-534500,4,8,-2.5,-1.0,2548.2265625,1503.1494140625,0.0003752438351511955,0.00021341633691918105,12
plateau-init,/cephfs/home/mkairov/gradim/energy_shaping/runs/mix-N8-K2V2-V62_1M/energygradmem_llama_L4H4D256_mem8_K2_ilr0.4_energy_grad_second_stepalign0.1_iread0.1_bs_64_lr_1e-04_fp32/run_2_unfinished/checkpoint-534500,4,8,-2.0,-1.0,2177.17333984375,1132.0963134765625,0.00010409841343061998,-5.772904842160642e-05,12
plateau-init,/cephfs/home/mkairov/gradim/energy_shaping/runs/mix-N8-K2V2-V62_1M/energygradmem_llama_L4H4D256_mem8_K2_ilr0.4_energy_grad_second_stepalign0.1_iread0.1_bs_64_lr_1e-04_fp32/run_2_unfinished/checkpoint-534500,4,8,-1.5,-1.0,1844.1202392578125,799.0435180664062,8.289990364573896e-05,-7.892757275840268e-05,12
plateau-init,/cephfs/home/mkairov/gradim/energy_shaping/runs/mix-N8-K2V2-V62_1M/energygradmem_llama_L4H4D256_mem8_K2_ilr0.4_energy_grad_second_stepalign0.1_iread0.1_bs_64_lr_1e-04_fp32/run_2_unfinished/checkpoint-534500,4,8,-1.0,-1.0,1547.77490234375,502.6978454589844,9.533644333714619e-05,-6.649104034295306e-05,12
plateau-init,/cephfs/home/mkairov/gradim/energy_shaping/runs/mix-N8-K2V2-V62_1M/energygradmem_llama_L4H4D256_mem8_K2_ilr0.4_energy_grad_second_stepalign0.1_iread0.1_bs_64_lr_1e-04_fp32/run_2_unfinished/checkpoint-534500,4,8,-0.5,-1.0,1286.1771240234375,241.1001739501953,0.00011166403419338167,-5.016343857278116e-05,12
plateau-init,/cephfs/home/mkairov/gradim/energy_shaping/runs/mix-N8-K2V2-V62_1M/energygradmem_llama_L4H4D256_mem8_K2_ilr0.4_energy_grad_second_stepalign0.1_iread0.1_bs_64_lr_1e-04_fp32/run_2_unfinished/checkpoint-534500,4,8,0.0,-1.0,1056.6490478515625,11.572026252746582,0.00012792243796866387,-3.390504207345657e-05,12
plateau-init,/cephfs/home/mkairov/gradim/energy_shaping/runs/mix-N8-K2V2-V62_1M/energygradmem_llama_L4H4D256_mem8_K2_ilr0.4_energy_grad_second_stepalign0.1_iread0.1_bs_64_lr_1e-04_fp32/run_2_unfinished/checkpoint-534500,4,8,0.5,-1.0,859.42236328125,-185.6546173095703,0.00014736888988409191,-1.4458574696618598e-05,12
plateau-init,/cephfs/home/mkairov/gradim/energy_shaping/runs/mix-N8-K2V2-V62_1M/energygradmem_llama_L4H4D256_mem8_K2_ilr0.4_energy_grad_second_stepalign0.1_iread0.1_bs_64_lr_1e-04_fp32/run_2_unfinished/checkpoint-534500,4,8,1.0,-1.0,703.532470703125,-341.54443359375,0.0002221134927822277,6.028602001606487e-05,12
plateau-init,/cephfs/home/mkairov/gradim/energy_shaping/runs/mix-N8-K2V2-V62_1M/energygradmem_llama_L4H4D256_mem8_K2_ilr0.4_energy_grad_second_stepalign0.1_iread0.1_bs_64_lr_1e-04_fp32/run_2_unfinished/checkpoint-534500,4,8,1.5,-1.0,593.2012329101562,-451.875732421875,0.13979989290237427,0.13963806629180908,12
plateau-init,/cephfs/home/mkairov/gradim/energy_shaping/runs/mix-N8-K2V2-V62_1M/energygradmem_llama_L4H4D256_mem8_K2_ilr0.4_energy_grad_second_stepalign0.1_iread0.1_bs_64_lr_1e-04_fp32/run_2_unfinished/checkpoint-534500,4,8,2.0,-1.0,523.0142211914062,-522.0626831054688,0.44198811054229736,0.4418262541294098,12
plateau-init,/cephfs/home/mkairov/gradim/energy_shaping/runs/mix-N8-K2V2-V62_1M/energygradmem_llama_L4H4D256_mem8_K2_ilr0.4_energy_grad_second_stepalign0.1_iread0.1_bs_64_lr_1e-04_fp32/run_2_unfinished/checkpoint-534500,4,8,2.5,-1.0,520.0684204101562,-525.0086059570312,0.6025406718254089,0.6023789048194885,12
plateau-init,/cephfs/home/mkairov/gradim/energy_shaping/runs/mix-N8-K2V2-V62_1M/energygradmem_llama_L4H4D256_mem8_K2_ilr0.4_energy_grad_second_stepalign0.1_iread0.1_bs_64_lr_1e-04_fp32/run_2_unfinished/checkpoint-534500,4,8,3.0,-1.0,572.8182983398438,-472.2586364746094,0.6199250817298889,0.619763195514679,12
plateau-init,/cephfs/home/mkairov/gradim/energy_shaping/runs/mix-N8-K2V2-V62_1M/energygradmem_llama_L4H4D256_mem8_K2_ilr0.4_energy_grad_second_stepalign0.1_iread0.1_bs_64_lr_1e-04_fp32/run_2_unfinished/checkpoint-534500,4,8,-3.0,-0.5,2949.219482421875,1904.142578125,0.0016356598353013396,0.0014738324098289013,12
plateau-init,/cephfs/home/mkairov/gradim/energy_shaping/runs/mix-N8-K2V2-V62_1M/energygradmem_llama_L4H4D256_mem8_K2_ilr0.4_energy_grad_second_stepalign0.1_iread0.1_bs_64_lr_1e-04_fp32/run_2_unfinished/checkpoint-534500,4,8,-2.5,-0.5,2540.470458984375,1495.3935546875,0.00028854442643933,0.00012671695731114596,12
plateau-init,/cephfs/home/mkairov/gradim/energy_shaping/runs/mix-N8-K2V2-V62_1M/energygradmem_llama_L4H4D256_mem8_K2_ilr0.4_energy_grad_second_stepalign0.1_iread0.1_bs_64_lr_1e-04_fp32/run_2_unfinished/checkpoint-534500,4,8,-2.0,-0.5,2169.945556640625,1124.8685302734375,9.382509597344324e-05,-6.800238770665601e-05,12
plateau-init,/cephfs/home/mkairov/gradim/energy_shaping/runs/mix-N8-K2V2-V62_1M/energygradmem_llama_L4H4D256_mem8_K2_ilr0.4_energy_grad_second_stepalign0.1_iread0.1_bs_64_lr_1e-04_fp32/run_2_unfinished/checkpoint-534500,4,8,-1.5,-0.5,1836.7796630859375,791.70263671875,8.766446262598038e-05,-7.416301377816126e-05,12
plateau-init,/cephfs/home/mkairov/gradim/energy_shaping/runs/mix-N8-K2V2-V62_1M/energygradmem_llama_L4H4D256_mem8_K2_ilr0.4_energy_grad_second_stepalign0.1_iread0.1_bs_64_lr_1e-04_fp32/run_2_unfinished/checkpoint-534500,4,8,-1.0,-0.5,1539.884765625,494.8076477050781,0.00010649087926140055,-5.533660078071989e-05,12
plateau-init,/cephfs/home/mkairov/gradim/energy_shaping/runs/mix-N8-K2V2-V62_1M/energygradmem_llama_L4H4D256_mem8_K2_ilr0.4_energy_grad_second_stepalign0.1_iread0.1_bs_64_lr_1e-04_fp32/run_2_unfinished/checkpoint-534500,4,8,-0.5,-0.5,1277.6654052734375,232.5884552001953,0.00012800245895050466,-3.3825017453636974e-05,12
plateau-init,/cephfs/home/mkairov/gradim/energy_shaping/runs/mix-N8-K2V2-V62_1M/energygradmem_llama_L4H4D256_mem8_K2_ilr0.4_energy_grad_second_stepalign0.1_iread0.1_bs_64_lr_1e-04_fp32/run_2_unfinished/checkpoint-534500,4,8,0.0,-0.5,1047.8929443359375,2.8159382343292236,0.00014806164836045355,-1.3765830772172194e-05,12
plateau-init,/cephfs/home/mkairov/gradim/energy_shaping/runs/mix-N8-K2V2-V62_1M/energygradmem_llama_L4H4D256_mem8_K2_ilr0.4_energy_grad_second_stepalign0.1_iread0.1_bs_64_lr_1e-04_fp32/run_2_unfinished/checkpoint-534500,4,8,0.5,-0.5,850.747314453125,-194.3296661376953,0.00017018290236592293,8.355441423191223e-06,12
plateau-init,/cephfs/home/mkairov/gradim/energy_shaping/runs/mix-N8-K2V2-V62_1M/energygradmem_llama_L4H4D256_mem8_K2_ilr0.4_energy_grad_second_stepalign0.1_iread0.1_bs_64_lr_1e-04_fp32/run_2_unfinished/checkpoint-534500,4,8,1.0,-0.5,695.0316772460938,-350.0452880859375,0.0002677363809198141,0.00010590889723971486,12
plateau-init,/cephfs/home/mkairov/gradim/energy_shaping/runs/mix-N8-K2V2-V62_1M/energygradmem_llama_L4H4D256_mem8_K2_ilr0.4_energy_grad_second_stepalign0.1_iread0.1_bs_64_lr_1e-04_fp32/run_2_unfinished/checkpoint-534500,4,8,1.5,-0.5,585.1067504882812,-459.9701843261719,0.1659783571958542,0.165816530585289,12
plateau-init,/cephfs/home/mkairov/gradim/energy_shaping/runs/mix-N8-K2V2-V62_1M/energygradmem_llama_L4H4D256_mem8_K2_ilr0.4_energy_grad_second_stepalign0.1_iread0.1_bs_64_lr_1e-04_fp32/run_2_unfinished/checkpoint-534500,4,8,2.0,-0.5,513.6366577148438,-531.4402465820312,0.4541737735271454,0.4540119469165802,12
plateau-init,/cephfs/home/mkairov/gradim/energy_shaping/runs/mix-N8-K2V2-V62_1M/energygradmem_llama_L4H4D256_mem8_K2_ilr0.4_energy_grad_second_stepalign0.1_iread0.1_bs_64_lr_1e-04_fp32/run_2_unfinished/checkpoint-534500,4,8,2.5,-0.5,498.6998291015625,-546.3771362304688,0.5985371470451355,0.5983753800392151,12
plateau-init,/cephfs/home/mkairov/gradim/energy_shaping/runs/mix-N8-K2V2-V62_1M/energygradmem_llama_L4H4D256_mem8_K2_ilr0.4_energy_grad_second_stepalign0.1_iread0.1_bs_64_lr_1e-04_fp32/run_2_unfinished/checkpoint-534500,4,8,3.0,-0.5,561.78955078125,-483.2873840332031,0.6021087765693665,0.6019469499588013,12
plateau-init,/cephfs/home/mkairov/gradim/energy_shaping/runs/mix-N8-K2V2-V62_1M/energygradmem_llama_L4H4D256_mem8_K2_ilr0.4_energy_grad_second_stepalign0.1_iread0.1_bs_64_lr_1e-04_fp32/run_2_unfinished/checkpoint-534500,4,8,-3.0,0.0,2946.8798828125,1901.8028564453125,0.001471357885748148,0.001309530227445066,12
plateau-init,/cephfs/home/mkairov/gradim/energy_shaping/runs/mix-N8-K2V2-V62_1M/energygradmem_llama_L4H4D256_mem8_K2_ilr0.4_energy_grad_second_stepalign0.1_iread0.1_bs_64_lr_1e-04_fp32/run_2_unfinished/checkpoint-534500,4,8,-2.5,0.0,2539.322998046875,1494.24609375,0.00023460584634449333,7.277836266439408e-05,12
plateau-init,/cephfs/home/mkairov/gradim/energy_shaping/runs/mix-N8-K2V2-V62_1M/energygradmem_llama_L4H4D256_mem8_K2_ilr0.4_energy_grad_second_stepalign0.1_iread0.1_bs_64_lr_1e-04_fp32/run_2_unfinished/checkpoint-534500,4,8,-2.0,0.0,2169.104248046875,1124.02734375,8.661015453981236e-05,-7.521730003645644e-05,12
plateau-init,/cephfs/home/mkairov/gradim/energy_shaping/runs/mix-N8-K2V2-V62_1M/energygradmem_llama_L4H4D256_mem8_K2_ilr0.4_energy_grad_second_stepalign0.1_iread0.1_bs_64_lr_1e-04_fp32/run_2_unfinished/checkpoint-534500,4,8,-1.5,0.0,1835.6484375,790.5714721679688,8.941956184571609e-05,-7.240790728246793e-05,12
plateau-init,/cephfs/home/mkairov/gradim/energy_shaping/runs/mix-N8-K2V2-V62_1M/energygradmem_llama_L4H4D256_mem8_K2_ilr0.4_energy_grad_second_stepalign0.1_iread0.1_bs_64_lr_1e-04_fp32/run_2_unfinished/checkpoint-534500,4,8,-1.0,0.0,1538.1409912109375,493.0638732910156,0.00011296026787022129,-4.886720853392035e-05,12
plateau-init,/cephfs/home/mkairov/gradim/energy_shaping/runs/mix-N8-K2V2-V62_1M/energygradmem_llama_L4H4D256_mem8_K2_ilr0.4_energy_grad_second_stepalign0.1_iread0.1_bs_64_lr_1e-04_fp32/run_2_unfinished/checkpoint-534500,4,8,-0.5,0.0,1275.1031494140625,230.0261993408203,0.00013871949340682477,-2.310798481630627e-05,12
plateau-init,/cephfs/home/mkairov/gradim/energy_shaping/runs/mix-N8-K2V2-V62_1M/energygradmem_llama_L4H4D256_mem8_K2_ilr0.4_energy_grad_second_stepalign0.1_iread0.1_bs_64_lr_1e-04_fp32/run_2_unfinished/checkpoint-534500,4,8,0.0,0.0,1045.076904296875,0.0,0.00016182746912818402,0.0,12
plateau-init,/cephfs/home/mkairov/gradim/energy_shaping/runs/mix-N8-K2V2-V62_1M/energygradmem_llama_L4H4D256_mem8_K2_ilr0.4_energy_grad_second_stepalign0.1_iread0.1_bs_64_lr_1e-04_fp32/run_2_unfinished/checkpoint-534500,4,8,0.5,0.0,847.9108276367188,-197.1661834716797,0.00018591505067888647,2.4087597921607085e-05,12
plateau-init,/cephfs/home/mkairov/gradim/energy_shaping/runs/mix-N8-K2V2-V62_1M/energygradmem_llama_L4H4D256_mem8_K2_ilr0.4_energy_grad_second_stepalign0.1_iread0.1_bs_64_lr_1e-04_fp32/run_2_unfinished/checkpoint-534500,4,8,1.0,0.0,691.998779296875,-353.0781555175781,0.00036959853605367243,0.00020777108147740364,12
plateau-init,/cephfs/home/mkairov/gradim/energy_shaping/runs/mix-N8-K2V2-V62_1M/energygradmem_llama_L4H4D256_mem8_K2_ilr0.4_energy_grad_second_stepalign0.1_iread0.1_bs_64_lr_1e-04_fp32/run_2_unfinished/checkpoint-534500,4,8,1.5,0.0,582.3049926757812,-462.77197265625,0.19294454157352448,0.1927827149629593,12
plateau-init,/cephfs/home/mkairov/gradim/energy_shaping/runs/mix-N8-K2V2-V62_1M/energygradmem_llama_L4H4D256_mem8_K2_ilr0.4_energy_grad_second_stepalign0.1_iread0.1_bs_64_lr_1e-04_fp32/run_2_unfinished/checkpoint-534500,4,8,2.0,0.0,510.264892578125,-534.81201171875,0.46412357687950134,0.46396172046661377,12
plateau-init,/cephfs/home/mkairov/gradim/energy_shaping/runs/mix-N8-K2V2-V62_1M/energygradmem_llama_L4H4D256_mem8_K2_ilr0.4_energy_grad_second_stepalign0.1_iread0.1_bs_64_lr_1e-04_fp32/run_2_unfinished/checkpoint-534500,4,8,2.5,0.0,485.34814453125,-559.728759765625,0.5906880497932434,0.5905261635780334,12
plateau-init,/cephfs/home/mkairov/gradim/energy_shaping/runs/mix-N8-K2V2-V62_1M/energygradmem_llama_L4H4D256_mem8_K2_ilr0.4_energy_grad_second_stepalign0.1_iread0.1_bs_64_lr_1e-04_fp32/run_2_unfinished/checkpoint-534500,4,8,3.0,0.0,554.5662841796875,-490.5107116699219,0.5794992446899414,0.5793373584747314,12
plateau-init,/cephfs/home/mkairov/gradim/energy_shaping/runs/mix-N8-K2V2-V62_1M/energygradmem_llama_L4H4D256_mem8_K2_ilr0.4_energy_grad_second_stepalign0.1_iread0.1_bs_64_lr_1e-04_fp32/run_2_unfinished/checkpoint-534500,4,8,-3.0,0.5,2951.218017578125,1906.1412353515625,0.0016032414278015494,0.0014414138859137893,12
plateau-init,/cephfs/home/mkairov/gradim/energy_shaping/runs/mix-N8-K2V2-V62_1M/energygradmem_llama_L4H4D256_mem8_K2_ilr0.4_energy_grad_second_stepalign0.1_iread0.1_bs_64_lr_1e-04_fp32/run_2_unfinished/checkpoint-534500,4,8,-2.5,0.5,2544.468017578125,1499.39111328125,0.00020150176715105772,3.967429438489489e-05,12
plateau-init,/cephfs/home/mkairov/gradim/energy_shaping/runs/mix-N8-K2V2-V62_1M/energygradmem_llama_L4H4D256_mem8_K2_ilr0.4_energy_grad_second_stepalign0.1_iread0.1_bs_64_lr_1e-04_fp32/run_2_unfinished/checkpoint-534500,4,8,-2.0,0.5,2174.394287109375,1129.3175048828125,7.94837178546004e-05,-8.234375127358362e-05,12
plateau-init,/cephfs/home/mkairov/gradim/energy_shaping/runs/mix-N8-K2V2-V62_1M/energygradmem_llama_L4H4D256_mem8_K2_ilr0.4_energy_grad_second_stepalign0.1_iread0.1_bs_64_lr_1e-04_fp32/run_2_unfinished/checkpoint-534500,4,8,-1.5,0.5,1840.5484619140625,795.4716186523438,8.664854249218479e-05,-7.5178912084084e-05,12
plateau-init,/cephfs/home/mkairov/gradim/energy_shaping/runs/mix-N8-K2V2-V62_1M/energygradmem_llama_L4H4D256_mem8_K2_ilr0.4_energy_grad_second_stepalign0.1_iread0.1_bs_64_lr_1e-04_fp32/run_2_unfinished/checkpoint-534500,4,8,-1.0,0.5,1542.4022216796875,497.3252868652344,0.00011265158536843956,-4.9175898311659694e-05,12
plateau-init,/cephfs/home/mkairov/gradim/energy_shaping/runs/mix-N8-K2V2-V62_1M/energygradmem_llama_L4H4D256_mem8_K2_ilr0.4_energy_grad_second_stepalign0.1_iread0.1_bs_64_lr_1e-04_fp32/run_2_unfinished/checkpoint-534500,4,8,-0.5,0.5,1278.530029296875,233.4529266357422,0.0001408463722327724,-2.098109689541161e-05,12
plateau-init,/cephfs/home/mkairov/gradim/energy_shaping/runs/mix-N8-K2V2-V62_1M/energygradmem_llama_L4H4D256_mem8_K2_ilr0.4_energy_grad_second_stepalign0.1_iread0.1_bs_64_lr_1e-04_fp32/run_2_unfinished/checkpoint-534500,4,8,0.0,0.5,1048.072021484375,2.9950764179229736,0.00016558857169002295,3.761096422749688e-06,12
plateau-init,/cephfs/home/mkairov/gradim/energy_shaping/runs/mix-N8-K2V2-V62_1M/energygradmem_llama_L4H4D256_mem8_K2_ilr0.4_energy_grad_second_stepalign0.1_iread0.1_bs_64_lr_1e-04_fp32/run_2_unfinished/checkpoint-534500,4,8,0.5,0.5,850.8746948242188,-194.2022705078125,0.0001906171819427982,2.8789710995624773e-05,12
plateau-init,/cephfs/home/mkairov/gradim/energy_shaping/runs/mix-N8-K2V2-V62_1M/energygradmem_llama_L4H4D256_mem8_K2_ilr0.4_energy_grad_second_stepalign0.1_iread0.1_bs_64_lr_1e-04_fp32/run_2_unfinished/checkpoint-534500,4,8,1.0,0.5,694.35400390625,-350.7229309082031,0.0007795972633175552,0.0006177697796374559,12
plateau-init,/cephfs/home/mkairov/gradim/energy_shaping/runs/mix-N8-K2V2-V62_1M/energygradmem_llama_L4H4D256_mem8_K2_ilr0.4_energy_grad_second_stepalign0.1_iread0.1_bs_64_lr_1e-04_fp32/run_2_unfinished/checkpoint-534500,4,8,1.5,0.5,584.75390625,-460.3230895996094,0.21988357603549957,0.21972177922725677,12
plateau-init,/cephfs/home/mkairov/gradim/energy_shaping/runs/mix-N8-K2V2-V62_1M/energygradmem_llama_L4H4D256_mem8_K2_ilr0.4_energy_grad_second_stepalign0.1_iread0.1_bs_64_lr_1e-04_fp32/run_2_unfinished/checkpoint-534500,4,8,2.0,0.5,512.3248291015625,-532.7521362304688,0.4715670347213745,0.47140517830848694,12
plateau-init,/cephfs/home/mkairov/gradim/energy_shaping/runs/mix-N8-K2V2-V62_1M/energygradmem_llama_L4H4D256_mem8_K2_ilr0.4_energy_grad_second_stepalign0.1_iread0.1_bs_64_lr_1e-04_fp32/run_2_unfinished/checkpoint-534500,4,8,2.5,0.5,481.492919921875,-563.5840454101562,0.579142689704895,0.5789807438850403,12
plateau-init,/cephfs/home/mkairov/gradim/energy_shaping/runs/mix-N8-K2V2-V62_1M/energygradmem_llama_L4H4D256_mem8_K2_ilr0.4_energy_grad_second_stepalign0.1_iread0.1_bs_64_lr_1e-04_fp32/run_2_unfinished/checkpoint-534500,4,8,3.0,0.5,550.75537109375,-494.3216247558594,0.5526383519172668,0.5524764657020569,12
plateau-init,/cephfs/home/mkairov/gradim/energy_shaping/runs/mix-N8-K2V2-V62_1M/energygradmem_llama_L4H4D256_mem8_K2_ilr0.4_energy_grad_second_stepalign0.1_iread0.1_bs_64_lr_1e-04_fp32/run_2_unfinished/checkpoint-534500,4,8,-3.0,1.0,2962.013427734375,1916.9366455078125,0.0025173041503876448,0.0023554766084998846,12
plateau-init,/cephfs/home/mkairov/gradim/energy_shaping/runs/mix-N8-K2V2-V62_1M/energygradmem_llama_L4H4D256_mem8_K2_ilr0.4_energy_grad_second_stepalign0.1_iread0.1_bs_64_lr_1e-04_fp32/run_2_unfinished/checkpoint-534500,4,8,-2.5,1.0,2555.88232421875,1510.8055419921875,0.00018498109420761466,2.315364145033527e-05,12
plateau-init,/cephfs/home/mkairov/gradim/energy_shaping/runs/mix-N8-K2V2-V62_1M/energygradmem_llama_L4H4D256_mem8_K2_ilr0.4_energy_grad_second_stepalign0.1_iread0.1_bs_64_lr_1e-04_fp32/run_2_unfinished/checkpoint-534500,4,8,-2.0,1.0,2185.847412109375,1140.7705078125,7.183536217780784e-05,-8.999212150229141e-05,12
plateau-init,/cephfs/home/mkairov/gradim/energy_shaping/runs/mix-N8-K2V2-V62_1M/energygradmem_llama_L4H4D256_mem8_K2_ilr0.4_energy_grad_second_stepalign0.1_iread0.1_bs_64_lr_1e-04_fp32/run_2_unfinished/checkpoint-534500,4,8,-1.5,1.0,1851.53173828125,806.45458984375,7.938869384815916e-05,-8.243877528002486e-05,12
plateau-init,/cephfs/home/mkairov/gradim/energy_shaping/runs/mix-N8-K2V2-V62_1M/energygradmem_llama_L4H4D256_mem8_K2_ilr0.4_energy_grad_second_stepalign0.1_iread0.1_bs_64_lr_1e-04_fp32/run_2_unfinished/checkpoint-534500,4,8,-1.0,1.0,1552.6641845703125,507.5872497558594,0.00010512448352528736,-5.6702981964917853e-05,12
plateau-init,/cephfs/home/mkairov/gradim/energy_shaping/runs/mix-N8-K2V2-V62_1M/energygradmem_llama_L4H4D256_mem8_K2_ilr0.4_energy_grad_second_stepalign0.1_iread0.1_bs_64_lr_1e-04_fp32/run_2_unfinished/checkpoint-534500,4,8,-0.5,1.0,1288.0198974609375,242.9430389404297,0.0001333097170572728,-2.8517759346868843e-05,12
plateau-init,/cephfs/home/mkairov/gradim/energy_shaping/runs/mix-N8-K2V2-V62_1M/energygradmem_llama_L4H4D256_mem8_K2_ilr0.4_energy_grad_second_stepalign0.1_iread0.1_bs_64_lr_1e-04_fp32/run_2_unfinished/checkpoint-534500,4,8,0.0,1.0,1057.0462646484375,11.969345092773438,0.00015786172298248857,-3.965749783674255e-06,12
plateau-init,/cephfs/home/mkairov/gradim/energy_shaping/runs/mix-N8-K2V2-V62_1M/energygradmem_llama_L4H4D256_mem8_K2_ilr0.4_energy_grad_second_stepalign0.1_iread0.1_bs_64_lr_1e-04_fp32/run_2_unfinished/checkpoint-534500,4,8,0.5,1.0,859.746826171875,-185.3301239013672,0.00018272343731950969,2.089597546728328e-05,12
plateau-init,/cephfs/home/mkairov/gradim/energy_shaping/runs/mix-N8-K2V2-V62_1M/energygradmem_llama_L4H4D256_mem8_K2_ilr0.4_energy_grad_second_stepalign0.1_iread0.1_bs_64_lr_1e-04_fp32/run_2_unfinished/checkpoint-534500,4,8,1.0,1.0,702.4579467773438,-342.6190185546875,0.0028268219903111458,0.0026649944484233856,12
plateau-init,/cephfs/home/mkairov/gradim/energy_shaping/runs/mix-N8-K2V2-V62_1M/energygradmem_llama_L4H4D256_mem8_K2_ilr0.4_energy_grad_second_stepalign0.1_iread0.1_bs_64_lr_1e-04_fp32/run_2_unfinished/checkpoint-534500,4,8,1.5,1.0,592.5847778320312,-452.4922180175781,0.2460494190454483,0.2458876222372055,12
plateau-init,/cephfs/home/mkairov/gradim/energy_shaping/runs/mix-N8-K2V2-V62_1M/energygradmem_llama_L4H4D256_mem8_K2_ilr0.4_energy_grad_second_stepalign0.1_iread0.1_bs_64_lr_1e-04_fp32/run_2_unfinished/checkpoint-534500,4,8,2.0,1.0,519.7518920898438,-525.3251342773438,0.47629880905151367,0.47613704204559326,12
plateau-init,/cephfs/home/mkairov/gradim/energy_shaping/runs/mix-N8-K2V2-V62_1M/energygradmem_llama_L4H4D256_mem8_K2_ilr0.4_energy_grad_second_stepalign0.1_iread0.1_bs_64_lr_1e-04_fp32/run_2_unfinished/checkpoint-534500,4,8,2.5,1.0,485.853515625,-559.2234497070312,0.5641138553619385,0.5639520287513733,12
plateau-init,/cephfs/home/mkairov/gradim/energy_shaping/runs/mix-N8-K2V2-V62_1M/energygradmem_llama_L4H4D256_mem8_K2_ilr0.4_energy_grad_second_stepalign0.1_iread0.1_bs_64_lr_1e-04_fp32/run_2_unfinished/checkpoint-534500,4,8,3.0,1.0,550.12255859375,-494.954345703125,0.5223475098609924,0.5221856832504272,12
plateau-init,/cephfs/home/mkairov/gradim/energy_shaping/runs/mix-N8-K2V2-V62_1M/energygradmem_llama_L4H4D256_mem8_K2_ilr0.4_energy_grad_second_stepalign0.1_iread0.1_bs_64_lr_1e-04_fp32/run_2_unfinished/checkpoint-534500,4,8,-3.0,1.5,2979.306640625,1934.22998046875,0.0059931837022304535,0.005831356626003981,12
plateau-init,/cephfs/home/mkairov/gradim/energy_shaping/runs/mix-N8-K2V2-V62_1M/energygradmem_llama_L4H4D256_mem8_K2_ilr0.4_energy_grad_second_stepalign0.1_iread0.1_bs_64_lr_1e-04_fp32/run_2_unfinished/checkpoint-534500,4,8,-2.5,1.5,2573.778564453125,1528.7017822265625,0.00019371289818082005,3.188544724253006e-05,12
plateau-init,/cephfs/home/mkairov/gradim/energy_shaping/runs/mix-N8-K2V2-V62_1M/energygradmem_llama_L4H4D256_mem8_K2_ilr0.4_energy_grad_second_stepalign0.1_iread0.1_bs_64_lr_1e-04_fp32/run_2_unfinished/checkpoint-534500,4,8,-2.0,1.5,2203.725341796875,1158.6483154296875,6.502556061604992e-05,-9.68019085121341e-05,12
plateau-init,/cephfs/home/mkairov/gradim/energy_shaping/runs/mix-N8-K2V2-V62_1M/energygradmem_llama_L4H4D256_mem8_K2_ilr0.4_energy_grad_second_stepalign0.1_iread0.1_bs_64_lr_1e-04_fp32/run_2_unfinished/checkpoint-534500,4,8,-1.5,1.5,1868.8997802734375,823.8226928710938,6.926700007170439e-05,-9.256047633243725e-05,12
plateau-init,/cephfs/home/mkairov/gradim/energy_shaping/runs/mix-N8-K2V2-V62_1M/energygradmem_llama_L4H4D256_mem8_K2_ilr0.4_energy_grad_second_stepalign0.1_iread0.1_bs_64_lr_1e-04_fp32/run_2_unfinished/checkpoint-534500,4,8,-1.0,1.5,1569.3177490234375,524.24072265625,9.190462151309475e-05,-6.992285489104688e-05,12
plateau-init,/cephfs/home/mkairov/gradim/energy_shaping/runs/mix-N8-K2V2-V62_1M/energygradmem_llama_L4H4D256_mem8_K2_ilr0.4_energy_grad_second_stepalign0.1_iread0.1_bs_64_lr_1e-04_fp32/run_2_unfinished/checkpoint-534500,4,8,-0.5,1.5,1303.875244140625,258.79833984375,0.0001175193683593534,-4.430810804478824e-05,12
plateau-init,/cephfs/home/mkairov/gradim/energy_shaping/runs/mix-N8-K2V2-V62_1M/energygradmem_llama_L4H4D256_mem8_K2_ilr0.4_energy_grad_second_stepalign0.1_iread0.1_bs_64_lr_1e-04_fp32/run_2_unfinished/checkpoint-534500,4,8,0.0,1.5,1072.263671875,27.18670654296875,0.00013999089424032718,-2.183658398280386e-05,12
plateau-init,/cephfs/home/mkairov/gradim/energy_shaping/runs/mix-N8-K2V2-V62_1M/energygradmem_llama_L4H4D256_mem8_K2_ilr0.4_energy_grad_second_stepalign0.1_iread0.1_bs_64_lr_1e-04_fp32/run_2_unfinished/checkpoint-534500,4,8,0.5,1.5,874.84716796875,-170.22984313964844,0.00016396942373830825,2.1419607492134674e-06,12
plateau-init,/cephfs/home/mkairov/gradim/energy_shaping/runs/mix-N8-K2V2-V62_1M/energygradmem_llama_L4H4D256_mem8_K2_ilr0.4_energy_grad_second_stepalign0.1_iread0.1_bs_64_lr_1e-04_fp32/run_2_unfinished/checkpoint-534500,4,8,1.0,1.5,717.1744995117188,-327.9024658203125,0.01171655859798193,0.011554730124771595,12
plateau-init,/cephfs/home/mkairov/gradim/energy_shaping/runs/mix-N8-K2V2-V62_1M/energygradmem_llama_L4H4D256_mem8_K2_ilr0.4_energy_grad_second_stepalign0.1_iread0.1_bs_64_lr_1e-04_fp32/run_2_unfinished/checkpoint-534500,4,8,1.5,1.5,606.1547241210938,-438.9222717285156,0.2707826495170593,0.27062085270881653,12
plateau-init,/cephfs/home/mkairov/gradim/energy_shaping/runs/mix-N8-K2V2-V62_1M/energygradmem_llama_L4H4D256_mem8_K2_ilr0.4_energy_grad_second_stepalign0.1_iread0.1_bs_64_lr_1e-04_fp32/run_2_unfinished/checkpoint-534500,4,8,2.0,1.5,532.8643188476562,-512.212646484375,0.47818291187286377,0.4780210256576538,12
plateau-init,/cephfs/home/mkairov/gradim/energy_shaping/runs/mix-N8-K2V2-V62_1M/energygradmem_llama_L4H4D256_mem8_K2_ilr0.4_energy_grad_second_stepalign0.1_iread0.1_bs_64_lr_1e-04_fp32/run_2_unfinished/checkpoint-534500,4,8,2.5,1.5,497.7021179199219,-547.3748168945312,0.5458695888519287,0.5457077622413635,12
plateau-init,/cephfs/home/mkairov/gradim/energy_shaping/runs/mix-N8-K2V2-V62_1M/energygradmem_llama_L4H4D256_mem8_K2_ilr0.4_energy_grad_second_stepalign0.1_iread0.1_bs_64_lr_1e-04_fp32/run_2_unfinished/checkpoint-534500,4,8,3.0,1.5,554.0502319335938,-491.0267333984375,0.48982957005500793,0.48966774344444275,12
plateau-init,/cephfs/home/mkairov/gradim/energy_shaping/runs/mix-N8-K2V2-V62_1M/energygradmem_llama_L4H4D256_mem8_K2_ilr0.4_energy_grad_second_stepalign0.1_iread0.1_bs_64_lr_1e-04_fp32/run_2_unfinished/checkpoint-534500,4,8,-3.0,2.0,3003.4443359375,1958.3673095703125,0.016417285427451134,0.0162554569542408,12
plateau-init,/cephfs/home/mkairov/gradim/energy_shaping/runs/mix-N8-K2V2-V62_1M/energygradmem_llama_L4H4D256_mem8_K2_ilr0.4_energy_grad_second_stepalign0.1_iread0.1_bs_64_lr_1e-04_fp32/run_2_unfinished/checkpoint-534500,4,8,-2.5,2.0,2598.551025390625,1553.47412109375,0.0002950557100120932,0.00013322824088390917,12
plateau-init,/cephfs/home/mkairov/gradim/energy_shaping/runs/mix-N8-K2V2-V62_1M/energygradmem_llama_L4H4D256_mem8_K2_ilr0.4_energy_grad_second_stepalign0.1_iread0.1_bs_64_lr_1e-04_fp32/run_2_unfinished/checkpoint-534500,4,8,-2.0,2.0,2228.5029296875,1183.4261474609375,6.306177965598181e-05,-9.876568947220221e-05,12
plateau-init,/cephfs/home/mkairov/gradim/energy_shaping/runs/mix-N8-K2V2-V62_1M/energygradmem_llama_L4H4D256_mem8_K2_ilr0.4_energy_grad_second_stepalign0.1_iread0.1_bs_64_lr_1e-04_fp32/run_2_unfinished/checkpoint-534500,4,8,-1.5,2.0,1893.1763916015625,848.099609375,5.9662197600118816e-05,-0.00010216527880402282,12
plateau-init,/cephfs/home/mkairov/gradim/energy_shaping/runs/mix-N8-K2V2-V62_1M/energygradmem_llama_L4H4D256_mem8_K2_ilr0.4_energy_grad_second_stepalign0.1_iread0.1_bs_64_lr_1e-04_fp32/run_2_unfinished/checkpoint-534500,4,8,-1.0,2.0,1592.86328125,547.7863159179688,7.629363244632259e-05,-8.553385123377666e-05,12
plateau-init,/cephfs/home/mkairov/gradim/energy_shaping/runs/mix-N8-K2V2-V62_1M/energygradmem_llama_L4H4D256_mem8_K2_ilr0.4_energy_grad_second_stepalign0.1_iread0.1_bs_64_lr_1e-04_fp32/run_2_unfinished/checkpoint-534500,4,8,-0.5,2.0,1326.7095947265625,281.6326599121094,9.697527275420725e-05,-6.485220364993438e-05,12
plateau-init,/cephfs/home/mkairov/gradim/energy_shaping/runs/mix-N8-K2V2-V62_1M/energygradmem_llama_L4H4D256_mem8_K2_ilr0.4_energy_grad_second_stepalign0.1_iread0.1_bs_64_lr_1e-04_fp32/run_2_unfinished/checkpoint-534500,4,8,0.0,2.0,1094.328125,49.251220703125,0.00011582344450289384,-4.600402098731138e-05,12
plateau-init,/cephfs/home/mkairov/gradim/energy_shaping/runs/mix-N8-K2V2-V62_1M/energygradmem_llama_L4H4D256_mem8_K2_ilr0.4_energy_grad_second_stepalign0.1_iread0.1_bs_64_lr_1e-04_fp32/run_2_unfinished/checkpoint-534500,4,8,0.5,2.0,896.813232421875,-148.26376342773438,0.00013933748414274305,-2.248999044240918e-05,12
plateau-init,/cephfs/home/mkairov/gradim/energy_shaping/runs/mix-N8-K2V2-V62_1M/energygradmem_llama_L4H4D256_mem8_K2_ilr0.4_energy_grad_second_stepalign0.1_iread0.1_bs_64_lr_1e-04_fp32/run_2_unfinished/checkpoint-534500,4,8,1.0,2.0,739.0747680664062,-306.0021057128906,0.03455459326505661,0.034392762929201126,12
plateau-init,/cephfs/home/mkairov/gradim/energy_shaping/runs/mix-N8-K2V2-V62_1M/energygradmem_llama_L4H4D256_mem8_K2_ilr0.4_energy_grad_second_stepalign0.1_iread0.1_bs_64_lr_1e-04_fp32/run_2_unfinished/checkpoint-534500,4,8,1.5,2.0,626.836181640625,-418.2408142089844,0.2935173809528351,0.2933555841445923,12
plateau-init,/cephfs/home/mkairov/gradim/energy_shaping/runs/mix-N8-K2V2-V62_1M/energygradmem_llama_L4H4D256_mem8_K2_ilr0.4_energy_grad_second_stepalign0.1_iread0.1_bs_64_lr_1e-04_fp32/run_2_unfinished/checkpoint-534500,4,8,2.0,2.0,552.7792358398438,-492.2977600097656,0.477143257856369,0.47698140144348145,12
plateau-init,/cephfs/home/mkairov/gradim/energy_shaping/runs/mix-N8-K2V2-V62_1M/energygradmem_llama_L4H4D256_mem8_K2_ilr0.4_energy_grad_second_stepalign0.1_iread0.1_bs_64_lr_1e-04_fp32/run_2_unfinished/checkpoint-534500,4,8,2.5,2.0,517.2146606445312,-527.8622436523438,0.5247622132301331,0.5246003270149231,12
plateau-init,/cephfs/home/mkairov/gradim/energy_shaping/runs/mix-N8-K2V2-V62_1M/energygradmem_llama_L4H4D256_mem8_K2_ilr0.4_energy_grad_second_stepalign0.1_iread0.1_bs_64_lr_1e-04_fp32/run_2_unfinished/checkpoint-534500,4,8,3.0,2.0,564.8960571289062,-480.180908203125,0.4571894407272339,0.4570275545120239,12
plateau-init,/cephfs/home/mkairov/gradim/energy_shaping/runs/mix-N8-K2V2-V62_1M/energygradmem_llama_L4H4D256_mem8_K2_ilr0.4_energy_grad_second_stepalign0.1_iread0.1_bs_64_lr_1e-04_fp32/run_2_unfinished/checkpoint-534500,4,8,-3.0,2.5,3034.9287109375,1989.8515625,0.03688594326376915,0.036724116653203964,12
plateau-init,/cephfs/home/mkairov/gradim/energy_shaping/runs/mix-N8-K2V2-V62_1M/energygradmem_llama_L4H4D256_mem8_K2_ilr0.4_energy_grad_second_stepalign0.1_iread0.1_bs_64_lr_1e-04_fp32/run_2_unfinished/checkpoint-534500,4,8,-2.5,2.5,2630.731201171875,1585.6541748046875,0.00093991489848122,0.0007780874148011208,12
plateau-init,/cephfs/home/mkairov/gradim/energy_shaping/runs/mix-N8-K2V2-V62_1M/energygradmem_llama_L4H4D256_mem8_K2_ilr0.4_energy_grad_second_stepalign0.1_iread0.1_bs_64_lr_1e-04_fp32/run_2_unfinished/checkpoint-534500,4,8,-2.0,2.5,2260.818359375,1215.741455078125,7.565061241621152e-05,-8.61768567119725e-05,12
plateau-init,/cephfs/home/mkairov/gradim/energy_shaping/runs/mix-N8-K2V2-V62_1M/energygradmem_llama_L4H4D256_mem8_K2_ilr0.4_energy_grad_second_stepalign0.1_iread0.1_bs_64_lr_1e-04_fp32/run_2_unfinished/checkpoint-534500,4,8,-1.5,2.5,1925.0914306640625,880.0147094726562,5.679391688317992e-05,-0.0001050335486070253,12
plateau-init,/cephfs/home/mkairov/gradim/energy_shaping/runs/mix-N8-K2V2-V62_1M/energygradmem_llama_L4H4D256_mem8_K2_ilr0.4_energy_grad_second_stepalign0.1_iread0.1_bs_64_lr_1e-04_fp32/run_2_unfinished/checkpoint-534500,4,8,-1.0,2.5,1624.12109375,579.0441284179688,6.339823448797688e-05,-9.842923464020714e-05,12
plateau-init,/cephfs/home/mkairov/gradim/energy_shaping/runs/mix-N8-K2V2-V62_1M/energygradmem_llama_L4H4D256_mem8_K2_ilr0.4_energy_grad_second_stepalign0.1_iread0.1_bs_64_lr_1e-04_fp32/run_2_unfinished/checkpoint-534500,4,8,-0.5,2.5,1357.243896484375,312.1669921875,7.66073790146038e-05,-8.522009738953784e-05,12
plateau-init,/cephfs/home/mkairov/gradim/energy_shaping/runs/mix-N8-K2V2-V62_1M/energygradmem_llama_L4H4D256_mem8_K2_ilr0.4_energy_grad_second_stepalign0.1_iread0.1_bs_64_lr_1e-04_fp32/run_2_unfinished/checkpoint-534500,4,8,0.0,2.5,1123.974365234375,78.89742279052734,9.05271153897047e-05,-7.130036101443693e-05,12
plateau-init,/cephfs/home/mkairov/gradim/energy_shaping/runs/mix-N8-K2V2-V62_1M/energygradmem_llama_L4H4D256_mem8_K2_ilr0.4_energy_grad_second_stepalign0.1_iread0.1_bs_64_lr_1e-04_fp32/run_2_unfinished/checkpoint-534500,4,8,0.5,2.5,926.6930541992188,-118.3839340209961,0.00011838100181194022,-4.3446470954222605e-05,12
plateau-init,/cephfs/home/mkairov/gradim/energy_shaping/runs/mix-N8-K2V2-V62_1M/energygradmem_llama_L4H4D256_mem8_K2_ilr0.4_energy_grad_second_stepalign0.1_iread0.1_bs_64_lr_1e-04_fp32/run_2_unfinished/checkpoint-534500,4,8,1.0,2.5,768.61376953125,-276.4631652832031,0.06690892577171326,0.06674709916114807,12
plateau-init,/cephfs/home/mkairov/gradim/energy_shaping/runs/mix-N8-K2V2-V62_1M/energygradmem_llama_L4H4D256_mem8_K2_ilr0.4_energy_grad_second_stepalign0.1_iread0.1_bs_64_lr_1e-04_fp32/run_2_unfinished/checkpoint-534500,4,8,1.5,2.5,655.4259643554688,-389.6510314941406,0.31377652287483215,0.31361472606658936,12
plateau-init,/cephfs/home/mkairov/gradim/energy_shaping/runs/mix-N8-K2V2-V62_1M/energygradmem_llama_L4H4D256_mem8_K2_ilr0.4_energy_grad_second_stepalign0.1_iread0.1_bs_64_lr_1e-04_fp32/run_2_unfinished/checkpoint-534500,4,8,2.0,2.5,580.4275512695312,-464.6493835449219,0.4731858968734741,0.47302404046058655,12
plateau-init,/cephfs/home/mkairov/gradim/energy_shaping/runs/mix-N8-K2V2-V62_1M/energygradmem_llama_L4H4D256_mem8_K2_ilr0.4_energy_grad_second_stepalign0.1_iread0.1_bs_64_lr_1e-04_fp32/run_2_unfinished/checkpoint-534500,4,8,2.5,2.5,544.9490966796875,-500.1278991699219,0.5015580058097839,0.501396119594574,12
plateau-init,/cephfs/home/mkairov/gradim/energy_shaping/runs/mix-N8-K2V2-V62_1M/energygradmem_llama_L4H4D256_mem8_K2_ilr0.4_energy_grad_second_stepalign0.1_iread0.1_bs_64_lr_1e-04_fp32/run_2_unfinished/checkpoint-534500,4,8,3.0,2.5,585.4932861328125,-459.5837097167969,0.429538756608963,0.42937687039375305,12
plateau-init,/cephfs/home/mkairov/gradim/energy_shaping/runs/mix-N8-K2V2-V62_1M/energygradmem_llama_L4H4D256_mem8_K2_ilr0.4_energy_grad_second_stepalign0.1_iread0.1_bs_64_lr_1e-04_fp32/run_2_unfinished/checkpoint-534500,4,8,-3.0,3.0,3074.43359375,2029.3568115234375,0.0628150925040245,0.06265325844287872,12
plateau-init,/cephfs/home/mkairov/gradim/energy_shaping/runs/mix-N8-K2V2-V62_1M/energygradmem_llama_L4H4D256_mem8_K2_ilr0.4_energy_grad_second_stepalign0.1_iread0.1_bs_64_lr_1e-04_fp32/run_2_unfinished/checkpoint-534500,4,8,-2.5,3.0,2671.041259765625,1625.9644775390625,0.004790968261659145,0.0046291411854326725,12
plateau-init,/cephfs/home/mkairov/gradim/energy_shaping/runs/mix-N8-K2V2-V62_1M/energygradmem_llama_L4H4D256_mem8_K2_ilr0.4_energy_grad_second_stepalign0.1_iread0.1_bs_64_lr_1e-04_fp32/run_2_unfinished/checkpoint-534500,4,8,-2.0,3.0,2301.407958984375,1256.3306884765625,0.00013230230251792818,-2.9525161153287627e-05,12
plateau-init,/cephfs/home/mkairov/gradim/energy_shaping/runs/mix-N8-K2V2-V62_1M/energygradmem_llama_L4H4D256_mem8_K2_ilr0.4_energy_grad_second_stepalign0.1_iread0.1_bs_64_lr_1e-04_fp32/run_2_unfinished/checkpoint-534500,4,8,-1.5,3.0,1965.5003662109375,920.4234008789062,7.450895645888522e-05,-8.731850539334118e-05,12
plateau-init,/cephfs/home/mkairov/gradim/energy_shaping/runs/mix-N8-K2V2-V62_1M/energygradmem_llama_L4H4D256_mem8_K2_ilr0.4_energy_grad_second_stepalign0.1_iread0.1_bs_64_lr_1e-04_fp32/run_2_unfinished/checkpoint-534500,4,8,-1.0,3.0,1663.8690185546875,618.7921752929688,6.221342482604086e-05,-9.961405157810077e-05,12
plateau-init,/cephfs/home/mkairov/gradim/energy_shaping/runs/mix-N8-K2V2-V62_1M/energygradmem_llama_L4H4D256_mem8_K2_ilr0.4_energy_grad_second_stepalign0.1_iread0.1_bs_64_lr_1e-04_fp32/run_2_unfinished/checkpoint-534500,4,8,-0.5,3.0,1396.1751708984375,351.0982360839844,6.327914161374792e-05,-9.854833479039371e-05,12
plateau-init,/cephfs/home/mkairov/gradim/energy_shaping/runs/mix-N8-K2V2-V62_1M/energygradmem_llama_L4H4D256_mem8_K2_ilr0.4_energy_grad_second_stepalign0.1_iread0.1_bs_64_lr_1e-04_fp32/run_2_unfinished/checkpoint-534500,4,8,0.0,3.0,1162.1131591796875,117.03619384765625,7.053917943267152e-05,-9.12882896955125e-05,12
plateau-init,/cephfs/home/mkairov/gradim/energy_shaping/runs/mix-N8-K2V2-V62_1M/energygradmem_llama_L4H4D256_mem8_K2_ilr0.4_energy_grad_second_stepalign0.1_iread0.1_bs_64_lr_1e-04_fp32/run_2_unfinished/checkpoint-534500,4,8,0.5,3.0,965.162353515625,-79.91460418701172,0.00013227669114712626,-2.9550777981057763e-05,12
plateau-init,/cephfs/home/mkairov/gradim/energy_shaping/runs/mix-N8-K2V2-V62_1M/energygradmem_llama_L4H4D256_mem8_K2_ilr0.4_energy_grad_second_stepalign0.1_iread0.1_bs_64_lr_1e-04_fp32/run_2_unfinished/checkpoint-534500,4,8,1.0,3.0,806.8947143554688,-238.1822052001953,0.101168192923069,0.10100638121366501,12
plateau-init,/cephfs/home/mkairov/gradim/energy_shaping/runs/mix-N8-K2V2-V62_1M/energygradmem_llama_L4H4D256_mem8_K2_ilr0.4_energy_grad_second_stepalign0.1_iread0.1_bs_64_lr_1e-04_fp32/run_2_unfinished/checkpoint-534500,4,8,1.5,3.0,692.10693359375,-352.9700622558594,0.33121535181999207,0.3310535252094269,12
plateau-init,/cephfs/home/mkairov/gradim/energy_shaping/runs/mix-N8-K2V2-V62_1M/energygradmem_llama_L4H4D256_mem8_K2_ilr0.4_energy_grad_second_stepalign0.1_iread0.1_bs_64_lr_1e-04_fp32/run_2_unfinished/checkpoint-534500,4,8,2.0,3.0,616.6966552734375,-428.3803405761719,0.46675440669059753,0.46659255027770996,12
plateau-init,/cephfs/home/mkairov/gradim/energy_shaping/runs/mix-N8-K2V2-V62_1M/energygradmem_llama_L4H4D256_mem8_K2_ilr0.4_energy_grad_second_stepalign0.1_iread0.1_bs_64_lr_1e-04_fp32/run_2_unfinished/checkpoint-534500,4,8,2.5,3.0,581.6736450195312,-463.4033203125,0.47969433665275574,0.4795325696468353,12
plateau-init,/cephfs/home/mkairov/gradim/energy_shaping/runs/mix-N8-K2V2-V62_1M/energygradmem_llama_L4H4D256_mem8_K2_ilr0.4_energy_grad_second_stepalign0.1_iread0.1_bs_64_lr_1e-04_fp32/run_2_unfinished/checkpoint-534500,4,8,3.0,3.0,616.78662109375,-428.2903747558594,0.416236013174057,0.4160741865634918,12
lipschitz-s144,/cephfs/home/mkairov/gradim/energy_shaping/runs/mix-N8-K2V2-V62_1M/energygradmem_llama_L4H4D256_mem8_K2_ilr0.4_energy_lip0.003_L5_grad_second_stepalign0.1_iread0.1_bs_64_lr_1e-04_b10.9_b20.98_fp32_init_plateau/run_2/checkpoint-166000,0,1,-3.0,-3.0,1397.1722412109375,521.1389770507812,4.299646854400635,-0.5125746726989746,12
lipschitz-s144,/cephfs/home/mkairov/gradim/energy_shaping/runs/mix-N8-K2V2-V62_1M/energygradmem_llama_L4H4D256_mem8_K2_ilr0.4_energy_lip0.003_L5_grad_second_stepalign0.1_iread0.1_bs_64_lr_1e-04_b10.9_b20.98_fp32_init_plateau/run_2/checkpoint-166000,0,1,-2.5,-3.0,1374.298828125,498.2655334472656,3.983772039413452,-0.8284497857093811,12
lipschitz-s144,/cephfs/home/mkairov/gradim/energy_shaping/runs/mix-N8-K2V2-V62_1M/energygradmem_llama_L4H4D256_mem8_K2_ilr0.4_energy_lip0.003_L5_grad_second_stepalign0.1_iread0.1_bs_64_lr_1e-04_b10.9_b20.98_fp32_init_plateau/run_2/checkpoint-166000,0,1,-2.0,-3.0,1349.364990234375,473.3316345214844,3.4820454120635986,-1.3301758766174316,12
lipschitz-s144,/cephfs/home/mkairov/gradim/energy_shaping/runs/mix-N8-K2V2-V62_1M/energygradmem_llama_L4H4D256_mem8_K2_ilr0.4_energy_lip0.003_L5_grad_second_stepalign0.1_iread0.1_bs_64_lr_1e-04_b10.9_b20.98_fp32_init_plateau/run_2/checkpoint-166000,0,1,-1.5,-3.0,1303.294677734375,427.2613830566406,3.247878074645996,-1.5643435716629028,12
lipschitz-s144,/cephfs/home/mkairov/gradim/energy_shaping/runs/mix-N8-K2V2-V62_1M/energygradmem_llama_L4H4D256_mem8_K2_ilr0.4_energy_lip0.003_L5_grad_second_stepalign0.1_iread0.1_bs_64_lr_1e-04_b10.9_b20.98_fp32_init_plateau/run_2/checkpoint-166000,0,1,-1.0,-3.0,1186.6331787109375,310.5999450683594,3.086608648300171,-1.725612998008728,12
lipschitz-s144,/cephfs/home/mkairov/gradim/energy_shaping/runs/mix-N8-K2V2-V62_1M/energygradmem_llama_L4H4D256_mem8_K2_ilr0.4_energy_lip0.003_L5_grad_second_stepalign0.1_iread0.1_bs_64_lr_1e-04_b10.9_b20.98_fp32_init_plateau/run_2/checkpoint-166000,0,1,-0.5,-3.0,1117.9566650390625,241.9234619140625,2.5654351711273193,-2.24678635597229,12
lipschitz-s144,/cephfs/home/mkairov/gradim/energy_shaping/runs/mix-N8-K2V2-V62_1M/energygradmem_llama_L4H4D256_mem8_K2_ilr0.4_energy_lip0.003_L5_grad_second_stepalign0.1_iread0.1_bs_64_lr_1e-04_b10.9_b20.98_fp32_init_plateau/run_2/checkpoint-166000,0,1,0.0,-3.0,1093.5020751953125,217.46888732910156,2.6072895526885986,-2.2049319744110107,12
lipschitz-s144,/cephfs/home/mkairov/gradim/energy_shaping/runs/mix-N8-K2V2-V62_1M/energygradmem_llama_L4H4D256_mem8_K2_ilr0.4_energy_lip0.003_L5_grad_second_stepalign0.1_iread0.1_bs_64_lr_1e-04_b10.9_b20.98_fp32_init_plateau/run_2/checkpoint-166000,0,1,0.5,-3.0,1014.29052734375,138.2572784423828,2.6619627475738525,-2.150258779525757,12
lipschitz-s144,/cephfs/home/mkairov/gradim/energy_shaping/runs/mix-N8-K2V2-V62_1M/energygradmem_llama_L4H4D256_mem8_K2_ilr0.4_energy_lip0.003_L5_grad_second_stepalign0.1_iread0.1_bs_64_lr_1e-04_b10.9_b20.98_fp32_init_plateau/run_2/checkpoint-166000,0,1,1.0,-3.0,961.0747680664062,85.04161834716797,2.7260916233062744,-2.086129903793335,12
lipschitz-s144,/cephfs/home/mkairov/gradim/energy_shaping/runs/mix-N8-K2V2-V62_1M/energygradmem_llama_L4H4D256_mem8_K2_ilr0.4_energy_lip0.003_L5_grad_second_stepalign0.1_iread0.1_bs_64_lr_1e-04_b10.9_b20.98_fp32_init_plateau/run_2/checkpoint-166000,0,1,1.5,-3.0,969.1198120117188,93.0865478515625,2.8392391204833984,-1.9729827642440796,12
lipschitz-s144,/cephfs/home/mkairov/gradim/energy_shaping/runs/mix-N8-K2V2-V62_1M/energygradmem_llama_L4H4D256_mem8_K2_ilr0.4_energy_lip0.003_L5_grad_second_stepalign0.1_iread0.1_bs_64_lr_1e-04_b10.9_b20.98_fp32_init_plateau/run_2/checkpoint-166000,0,1,2.0,-3.0,923.007568359375,46.97426223754883,2.6741247177124023,-2.138097047805786,12
lipschitz-s144,/cephfs/home/mkairov/gradim/energy_shaping/runs/mix-N8-K2V2-V62_1M/energygradmem_llama_L4H4D256_mem8_K2_ilr0.4_energy_lip0.003_L5_grad_second_stepalign0.1_iread0.1_bs_64_lr_1e-04_b10.9_b20.98_fp32_init_plateau/run_2/checkpoint-166000,0,1,2.5,-3.0,878.29443359375,2.2611796855926514,2.4256951808929443,-2.386526584625244,12
lipschitz-s144,/cephfs/home/mkairov/gradim/energy_shaping/runs/mix-N8-K2V2-V62_1M/energygradmem_llama_L4H4D256_mem8_K2_ilr0.4_energy_lip0.003_L5_grad_second_stepalign0.1_iread0.1_bs_64_lr_1e-04_b10.9_b20.98_fp32_init_plateau/run_2/checkpoint-166000,0,1,3.0,-3.0,798.7267456054688,-77.30654907226562,2.287018299102783,-2.525202989578247,12
lipschitz-s144,/cephfs/home/mkairov/gradim/energy_shaping/runs/mix-N8-K2V2-V62_1M/energygradmem_llama_L4H4D256_mem8_K2_ilr0.4_energy_lip0.003_L5_grad_second_stepalign0.1_iread0.1_bs_64_lr_1e-04_b10.9_b20.98_fp32_init_plateau/run_2/checkpoint-166000,0,1,-3.0,-2.5,1447.4371337890625,571.4038696289062,4.282639026641846,-0.5295825600624084,12
lipschitz-s144,/cephfs/home/mkairov/gradim/energy_shaping/runs/mix-N8-K2V2-V62_1M/energygradmem_llama_L4H4D256_mem8_K2_ilr0.4_energy_lip0.003_L5_grad_second_stepalign0.1_iread0.1_bs_64_lr_1e-04_b10.9_b20.98_fp32_init_plateau/run_2/checkpoint-166000,0,1,-2.5,-2.5,1406.6192626953125,530.5859985351562,4.227746486663818,-0.5844751000404358,12
lipschitz-s144,/cephfs/home/mkairov/gradim/energy_shaping/runs/mix-N8-K2V2-V62_1M/energygradmem_llama_L4H4D256_mem8_K2_ilr0.4_energy_lip0.003_L5_grad_second_stepalign0.1_iread0.1_bs_64_lr_1e-04_b10.9_b20.98_fp32_init_plateau/run_2/checkpoint-166000,0,1,-2.0,-2.5,1375.41455078125,499.3813781738281,3.8027687072753906,-1.0094529390335083,12
lipschitz-s144,/cephfs/home/mkairov/gradim/energy_shaping/runs/mix-N8-K2V2-V62_1M/energygradmem_llama_L4H4D256_mem8_K2_ilr0.4_energy_lip0.003_L5_grad_second_stepalign0.1_iread0.1_bs_64_lr_1e-04_b10.9_b20.98_fp32_init_plateau/run_2/checkpoint-166000,0,1,-1.5,-2.5,1330.3846435546875,454.3514404296875,3.275763750076294,-1.5364576578140259,12
lipschitz-s144,/cephfs/home/mkairov/gradim/energy_shaping/runs/mix-N8-K2V2-V62_1M/energygradmem_llama_L4H4D256_mem8_K2_ilr0.4_energy_lip0.003_L5_grad_second_stepalign0.1_iread0.1_bs_64_lr_1e-04_b10.9_b20.98_fp32_init_plateau/run_2/checkpoint-166000,0,1,-1.0,-2.5,1234.361328125,358.3282470703125,3.178619623184204,-1.6336021423339844,12
lipschitz-s144,/cephfs/home/mkairov/gradim/energy_shaping/runs/mix-N8-K2V2-V62_1M/energygradmem_llama_L4H4D256_mem8_K2_ilr0.4_energy_lip0.003_L5_grad_second_stepalign0.1_iread0.1_bs_64_lr_1e-04_b10.9_b20.98_fp32_init_plateau/run_2/checkpoint-166000,0,1,-0.5,-2.5,1127.5836181640625,251.5503387451172,2.65563702583313,-2.1565847396850586,12
lipschitz-s144,/cephfs/home/mkairov/gradim/energy_shaping/runs/mix-N8-K2V2-V62_1M/energygradmem_llama_L4H4D256_mem8_K2_ilr0.4_energy_lip0.003_L5_grad_second_stepalign0.1_iread0.1_bs_64_lr_1e-04_b10.9_b20.98_fp32_init_plateau/run_2/checkpoint-166000,0,1,0.0,-2.5,1091.2896728515625,215.2565155029297,2.5997729301452637,-2.212448835372925,12
lipschitz-s144,/cephfs/home/mkairov/gradim/energy_shaping/runs/mix-N8-K2V2-V62_1M/energygradmem_llama_L4H4D256_mem8_K2_ilr0.4_energy_lip0.003_L5_grad_second_stepalign0.1_iread0.1_bs_64_lr_1e-04_b10.9_b20.98_fp32_init_plateau/run_2/checkpoint-166000,0,1,0.5,-2.5,991.1118774414062,115.0785903930664,2.655317544937134,-2.1569042205810547,12
lipschitz-s144,/cephfs/home/mkairov/gradim/energy_shaping/runs/mix-N8-K2V2-V62_1M/energygradmem_llama_L4H4D256_mem8_K2_ilr0.4_energy_lip0.003_L5_grad_second_stepalign0.1_iread0.1_bs_64_lr_1e-04_b10.9_b20.98_fp32_init_plateau/run_2/checkpoint-166000,0,1,1.0,-2.5,972.140625,96.10742950439453,3.0195257663726807,-1.7926959991455078,12
lipschitz-s144,/cephfs/home/mkairov/gradim/energy_shaping/runs/mix-N8-K2V2-V62_1M/energygradmem_llama_L4H4D256_mem8_K2_ilr0.4_energy_lip0.003_L5_grad_second_stepalign0.1_iread0.1_bs_64_lr_1e-04_b10.9_b20.98_fp32_init_plateau/run_2/checkpoint-166000,0,1,1.5,-2.5,935.1965942382812,59.16334915161133,2.7063181400299072,-2.105903387069702,12
lipschitz-s144,/cephfs/home/mkairov/gradim/energy_shaping/runs/mix-N8-K2V2-V62_1M/energygradmem_llama_L4H4D256_mem8_K2_ilr0.4_energy_lip0.003_L5_grad_second_stepalign0.1_iread0.1_bs_64_lr_1e-04_b10.9_b20.98_fp32_init_plateau/run_2/checkpoint-166000,0,1,2.0,-2.5,886.0344848632812,10.001220703125,2.4297256469726562,-2.382495880126953,12
lipschitz-s144,/cephfs/home/mkairov/gradim/energy_shaping/runs/mix-N8-K2V2-V62_1M/energygradmem_llama_L4H4D256_mem8_K2_ilr0.4_energy_lip0.003_L5_grad_second_stepalign0.1_iread0.1_bs_64_lr_1e-04_b10.9_b20.98_fp32_init_plateau/run_2/checkpoint-166000,0,1,2.5,-2.5,800.3042602539062,-75.72900390625,2.27134370803833,-2.5408775806427,12
lipschitz-s144,/cephfs/home/mkairov/gradim/energy_shaping/runs/mix-N8-K2V2-V62_1M/energygradmem_llama_L4H4D256_mem8_K2_ilr0.4_energy_lip0.003_L5_grad_second_stepalign0.1_iread0.1_bs_64_lr_1e-04_b10.9_b20.98_fp32_init_plateau/run_2/checkpoint-166000,0,1,3.0,-2.5,739.22998046875,-136.8032989501953,1.862748622894287,-2.9494731426239014,12
lipschitz-s144,/cephfs/home/mkairov/gradim/energy_shaping/runs/mix-N8-K2V2-V62_1M/energygradmem_llama_L4H4D256_mem8_K2_ilr0.4_energy_lip0.003_L5_grad_second_stepalign0.1_iread0.1_bs_64_lr_1e-04_b10.9_b20.98_fp32_init_plateau/run_2/checkpoint-166000,0,1,-3.0,-2.0,1533.013671875,656.9802856445312,4.304402828216553,-0.5078185200691223,12
lipschitz-s144,/cephfs/home/mkairov/gradim/energy_shaping/runs/mix-N8-K2V2-V62_1M/energygradmem_llama_L4H4D256_mem8_K2_ilr0.4_energy_lip0.003_L5_grad_second_stepalign0.1_iread0.1_bs_64_lr_1e-04_b10.9_b20.98_fp32_init_plateau/run_2/checkpoint-166000,0,1,-2.5,-2.0,1475.6746826171875,599.6412963867188,4.223536014556885,-0.5886854529380798,12
lipschitz-s144,/cephfs/home/mkairov/gradim/energy_shaping/runs/mix-N8-K2V2-V62_1M/energygradmem_llama_L4H4D256_mem8_K2_ilr0.4_energy_lip0.003_L5_grad_second_stepalign0.1_iread0.1_bs_64_lr_1e-04_b10.9_b20.98_fp32_init_plateau/run_2/checkpoint-166000,0,1,-2.0,-2.0,1421.6630859375,545.6298217773438,4.137075901031494,-0.6751461625099182,12
lipschitz-s144,/cephfs/home/mkairov/gradim/energy_shaping/runs/mix-N8-K2V2-V62_1M/energygradmem_llama_L4H4D256_mem8_K2_ilr0.4_energy_lip0.003_L5_grad_second_stepalign0.1_iread0.1_bs_64_lr_1e-04_b10.9_b20.98_fp32_init_plateau/run_2/checkpoint-166000,0,1,-1.5,-2.0,1375.2666015625,499.2333984375,3.5862998962402344,-1.2259219884872437,12
lipschitz-s144,/cephfs/home/mkairov/gradim/energy_shaping/runs/mix-N8-K2V2-V62_1M/energygradmem_llama_L4H4D256_mem8_K2_ilr0.4_energy_lip0.003_L5_grad_second_stepalign0.1_iread0.1_bs_64_lr_1e-04_b10.9_b20.98_fp32_init_plateau/run_2/checkpoint-166000,0,1,-1.0,-2.0,1306.9068603515625,430.8735656738281,3.1505088806152344,-1.6617127656936646,12
lipschitz-s144,/cephfs/home/mkairov/gradim/energy_shaping/runs/mix-N8-K2V2-V62_1M/energygradmem_llama_L4H4D256_mem8_K2_ilr0.4_energy_lip0.003_L5_grad_second_stepalign0.1_iread0.1_bs_64_lr_1e-04_b10.9_b20.98_fp32_init_plateau/run_2/checkpoint-166000,0,1,-0.5,-2.0,1142.6444091796875,266.6111755371094,2.8053627014160156,-2.006859064102173,12
lipschitz-s144,/cephfs/home/mkairov/gradim/energy_shaping/runs/mix-N8-K2V2-V62_1M/energygradmem_llama_L4H4D256_mem8_K2_ilr0.4_energy_lip0.003_L5_grad_second_stepalign0.1_iread0.1_bs_64_lr_1e-04_b10.9_b20.98_fp32_init_plateau/run_2/checkpoint-166000,0,1,0.0,-2.0,1088.7611083984375,212.7277069091797,2.591447114944458,-2.2207746505737305,12
lipschitz-s144,/cephfs/home/mkairov/gradim/energy_shaping/runs/mix-N8-K2V2-V62_1M/energygradmem_llama_L4H4D256_mem8_K2_ilr0.4_energy_lip0.003_L5_grad_second_stepalign0.1_iread0.1_bs_64_lr_1e-04_b10.9_b20.98_fp32_init_plateau/run_2/checkpoint-166000,0,1,0.5,-2.0,970.7426147460938,94.70926666259766,2.724623680114746,-2.0875978469848633,12
lipschitz-s144,/cephfs/home/mkairov/gradim/energy_shaping/runs/mix-N8-K2V2-V62_1M/energygradmem_llama_L4H4D256_mem8_K2_ilr0.4_energy_lip0.003_L5_grad_second_stepalign0.1_iread0.1_bs_64_lr_1e-04_b10.9_b20.98_fp32_init_plateau/run_2/checkpoint-166000,0,1,1.0,-2.0,956.7609252929688,80.72760009765625,2.772710084915161,-2.0395114421844482,12
lipschitz-s144,/cephfs/home/mkairov/gradim/energy_shaping/runs/mix-N8-K2V2-V62_1M/energygradmem_llama_L4H4D256_mem8_K2_ilr0.4_energy_lip0.003_L5_grad_second_stepalign0.1_iread0.1_bs_64_lr_1e-04_b10.9_b20.98_fp32_init_plateau/run_2/checkpoint-166000,0,1,1.5,-2.0,887.0031127929688,10.969833374023438,2.4528706073760986,-2.3593509197235107,12
lipschitz-s144,/cephfs/home/mkairov/gradim/energy_shaping/runs/mix-N8-K2V2-V62_1M/energygradmem_llama_L4H4D256_mem8_K2_ilr0.4_energy_lip0.003_L5_grad_second_stepalign0.1_iread0.1_bs_64_lr_1e-04_b10.9_b20.98_fp32_init_plateau/run_2/checkpoint-166000,0,1,2.0,-2.0,801.970703125,-74.06261444091797,2.2198164463043213,-2.5924055576324463,12
lipschitz-s144,/cephfs/home/mkairov/gradim/energy_shaping/runs/mix-N8-K2V2-V62_1M/energygradmem_llama_L4H4D256_mem8_K2_ilr0.4_energy_lip0.003_L5_grad_second_stepalign0.1_iread0.1_bs_64_lr_1e-04_b10.9_b20.98_fp32_init_plateau/run_2/checkpoint-166000,0,1,2.5,-2.0,729.9474487304688,-146.0858612060547,1.6475014686584473,-3.164720296859741,12
lipschitz-s144,/cephfs/home/mkairov/gradim/energy_shaping/runs/mix-N8-K2V2-V62_1M/energygradmem_llama_L4H4D256_mem8_K2_ilr0.4_energy_lip0.003_L5_grad_second_stepalign0.1_iread0.1_bs_64_lr_1e-04_b10.9_b20.98_fp32_init_plateau/run_2/checkpoint-166000,0,1,3.0,-2.0,638.9022827148438,-237.1309814453125,1.1247646808624268,-3.6874568462371826,12
lipschitz-s144,/cephfs/home/mkairov/gradim/energy_shaping/runs/mix-N8-K2V2-V62_1M/energygradmem_llama_L4H4D256_mem8_K2_ilr0.4_energy_lip0.003_L5_grad_second_stepalign0.1_iread0.1_bs_64_lr_1e-04_b10.9_b20.98_fp32_init_plateau/run_2/checkpoint-166000,0,1,-3.0,-1.5,1641.4613037109375,765.427978515625,4.386085033416748,-0.4261368215084076,12
lipschitz-s144,/cephfs/home/mkairov/gradim/energy_shaping/runs/mix-N8-K2V2-V62_1M/energygradmem_llama_L4H4D256_mem8_K2_ilr0.4_energy_lip0.003_L5_grad_second_stepalign0.1_iread0.1_bs_64_lr_1e-04_b10.9_b20.98_fp32_init_plateau/run_2/checkpoint-166000,0,1,-2.5,-1.5,1592.35791015625,716.3246459960938,4.199212074279785,-0.6130096316337585,12
lipschitz-s144,/cephfs/home/mkairov/gradim/energy_shaping/runs/mix-N8-K2V2-V62_1M/energygradmem_llama_L4H4D256_mem8_K2_ilr0.4_energy_lip0.003_L5_grad_second_stepalign0.1_iread0.1_bs_64_lr_1e-04_b10.9_b20.98_fp32_init_plateau/run_2/checkpoint-166000,0,1,-2.0,-1.5,1523.53564453125,647.5023803710938,4.1772027015686035,-0.6350187063217163,12
lipschitz-s144,/cephfs/home/mkairov/gradim/energy_shaping/runs/mix-N8-K2V2-V62_1M/energygradmem_llama_L4H4D256_mem8_K2_ilr0.4_energy_lip0.003_L5_grad_second_stepalign0.1_iread0.1_bs_64_lr_1e-04_b10.9_b20.98_fp32_init_plateau/run_2/checkpoint-166000,0,1,-1.5,-1.5,1447.2938232421875,571.2605590820312,4.024642467498779,-0.787579357624054,12
lipschitz-s144,/cephfs/home/mkairov/gradim/energy_shaping/runs/mix-N8-K2V2-V62_1M/energygradmem_llama_L4H4D256_mem8_K2_ilr0.4_energy_lip0.003_L5_grad_second_stepalign0.1_iread0.1_bs_64_lr_1e-04_b10.9_b20.98_fp32_init_plateau/run_2/checkpoint-166000,0,1,-1.0,-1.5,1374.69775390625,498.6644592285156,3.262408494949341,-1.5498132705688477,12
lipschitz-s144,/cephfs/home/mkairov/gradim/energy_shaping/runs/mix-N8-K2V2-V62_1M/energygradmem_llama_L4H4D256_mem8_K2_ilr0.4_energy_lip0.003_L5_grad_second_stepalign0.1_iread0.1_bs_64_lr_1e-04_b10.9_b20.98_fp32_init_plateau/run_2/checkpoint-166000,0,1,-0.5,-1.5,1180.6851806640625,304.6520080566406,2.9803860187530518,-1.8318352699279785,12
lipschitz-s144,/cephfs/home/mkairov/gradim/energy_shaping/runs/mix-N8-K2V2-V62_1M/energygradmem_llama_L4H4D256_mem8_K2_ilr0.4_energy_lip0.003_L5_grad_second_stepalign0.1_iread0.1_bs_64_lr_1e-04_b10.9_b20.98_fp32_init_plateau/run_2/checkpoint-166000,0,1,0.0,-1.5,1086.0555419921875,210.02215576171875,2.57554030418396,-2.2366812229156494,12
lipschitz-s144,/cephfs/home/mkairov/gradim/energy_shaping/runs/mix-N8-K2V2-V62_1M/energygradmem_llama_L4H4D256_mem8_K2_ilr0.4_energy_lip0.003_L5_grad_second_stepalign0.1_iread0.1_bs_64_lr_1e-04_b10.9_b20.98_fp32_init_plateau/run_2/checkpoint-166000,0,1,0.5,-1.5,952.8163452148438,76.78314971923828,2.6629536151885986,-2.1492679119110107,12
lipschitz-s144,/cephfs/home/mkairov/gradim/energy_shaping/runs/mix-N8-K2V2-V62_1M/energygradmem_llama_L4H4D256_mem8_K2_ilr0.4_energy_lip0.003_L5_grad_second_stepalign0.1_iread0.1_bs_64_lr_1e-04_b10.9_b20.98_fp32_init_plateau/run_2/checkpoint-166000,0,1,1.0,-1.5,885.5905151367188,9.55724048614502,2.59395694732666,-2.218264579772949,12
lipschitz-s144,/cephfs/home/mkairov/gradim/energy_shaping/runs/mix-N8-K2V2-V62_1M/energygradmem_llama_L4H4D256_mem8_K2_ilr0.4_energy_lip0.003_L5_grad_second_stepalign0.1_iread0.1_bs_64_lr_1e-04_b10.9_b20.98_fp32_init_plateau/run_2/checkpoint-166000,0,1,1.5,-1.5,801.5088500976562,-74.52442169189453,2.0805752277374268,-2.7316465377807617,12
lipschitz-s144,/cephfs/home/mkairov/gradim/energy_shaping/runs/mix-N8-K2V2-V62_1M/energygradmem_llama_L4H4D256_mem8_K2_ilr0.4_energy_lip0.003_L5_grad_second_stepalign0.1_iread0.1_bs_64_lr_1e-04_b10.9_b20.98_fp32_init_plateau/run_2/checkpoint-166000,0,1,2.0,-1.5,715.4871215820312,-160.546142578125,1.1217169761657715,-3.690504789352417,12
lipschitz-s144,/cephfs/home/mkairov/gradim/energy_shaping/runs/mix-N8-K2V2-V62_1M/energygradmem_llama_L4H4D256_mem8_K2_ilr0.4_energy_lip0.003_L5_grad_second_stepalign0.1_iread0.1_bs_64_lr_1e-04_b10.9_b20.98_fp32_init_plateau/run_2/checkpoint-166000,0,1,2.5,-1.5,610.665771484375,-265.3674621582031,0.819741427898407,-3.9924802780151367,12
lipschitz-s144,/cephfs/home/mkairov/gradim/energy_shaping/runs/mix-N8-K2V2-V62_1M/energygradmem_llama_L4H4D256_mem8_K2_ilr0.4_energy_lip0.003_L5_grad_second_stepalign0.1_iread0.1_bs_64_lr_1e-04_b10.9_b20.98_fp32_init_plateau/run_2/checkpoint-166000,0,1,3.0,-1.5,558.7738647460938,-317.2593994140625,0.9537158012390137,-3.8585054874420166,12
lipschitz-s144,/cephfs/home/mkairov/gradim/energy_shaping/runs/mix-N8-K2V2-V62_1M/energygradmem_llama_L4H4D256_mem8_K2_ilr0.4_energy_lip0.003_L5_grad_second_stepalign0.1_iread0.1_bs_64_lr_1e-04_b10.9_b20.98_fp32_init_plateau/run_2/checkpoint-166000,0,1,-3.0,-1.0,1762.6217041015625,886.5885620117188,4.811313152313232,-0.0009090105886571109,12
lipschitz-s144,/cephfs/home/mkairov/gradim/energy_shaping/runs/mix-N8-K2V2-V62_1M/energygradmem_llama_L4H4D256_mem8_K2_ilr0.4_energy_lip0.003_L5_grad_second_stepalign0.1_iread0.1_bs_64_lr_1e-04_b10.9_b20.98_fp32_init_plateau/run_2/checkpoint-166000,0,1,-2.5,-1.0,1740.53564453125,864.50244140625,4.673107147216797,-0.1391143649816513,12
lipschitz-s144,/cephfs/home/mkairov/gradim/energy_shaping/runs/mix-N8-K2V2-V62_1M/energygradmem_llama_L4H4D256_mem8_K2_ilr0.4_energy_lip0.003_L5_grad_second_stepalign0.1_iread0.1_bs_64_lr_1e-04_b10.9_b20.98_fp32_init_plateau/run_2/checkpoint-166000,0,1,-2.0,-1.0,1691.6512451171875,815.6179809570312,4.390329360961914,-0.42189180850982666,12
lipschitz-s144,/cephfs/home/mkairov/gradim/energy_shaping/runs/mix-N8-K2V2-V62_1M/energygradmem_llama_L4H4D256_mem8_K2_ilr0.4_energy_lip0.003_L5_grad_second_stepalign0.1_iread0.1_bs_64_lr_1e-04_b10.9_b20.98_fp32_init_plateau/run_2/checkpoint-166000,0,1,-1.5,-1.0,1615.2642822265625,739.2310180664062,4.160651683807373,-0.6515698432922363,12
lipschitz-s144,/cephfs/home/mkairov/gradim/energy_shaping/runs/mix-N8-K2V2-V62_1M/energygradmem_llama_L4H4D256_mem8_K2_ilr0.4_energy_lip0.003_L5_grad_second_stepalign0.1_iread0.1_bs_64_lr_1e-04_b10.9_b20.98_fp32_init_plateau/run_2/checkpoint-166000,0,1,-1.0,-1.0,1498.32373046875,622.290283203125,3.8354523181915283,-0.9767691493034363,12
lipschitz-s144,/cephfs/home/mkairov/gradim/energy_shaping/runs/mix-N8-K2V2-V62_1M/energygradmem_llama_L4H4D256_mem8_K2_ilr0.4_energy_lip0.003_L5_grad_second_stepalign0.1_iread0.1_bs_64_lr_1e-04_b10.9_b20.98_fp32_init_plateau/run_2/checkpoint-166000,0,1,-0.5,-1.0,1323.5731201171875,447.539794921875,2.9794206619262695,-1.8328008651733398,12
lipschitz-s144,/cephfs/home/mkairov/gradim/energy_shaping/runs/mix-N8-K2V2-V62_1M/energygradmem_llama_L4H4D256_mem8_K2_ilr0.4_energy_lip0.003_L5_grad_second_stepalign0.1_iread0.1_bs_64_lr_1e-04_b10.9_b20.98_fp32_init_plateau/run_2/checkpoint-166000,0,1,0.0,-1.0,1085.739501953125,209.7062530517578,2.49981689453125,-2.3124043941497803,12
lipschitz-s144,/cephfs/home/mkairov/gradim/energy_shaping/runs/mix-N8-K2V2-V62_1M/energygradmem_llama_L4H4D256_mem8_K2_ilr0.4_energy_lip0.003_L5_grad_second_stepalign0.1_iread0.1_bs_64_lr_1e-04_b10.9_b20.98_fp32_init_plateau/run_2/checkpoint-166000,0,1,0.5,-1.0,935.1500854492188,59.1168098449707,2.6213643550872803,-2.190857410430908,12
lipschitz-s144,/cephfs/home/mkairov/gradim/energy_shaping/runs/mix-N8-K2V2-V62_1M/energygradmem_llama_L4H4D256_mem8_K2_ilr0.4_energy_lip0.003_L5_grad_second_stepalign0.1_iread0.1_bs_64_lr_1e-04_b10.9_b20.98_fp32_init_plateau/run_2/checkpoint-166000,0,1,1.0,-1.0,790.20849609375,-85.82476043701172,1.9835089445114136,-2.8287127017974854,12
lipschitz-s144,/cephfs/home/mkairov/gradim/energy_shaping/runs/mix-N8-K2V2-V62_1M/energygradmem_llama_L4H4D256_mem8_K2_ilr0.4_energy_lip0.003_L5_grad_second_stepalign0.1_iread0.1_bs_64_lr_1e-04_b10.9_b20.98_fp32_init_plateau/run_2/checkpoint-166000,0,1,1.5,-1.0,664.3978881835938,-211.6354217529297,0.5813823938369751,-4.230839252471924,12
lipschitz-s144,/cephfs/home/mkairov/gradim/energy_shaping/runs/mix-N8-K2V2-V62_1M/energygradmem_llama_L4H4D256_mem8_K2_ilr0.4_energy_lip0.003_L5_grad_second_stepalign0.1_iread0.1_bs_64_lr_1e-04_b10.9_b20.98_fp32_init_plateau/run_2/checkpoint-166000,0,1,2.0,-1.0,587.8674926757812,-288.1657409667969,0.8138744235038757,-3.998347520828247,12
lipschitz-s144,/cephfs/home/mkairov/gradim/energy_shaping/runs/mix-N8-K2V2-V62_1M/energygradmem_llama_L4H4D256_mem8_K2_ilr0.4_energy_lip0.003_L5_grad_second_stepalign0.1_iread0.1_bs_64_lr_1e-04_b10.9_b20.98_fp32_init_plateau/run_2/checkpoint-166000,0,1,2.5,-1.0,549.2913208007812,-326.7418518066406,0.9123284816741943,-3.899893045425415,12
lipschitz-s144,/cephfs/home/mkairov/gradim/energy_shaping/runs/mix-N8-K2V2-V62_1M/energygradmem_llama_L4H4D256_mem8_K2_ilr0.4_energy_lip0.003_L5_grad_second_stepalign0.1_iread0.1_bs_64_lr_1e-04_b10.9_b20.98_fp32_init_plateau/run_2/checkpoint-166000,0,1,3.0,-1.0,525.2632446289062,-350.77001953125,0.9210001826286316,-3.891221284866333,12
lipschitz-s144,/cephfs/home/mkairov/gradim/energy_shaping/runs/mix-N8-K2V2-V62_1M/energygradmem_llama_L4H4D256_mem8_K2_ilr0.4_energy_lip0.003_L5_grad_second_stepalign0.1_iread0.1_bs_64_lr_1e-04_b10.9_b20.98_fp32_init_plateau/run_2/checkpoint-166000,0,1,-3.0,-0.5,1844.0008544921875,967.9673461914062,4.830352306365967,0.018130680546164513,12
lipschitz-s144,/cephfs/home/mkairov/gradim/energy_shaping/runs/mix-N8-K2V2-V62_1M/energygradmem_llama_L4H4D256_mem8_K2_ilr0.4_energy_lip0.003_L5_grad_second_stepalign0.1_iread0.1_bs_64_lr_1e-04_b10.9_b20.98_fp32_init_plateau/run_2/checkpoint-166000,0,1,-2.5,-0.5,1871.169921875,995.13671875,4.742834568023682,-0.06938743591308594,12
lipschitz-s144,/cephfs/home/mkairov/gradim/energy_shaping/runs/mix-N8-K2V2-V62_1M/energygradmem_llama_L4H4D256_mem8_K2_ilr0.4_energy_lip0.003_L5_grad_second_stepalign0.1_iread0.1_bs_64_lr_1e-04_b10.9_b20.98_fp32_init_plateau/run_2/checkpoint-166000,0,1,-2.0,-0.5,1891.5633544921875,1015.5302734375,4.699558734893799,-0.11266323179006577,12
lipschitz-s144,/cephfs/home/mkairov/gradim/energy_shaping/runs/mix-N8-K2V2-V62_1M/energygradmem_llama_L4H4D256_mem8_K2_ilr0.4_energy_lip0.003_L5_grad_second_stepalign0.1_iread0.1_bs_64_lr_1e-04_b10.9_b20.98_fp32_init_plateau/run_2/checkpoint-166000,0,1,-1.5,-0.5,1888.5758056640625,1012.5424194335938,4.5673394203186035,-0.24488228559494019,12
lipschitz-s144,/cephfs/home/mkairov/gradim/energy_shaping/runs/mix-N8-K2V2-V62_1M/energygradmem_llama_L4H4D256_mem8_K2_ilr0.4_energy_lip0.003_L5_grad_second_stepalign0.1_iread0.1_bs_64_lr_1e-04_b10.9_b20.98_fp32_init_plateau/run_2/checkpoint-166000,0,1,-1.0,-0.5,1817.0106201171875,940.9772338867188,4.380099773406982,-0.43212175369262695,12
lipschitz-s144,/cephfs/home/mkairov/gradim/energy_shaping/runs/mix-N8-K2V2-V62_1M/energygradmem_llama_L4H4D256_mem8_K2_ilr0.4_energy_lip0.003_L5_grad_second_stepalign0.1_iread0.1_bs_64_lr_1e-04_b10.9_b20.98_fp32_init_plateau/run_2/checkpoint-166000,0,1,-0.5,-0.5,1596.6512451171875,720.6178588867188,3.563366651535034,-1.2488548755645752,12
lipschitz-s144,/cephfs/home/mkairov/gradim/energy_shaping/runs/mix-N8-K2V2-V62_1M/energygradmem_llama_L4H4D256_mem8_K2_ilr0.4_energy_lip0.003_L5_grad_second_stepalign0.1_iread0.1_bs_64_lr_1e-04_b10.9_b20.98_fp32_init_plateau/run_2/checkpoint-166000,0,1,0.0,-0.5,1128.037841796875,252.00453186035156,2.1623165607452393,-2.64990496635437,12
lipschitz-s144,/cephfs/home/mkairov/gradim/energy_shaping/runs/mix-N8-K2V2-V62_1M/energygradmem_llama_L4H4D256_mem8_K2_ilr0.4_energy_lip0.003_L5_grad_second_stepalign0.1_iread0.1_bs_64_lr_1e-04_b10.9_b20.98_fp32_init_plateau/run_2/checkpoint-166000,0,1,0.5,-0.5,639.8392944335938,-236.1940155029297,1.7601995468139648,-3.0520219802856445,12
lipschitz-s144,/cephfs/home/mkairov/gradim/energy_shaping/runs/mix-N8-K2V2-V62_1M/energygradmem_llama_L4H4D256_mem8_K2_ilr0.4_energy_lip0.003_L5_grad_second_stepalign0.1_iread0.1_bs_64_lr_1e-04_b10.9_b20.98_fp32_init_plateau/run_2/checkpoint-166000,0,1,1.0,-0.5,491.1338806152344,-384.8994140625,0.34877583384513855,-4.463446140289307,12
lipschitz-s144,/cephfs/home/mkairov/gradim/energy_shaping/runs/mix-N8-K2V2-V62_1M/energygradmem_llama_L4H4D256_mem8_K2_ilr0.4_energy_lip0.003_L5_grad_second_stepalign0.1_iread0.1_bs_64_lr_1e-04_b10.9_b20.98_fp32_init_plateau/run_2/checkpoint-166000,0,1,1.5,-0.5,568.944091796875,-307.0891418457031,0.11298620700836182,-4.699235439300537,12
lipschitz-s144,/cephfs/home/mkairov/gradim/energy_shaping/runs/mix-N8-K2V2-V62_1M/energygradmem_llama_L4H4D256_mem8_K2_ilr0.4_energy_lip0.003_L5_grad_second_stepalign0.1_iread0.1_bs_64_lr_1e-04_b10.9_b20.98_fp32_init_plateau/run_2/checkpoint-166000,0,1,2.0,-0.5,590.9727172851562,-285.0605163574219,0.1477622538805008,-4.664459705352783,12
lipschitz-s144,/cephfs/home/mkairov/gradim/energy_shaping/runs/mix-N8-K2V2-V62_1M/energygradmem_llama_L4H4D256_mem8_K2_ilr0.4_energy_lip0.003_L5_grad_second_stepalign0.1_iread0.1_bs_64_lr_1e-04_b10.9_b20.98_fp32_init_plateau/run_2/checkpoint-166000,0,1,2.5,-0.5,564.3140258789062,-311.7192687988281,0.46987202763557434,-4.342349529266357,12
lipschitz-s144,/cephfs/home/mkairov/gradim/energy_shaping/runs/mix-N8-K2V2-V62_1M/energygradmem_llama_L4H4D256_mem8_K2_ilr0.4_energy_lip0.003_L5_grad_second_stepalign0.1_iread0.1_bs_64_lr_1e-04_b10.9_b20.98_fp32_init_plateau/run_2/checkpoint-166000,0,1,3.0,-0.5,536.7643432617188,-339.2689514160156,0.9220947623252869,-3.890126943588257,12
lipschitz-s144,/cephfs/home/mkairov/gradim/energy_shaping/runs/mix-N8-K2V2-V62_1M/energygradmem_llama_L4H4D256_mem8_K2_ilr0.4_energy_lip0.003_L5_grad_second_stepalign0.1_iread0.1_bs_64_lr_1e-04_b10.9_b20.98_fp32_init_plateau/run_2/checkpoint-166000,0,1,-3.0,0.0,1895.6214599609375,1019.5880737304688,4.5129475593566895,-0.29927438497543335,12
lipschitz-s144,/cephfs/home/mkairov/gradim/energy_shaping/runs/mix-N8-K2V2-V62_1M/energygradmem_llama_L4H4D256_mem8_K2_ilr0.4_energy_lip0.003_L5_grad_second_stepalign0.1_iread0.1_bs_64_lr_1e-04_b10.9_b20.98_fp32_init_plateau/run_2/checkpoint-166000,0,1,-2.5,0.0,1936.1510009765625,1060.1177978515625,4.353007793426514,-0.4592139720916748,12
lipschitz-s144,/cephfs/home/mkairov/gradim/energy_shaping/runs/mix-N8-K2V2-V62_1M/energygradmem_llama_L4H4D256_mem8_K2_ilr0.4_energy_lip0.003_L5_grad_second_stepalign0.1_iread0.1_bs_64_lr_1e-04_b10.9_b20.98_fp32_init_plateau/run_2/checkpoint-166000,0,1,-2.0,0.0,1988.6168212890625,1112.5836181640625,4.10526704788208,-0.7069544196128845,12
lipschitz-s144,/cephfs/home/mkairov/gradim/energy_shaping/runs/mix-N8-K2V2-V62_1M/energygradmem_llama_L4H4D256_mem8_K2_ilr0.4_energy_lip0.003_L5_grad_second_stepalign0.1_iread0.1_bs_64_lr_1e-04_b10.9_b20.98_fp32_init_plateau/run_2/checkpoint-166000,0,1,-1.5,0.0,2053.285400390625,1177.2520751953125,3.8670036792755127,-0.9452177882194519,12
lipschitz-s144,/cephfs/home/mkairov/gradim/energy_shaping/runs/mix-N8-K2V2-V62_1M/energygradmem_llama_L4H4D256_mem8_K2_ilr0.4_energy_lip0.003_L5_grad_second_stepalign0.1_iread0.1_bs_64_lr_1e-04_b10.9_b20.98_fp32_init_plateau/run_2/checkpoint-166000,0,1,-1.0,0.0,2145.709716796875,1269.676513671875,3.6009600162506104,-1.2112616300582886,12
lipschitz-s144,/cephfs/home/mkairov/gradim/energy_shaping/runs/mix-N8-K2V2-V62_1M/energygradmem_llama_L4H4D256_mem8_K2_ilr0.4_energy_lip0.003_L5_grad_second_stepalign0.1_iread0.1_bs_64_lr_1e-04_b10.9_b20.98_fp32_init_plateau/run_2/checkpoint-166000,0,1,-0.5,0.0,2121.088134765625,1245.0545654296875,3.585242986679077,-1.2269787788391113,12
lipschitz-s144,/cephfs/home/mkairov/gradim/energy_shaping/runs/mix-N8-K2V2-V62_1M/energygradmem_llama_L4H4D256_mem8_K2_ilr0.4_energy_lip0.003_L5_grad_second_stepalign0.1_iread0.1_bs_64_lr_1e-04_b10.9_b20.98_fp32_init_plateau/run_2/checkpoint-166000,0,1,0.0,0.0,876.0332641601562,0.0,4.812221527099609,0.0,12
lipschitz-s144,/cephfs/home/mkairov/gradim/energy_shaping/runs/mix-N8-K2V2-V62_1M/energygradmem_llama_L4H4D256_mem8_K2_ilr0.4_energy_lip0.003_L5_grad_second_stepalign0.1_iread0.1_bs_64_lr_1e-04_b10.9_b20.98_fp32_init_plateau/run_2/checkpoint-166000,0,1,0.5,0.0,378.2283630371094,-497.8049011230469,0.8796011805534363,-3.9326202869415283,12
lipschitz-s144,/cephfs/home/mkairov/gradim/energy_shaping/runs/mix-N8-K2V2-V62_1M/energygradmem_llama_L4H4D256_mem8_K2_ilr0.4_energy_lip0.003_L5_grad_second_stepalign0.1_iread0.1_bs_64_lr_1e-04_b10.9_b20.98_fp32_init_plateau/run_2/checkpoint-166000,0,1,1.0,0.0,338.9477233886719,-537.0855102539062,6.488485087174922e-05,-4.812156677246094,12
lipschitz-s144,/cephfs/home/mkairov/gradim/energy_shaping/runs/mix-N8-K2V2-V62_1M/energygradmem_llama_L4H4D256_mem8_K2_ilr0.4_energy_lip0.003_L5_grad_second_stepalign0.1_iread0.1_bs_64_lr_1e-04_b10.9_b20.98_fp32_init_plateau/run_2/checkpoint-166000,0,1,1.5,0.0,558.602294921875,-317.4310302734375,0.003825244726613164,-4.808396339416504,12
lipschitz-s144,/cephfs/home/mkairov/gradim/energy_shaping/runs/mix-N8-K2V2-V62_1M/energygradmem_llama_L4H4D256_mem8_K2_ilr0.4_energy_lip0.003_L5_grad_second_stepalign0.1_iread0.1_bs_64_lr_1e-04_b10.9_b20.98_fp32_init_plateau/run_2/checkpoint-166000,0,1,2.0,0.0,627.089599609375,-248.94366455078125,0.05926749110221863,-4.752954483032227,12
lipschitz-s144,/cephfs/home/mkairov/gradim/energy_shaping/runs/mix-N8-K2V2-V62_1M/energygradmem_llama_L4H4D256_mem8_K2_ilr0.4_energy_lip0.003_L5_grad_second_stepalign0.1_iread0.1_bs_64_lr_1e-04_b10.9_b20.98_fp32_init_plateau/run_2/checkpoint-166000,0,1,2.5,0.0,604.672607421875,-271.36065673828125,0.3600351810455322,-4.452186584472656,12
lipschitz-s144,/cephfs/home/mkairov/gradim/energy_shaping/runs/mix-N8-K2V2-V62_1M/energygradmem_llama_L4H4D256_mem8_K2_ilr0.4_energy_lip0.003_L5_grad_second_stepalign0.1_iread0.1_bs_64_lr_1e-04_b10.9_b20.98_fp32_init_plateau/run_2/checkpoint-166000,0,1,3.0,0.0,569.2898559570312,-306.7433776855469,1.0024795532226562,-3.809741973876953,12
lipschitz-s144,/cephfs/home/mkairov/gradim/energy_shaping/runs/mix-N8-K2V2-V62_1M/energygradmem_llama_L4H4D256_mem8_K2_ilr0.4_energy_lip0.003_L5_grad_second_stepalign0.1_iread0.1_bs_64_lr_1e-04_b10.9_b20.98_fp32_init_plateau/run_2/checkpoint-166000,0,1,-3.0,0.5,1880.1475830078125,1004.1145629882812,4.363766670227051,-0.44845476746559143,12
lipschitz-s144,/cephfs/home/mkairov/gradim/energy_shaping/runs/mix-N8-K2V2-V62_1M/energygradmem_llama_L4H4D256_mem8_K2_ilr0.4_energy_lip0.003_L5_grad_second_stepalign0.1_iread0.1_bs_64_lr_1e-04_b10.9_b20.98_fp32_init_plateau/run_2/checkpoint-166000,0,1,-2.5,0.5,1900.5748291015625,1024.5416259765625,4.191718578338623,-0.6205031275749207,12
lipschitz-s144,/cephfs/home/mkairov/gradim/energy_shaping/runs/mix-N8-K2V2-V62_1M/energygradmem_llama_L4H4D256_mem8_K2_ilr0.4_energy_lip0.003_L5_grad_second_stepalign0.1_iread0.1_bs_64_lr_1e-04_b10.9_b20.98_fp32_init_plateau/run_2/checkpoint-166000,0,1,-2.0,0.5,1915.494140625,1039.4610595703125,3.886408805847168,-0.9258130192756653,12
lipschitz-s144,/cephfs/home/mkairov/gradim/energy_shaping/runs/mix-N8-K2V2-V62_1M/energygradmem_llama_L4H4D256_mem8_K2_ilr0.4_energy_lip0.003_L5_grad_second_stepalign0.1_iread0.1_bs_64_lr_1e-04_b10.9_b20.98_fp32_init_plateau/run_2/checkpoint-166000,0,1,-1.5,0.5,1897.2435302734375,1021.2101440429688,3.41213321685791,-1.4000879526138306,12
lipschitz-s144,/cephfs/home/mkairov/gradim/energy_shaping/runs/mix-N8-K2V2-V62_1M/energygradmem_llama_L4H4D256_mem8_K2_ilr0.4_energy_lip0.003_L5_grad_second_stepalign0.1_iread0.1_bs_64_lr_1e-04_b10.9_b20.98_fp32_init_plateau/run_2/checkpoint-166000,0,1,-1.0,0.5,1844.5589599609375,968.52587890625,3.3023650646209717,-1.5098565816879272,12
lipschitz-s144,/cephfs/home/mkairov/gradim/energy_shaping/runs/mix-N8-K2V2-V62_1M/energygradmem_llama_L4H4D256_mem8_K2_ilr0.4_energy_lip0.003_L5_grad_second_stepalign0.1_iread0.1_bs_64_lr_1e-04_b10.9_b20.98_fp32_init_plateau/run_2/checkpoint-166000,0,1,-0.5,0.5,1763.701171875,887.6680297851562,3.3474037647247314,-1.4648176431655884,12
lipschitz-s144,/cephfs/home/mkairov/gradim/energy_shaping/runs/mix-N8-K2V2-V62_1M/energygradmem_llama_L4H4D256_mem8_K2_ilr0.4_energy_lip0.003_L5_grad_second_stepalign0.1_iread0.1_bs_64_lr_1e-04_b10.9_b20.98_fp32_init_plateau/run_2/checkpoint-166000,0,1,0.0,0.5,1289.797119140625,413.7638244628906,3.159456491470337,-1.6527652740478516,12
lipschitz-s144,/cephfs/home/mkairov/gradim/energy_shaping/runs/mix-N8-K2V2-V62_1M/energygradmem_llama_L4H4D256_mem8_K2_ilr0.4_energy_lip0.003_L5_grad_second_stepalign0.1_iread0.1_bs_64_lr_1e-04_b10.9_b20.98_fp32_init_plateau/run_2/checkpoint-166000,0,1,0.5,0.5,831.276611328125,-44.75666809082031,2.17714524269104,-2.6350762844085693,12
lipschitz-s144,/cephfs/home/mkairov/gradim/energy_shaping/runs/mix-N8-K2V2-V62_1M/energygradmem_llama_L4H4D256_mem8_K2_ilr0.4_energy_lip0.003_L5_grad_second_stepalign0.1_iread0.1_bs_64_lr_1e-04_b10.9_b20.98_fp32_init_plateau/run_2/checkpoint-166000,0,1,1.0,0.5,644.6888427734375,-231.3444061279297,0.7625694870948792,-4.049652099609375,12
lipschitz-s144,/cephfs/home/mkairov/gradim/energy_shaping/runs/mix-N8-K2V2-V62_1M/energygradmem_llama_L4H4D256_mem8_K2_ilr0.4_energy_lip0.003_L5_grad_second_stepalign0.1_iread0.1_bs_64_lr_1e-04_b10.9_b20.98_fp32_init_plateau/run_2/checkpoint-166000,0,1,1.5,0.5,670.6871337890625,-205.3461456298828,0.3635825216770172,-4.448638916015625,12
lipschitz-s144,/cephfs/home/mkairov/gradim/energy_shaping/runs/mix-N8-K2V2-V62_1M/energygradmem_llama_L4H4D256_mem8_K2_ilr0.4_energy_lip0.003_L5_grad_second_stepalign0.1_iread0.1_bs_64_lr_1e-04_b10.9_b20.98_fp32_init_plateau/run_2/checkpoint-166000,0,1,2.0,0.5,664.9794311523438,-211.05381774902344,0.46391966938972473,-4.348302364349365,12
lipschitz-s144,/cephfs/home/mkairov/gradim/energy_shaping/runs/mix-N8-K2V2-V62_1M/energygradmem_llama_L4H4D256_mem8_K2_ilr0.4_energy_lip0.003_L5_grad_second_stepalign0.1_iread0.1_bs_64_lr_1e-04_b10.9_b20.98_fp32_init_plateau/run_2/checkpoint-166000,0,1,2.5,0.5,623.302490234375,-252.7307891845703,0.7989928722381592,-4.013228893280029,12
lipschitz-s144,/cephfs/home/mkairov/gradim/energy_shaping/runs/mix-N8-K2V2-V62_1M/energygradmem_llama_L4H4D256_mem8_K2_ilr0.4_energy_lip0.003_L5_grad_second_stepalign0.1_iread0.1_bs_64_lr_1e-04_b10.9_b20.98_fp32_init_plateau/run_2/checkpoint-166000,0,1,3.0,0.5,590.3213500976562,-285.7118835449219,0.9690592288970947,-3.8431625366210938,12
lipschitz-s144,/cephfs/home/mkairov/gradim/energy_shaping/runs/mix-N8-K2V2-V62_1M/energygradmem_llama_L4H4D256_mem8_K2_ilr0.4_energy_lip0.003_L5_grad_second_stepalign0.1_iread0.1_bs_64_lr_1e-04_b10.9_b20.98_fp32_init_plateau/run_2/checkpoint-166000,0,1,-3.0,1.0,1757.29541015625,881.26220703125,3.9274027347564697,-0.8848187327384949,12
lipschitz-s144,/cephfs/home/mkairov/gradim/energy_shaping/runs/mix-N8-K2V2-V62_1M/energygradmem_llama_L4H4D256_mem8_K2_ilr0.4_energy_lip0.003_L5_grad_second_stepalign0.1_iread0.1_bs_64_lr_1e-04_b10.9_b20.98_fp32_init_plateau/run_2/checkpoint-166000,0,1,-2.5,1.0,1730.3128662109375,854.279541015625,3.832416534423828,-0.9798048138618469,12
lipschitz-s144,/cephfs/home/mkairov/gradim/energy_shaping/runs/mix-N8-K2V2-V62_1M/energygradmem_llama_L4H4D256_mem8_K2_ilr0.4_energy_lip0.003_L5_grad_second_stepalign0.1_iread0.1_bs_64_lr_1e-04_b10.9_b20.98_fp32_init_plateau/run_2/checkpoint-166000,0,1,-2.0,1.0,1709.7113037109375,833.6781616210938,3.7361032962799072,-1.0761182308197021,12
lipschitz-s144,/cephfs/home/mkairov/gradim/energy_shaping/runs/mix-N8-K2V2-V62_1M/energygradmem_llama_L4H4D256_mem8_K2_ilr0.4_energy_lip0.003_L5_grad_second_stepalign0.1_iread0.1_bs_64_lr_1e-04_b10.9_b20.98_fp32_init_plateau/run_2/checkpoint-166000,0,1,-1.5,1.0,1689.73095703125,813.697509765625,3.5159380435943604,-1.29628324508667,12
lipschitz-s144,/cephfs/home/mkairov/gradim/energy_shaping/runs/mix-N8-K2V2-V62_1M/energygradmem_llama_L4H4D256_mem8_K2_ilr0.4_energy_lip0.003_L5_grad_second_stepalign0.1_iread0.1_bs_64_lr_1e-04_b10.9_b20.98_fp32_init_plateau/run_2/checkpoint-166000,0,1,-1.0,1.0,1653.927734375,777.894775390625,3.6506288051605225,-1.1615933179855347,12
lipschitz-s144,/cephfs/home/mkairov/gradim/energy_shaping/runs/mix-N8-K2V2-V62_1M/energygradmem_llama_L4H4D256_mem8_K2_ilr0.4_energy_lip0.003_L5_grad_second_stepalign0.1_iread0.1_bs_64_lr_1e-04_b10.9_b20.98_fp32_init_plateau/run_2/checkpoint-166000,0,1,-0.5,1.0,1522.3065185546875,646.2732543945312,3.6988344192504883,-1.1133869886398315,12
lipschitz-s144,/cephfs/home/mkairov/gradim/energy_shaping/runs/mix-N8-K2V2-V62_1M/energygradmem_llama_L4H4D256_mem8_K2_ilr0.4_energy_lip0.003_L5_grad_second_stepalign0.1_iread0.1_bs_64_lr_1e-04_b10.9_b20.98_fp32_init_plateau/run_2/checkpoint-166000,0,1,0.0,1.0,1261.6212158203125,385.5881042480469,3.2658462524414062,-1.5463753938674927,12
lipschitz-s144,/cephfs/home/mkairov/gradim/energy_shaping/runs/mix-N8-K2V2-V62_1M/energygradmem_llama_L4H4D256_mem8_K2_ilr0.4_energy_lip0.003_L5_grad_second_stepalign0.1_iread0.1_bs_64_lr_1e-04_b10.9_b20.98_fp32_init_plateau/run_2/checkpoint-166000,0,1,0.5,1.0,1152.787109375,276.75384521484375,2.2682833671569824,-2.543938159942627,12
lipschitz-s144,/cephfs/home/mkairov/gradim/energy_shaping/runs/mix-N8-K2V2-V62_1M/energygradmem_llama_L4H4D256_mem8_K2_ilr0.4_energy_lip0.003_L5_grad_second_stepalign0.1_iread0.1_bs_64_lr_1e-04_b10.9_b20.98_fp32_init_plateau/run_2/checkpoint-166000,0,1,1.0,1.0,933.7202758789062,57.68706130981445,2.2889482975006104,-2.523273468017578,12
lipschitz-s144,/cephfs/home/mkairov/gradim/energy_shaping/runs/mix-N8-K2V2-V62_1M/energygradmem_llama_L4H4D256_mem8_K2_ilr0.4_energy_lip0.003_L5_grad_second_stepalign0.1_iread0.1_bs_64_lr_1e-04_b10.9_b20.98_fp32_init_plateau/run_2/checkpoint-166000,0,1,1.5,1.0,839.6808471679688,-36.35243606567383,1.3139909505844116,-3.4982306957244873,12
lipschitz-s144,/cephfs/home/mkairov/gradim/energy_shaping/runs/mix-N8-K2V2-V62_1M/energygradmem_llama_L4H4D256_mem8_K2_ilr0.4_energy_lip0.003_L5_grad_second_stepalign0.1_iread0.1_bs_64_lr_1e-04_b10.9_b20.98_fp32_init_plateau/run_2/checkpoint-166000,0,1,2.0,1.0,725.031494140625,-151.00181579589844,1.0293697118759155,-3.782851457595825,12
lipschitz-s144,/cephfs/home/mkairov/gradim/energy_shaping/runs/mix-N8-K2V2-V62_1M/energygradmem_llama_L4H4D256_mem8_K2_ilr0.4_energy_lip0.003_L5_grad_second_stepalign0.1_iread0.1_bs_64_lr_1e-04_b10.9_b20.98_fp32_init_plateau/run_2/checkpoint-166000,0,1,2.5,1.0,659.1260375976562,-216.9072723388672,0.9297035336494446,-3.8825180530548096,12
lipschitz-s144,/cephfs/home/mkairov/gradim/energy_shaping/runs/mix-N8-K2V2-V62_1M/energygradmem_llama_L4H4D256_mem8_K2_ilr0.4_energy_lip0.003_L5_grad_second_stepalign0.1_iread0.1_bs_64_lr_1e-04_b10.9_b20.98_fp32_init_plateau/run_2/checkpoint-166000,0,1,3.0,1.0,614.7610473632812,-261.27215576171875,0.75074702501297,-4.061474800109863,12
lipschitz-s144,/cephfs/home/mkairov/gradim/energy_shaping/runs/mix-N8-K2V2-V62_1M/energygradmem_llama_L4H4D256_mem8_K2_ilr0.4_energy_lip0.003_L5_grad_second_stepalign0.1_iread0.1_bs_64_lr_1e-04_b10.9_b20.98_fp32_init_plateau/run_2/checkpoint-166000,0,1,-3.0,1.5,1664.10302734375,788.06982421875,3.9847500324249268,-0.8274713158607483,12
lipschitz-s144,/cephfs/home/mkairov/gradim/energy_shaping/runs/mix-N8-K2V2-V62_1M/energygradmem_llama_L4H4D256_mem8_K2_ilr0.4_energy_lip0.003_L5_grad_second_stepalign0.1_iread0.1_bs_64_lr_1e-04_b10.9_b20.98_fp32_init_plateau/run_2/checkpoint-166000,0,1,-2.5,1.5,1653.6429443359375,777.609619140625,3.91363787651062,-0.8985840678215027,12
lipschitz-s144,/cephfs/home/mkairov/gradim/energy_shaping/runs/mix-N8-K2V2-V62_1M/energygradmem_llama_L4H4D256_mem8_K2_ilr0.4_energy_lip0.003_L5_grad_second_stepalign0.1_iread0.1_bs_64_lr_1e-04_b10.9_b20.98_fp32_init_plateau/run_2/checkpoint-166000,0,1,-2.0,1.5,1631.1663818359375,755.133056640625,3.8413407802581787,-0.9708805084228516,12
lipschitz-s144,/cephfs/home/mkairov/gradim/energy_shaping/runs/mix-N8-K2V2-V62_1M/energygradmem_llama_L4H4D256_mem8_K2_ilr0.4_energy_lip0.003_L5_grad_second_stepalign0.1_iread0.1_bs_64_lr_1e-04_b10.9_b20.98_fp32_init_plateau/run_2/checkpoint-166000,0,1,-1.5,1.5,1604.4151611328125,728.3818969726562,3.986825942993164,-0.825395405292511,12
lipschitz-s144,/cephfs/home/mkairov/gradim/energy_shaping/runs/mix-N8-K2V2-V62_1M/energygradmem_llama_L4H4D256_mem8_K2_ilr0.4_energy_lip0.003_L5_grad_second_stepalign0.1_iread0.1_bs_64_lr_1e-04_b10.9_b20.98_fp32_init_plateau/run_2/checkpoint-166000,0,1,-1.0,1.5,1525.0286865234375,648.9954223632812,3.9921014308929443,-0.8201201558113098,12
lipschitz-s144,/cephfs/home/mkairov/gradim/energy_shaping/runs/mix-N8-K2V2-V62_1M/energygradmem_llama_L4H4D256_mem8_K2_ilr0.4_energy_lip0.003_L5_grad_second_stepalign0.1_iread0.1_bs_64_lr_1e-04_b10.9_b20.98_fp32_init_plateau/run_2/checkpoint-166000,0,1,-0.5,1.5,1430.1859130859375,554.1526489257812,3.7912757396698,-1.0209461450576782,12
lipschitz-s144,/cephfs/home/mkairov/gradim/energy_shaping/runs/mix-N8-K2V2-V62_1M/energygradmem_llama_L4H4D256_mem8_K2_ilr0.4_energy_lip0.003_L5_grad_second_stepalign0.1_iread0.1_bs_64_lr_1e-04_b10.9_b20.98_fp32_init_plateau/run_2/checkpoint-166000,0,1,0.0,1.5,1258.5045166015625,382.4712219238281,3.3397350311279297,-1.4724863767623901,12
lipschitz-s144,/cephfs/home/mkairov/gradim/energy_shaping/runs/mix-N8-K2V2-V62_1M/energygradmem_llama_L4H4D256_mem8_K2_ilr0.4_energy_lip0.003_L5_grad_second_stepalign0.1_iread0.1_bs_64_lr_1e-04_b10.9_b20.98_fp32_init_plateau/run_2/checkpoint-166000,0,1,0.5,1.5,1171.8662109375,295.8329772949219,2.477874994277954,-2.3343465328216553,12
lipschitz-s144,/cephfs/home/mkairov/gradim/energy_shaping/runs/mix-N8-K2V2-V62_1M/energygradmem_llama_L4H4D256_mem8_K2_ilr0.4_energy_lip0.003_L5_grad_second_stepalign0.1_iread0.1_bs_64_lr_1e-04_b10.9_b20.98_fp32_init_plateau/run_2/checkpoint-166000,0,1,1.0,1.5,1080.3770751953125,204.3438720703125,2.2436323165893555,-2.568588972091675,12
lipschitz-s144,/cephfs/home/mkairov/gradim/energy_shaping/runs/mix-N8-K2V2-V62_1M/energygradmem_llama_L4H4D256_mem8_K2_ilr0.4_energy_lip0.003_L5_grad_second_stepalign0.1_iread0.1_bs_64_lr_1e-04_b10.9_b20.98_fp32_init_plateau/run_2/checkpoint-166000,0,1,1.5,1.5,897.7066040039062,21.673477172851562,2.289187431335449,-2.5230343341827393,12
lipschitz-s144,/cephfs/home/mkairov/gradim/energy_shaping/runs/mix-N8-K2V2-V62_1M/energygradmem_llama_L4H4D256_mem8_K2_ilr0.4_energy_lip0.003_L5_grad_second_stepalign0.1_iread0.1_bs_64_lr_1e-04_b10.9_b20.98_fp32_init_plateau/run_2/checkpoint-166000,0,1,2.0,1.5,800.7223510742188,-75.3108901977539,1.881991982460022,-2.930229425430298,12
lipschitz-s144,/cephfs/home/mkairov/gradim/energy_shaping/runs/mix-N8-K2V2-V62_1M/energygradmem_llama_L4H4D256_mem8_K2_ilr0.4_energy_lip0.003_L5_grad_second_stepalign0.1_iread0.1_bs_64_lr_1e-04_b10.9_b20.98_fp32_init_plateau/run_2/checkpoint-166000,0,1,2.5,1.5,720.4596557617188,-155.57362365722656,1.6129220724105835,-3.1992998123168945,12
lipschitz-s144,/cephfs/home/mkairov/gradim/energy_shaping/runs/mix-N8-K2V2-V62_1M/energygradmem_llama_L4H4D256_mem8_K2_ilr0.4_energy_lip0.003_L5_grad_second_stepalign0.1_iread0.1_bs_64_lr_1e-04_b10.9_b20.98_fp32_init_plateau/run_2/checkpoint-166000,0,1,3.0,1.5,652.162109375,-223.8711395263672,1.3559097051620483,-3.4563121795654297,12
lipschitz-s144,/cephfs/home/mkairov/gradim/energy_shaping/runs/mix-N8-K2V2-V62_1M/energygradmem_llama_L4H4D256_mem8_K2_ilr0.4_energy_lip0.003_L5_grad_second_stepalign0.1_iread0.1_bs_64_lr_1e-04_b10.9_b20.98_fp32_init_plateau/run_2/checkpoint-166000,0,1,-3.0,2.0,1617.9632568359375,741.9297485351562,4.039880275726318,-0.7723419070243835,12
lipschitz-s144,/cephfs/home/mkairov/gradim/energy_shaping/runs/mix-N8-K2V2-V62_1M/energygradmem_llama_L4H4D256_mem8_K2_ilr0.4_energy_lip0.003_L5_grad_second_stepalign0.1_iread0.1_bs_64_lr_1e-04_b10.9_b20.98_fp32_init_plateau/run_2/checkpoint-166000,0,1,-2.5,2.0,1601.7047119140625,725.67138671875,4.099998474121094,-0.7122233510017395,12
lipschitz-s144,/cephfs/home/mkairov/gradim/energy_shaping/runs/mix-N8-K2V2-V62_1M/energygradmem_llama_L4H4D256_mem8_K2_ilr0.4_energy_lip0.003_L5_grad_second_stepalign0.1_iread0.1_bs_64_lr_1e-04_b10.9_b20.98_fp32_init_plateau/run_2/checkpoint-166000,0,1,-2.0,2.0,1584.7109375,708.677734375,4.244400978088379,-0.5678209066390991,12
lipschitz-s144,/cephfs/home/mkairov/gradim/energy_shaping/runs/mix-N8-K2V2-V62_1M/energygradmem_llama_L4H4D256_mem8_K2_ilr0.4_energy_lip0.003_L5_grad_second_stepalign0.1_iread0.1_bs_64_lr_1e-04_b10.9_b20.98_fp32_init_plateau/run_2/checkpoint-166000,0,1,-1.5,2.0,1528.6708984375,652.6376342773438,4.2917704582214355,-0.5204509496688843,12
lipschitz-s144,/cephfs/home/mkairov/gradim/energy_shaping/runs/mix-N8-K2V2-V62_1M/energygradmem_llama_L4H4D256_mem8_K2_ilr0.4_energy_lip0.003_L5_grad_second_stepalign0.1_iread0.1_bs_64_lr_1e-04_b10.9_b20.98_fp32_init_plateau/run_2/checkpoint-166000,0,1,-1.0,2.0,1509.8203125,633.7869262695312,3.8422539234161377,-0.969967782497406,12
lipschitz-s144,/cephfs/home/mkairov/gradim/energy_shaping/runs/mix-N8-K2V2-V62_1M/energygradmem_llama_L4H4D256_mem8_K2_ilr0.4_energy_lip0.003_L5_grad_second_stepalign0.1_iread0.1_bs_64_lr_1e-04_b10.9_b20.98_fp32_init_plateau/run_2/checkpoint-166000,0,1,-0.5,2.0,1379.1629638671875,503.1296691894531,3.874682664871216,-0.9375390410423279,12
lipschitz-s144,/cephfs/home/mkairov/gradim/energy_shaping/runs/mix-N8-K2V2-V62_1M/energygradmem_llama_L4H4D256_mem8_K2_ilr0.4_energy_lip0.003_L5_grad_second_stepalign0.1_iread0.1_bs_64_lr_1e-04_b10.9_b20.98_fp32_init_plateau/run_2/checkpoint-166000,0,1,0.0,2.0,1259.0380859375,383.0048828125,3.405032157897949,-1.4071893692016602,12
lipschitz-s144,/cephfs/home/mkairov/gradim/energy_shaping/runs/mix-N8-K2V2-V62_1M/energygradmem_llama_L4H4D256_mem8_K2_ilr0.4_energy_lip0.003_L5_grad_second_stepalign0.1_iread0.1_bs_64_lr_1e-04_b10.9_b20.98_fp32_init_plateau/run_2/checkpoint-166000,0,1,0.5,2.0,1206.1243896484375,330.0910949707031,2.578524112701416,-2.2336974143981934,12
lipschitz-s144,/cephfs/home/mkairov/gradim/energy_shaping/runs/mix-N8-K2V2-V62_1M/energygradmem_llama_L4H4D256_mem8_K2_ilr0.4_energy_lip0.003_L5_grad_second_stepalign0.1_iread0.1_bs_64_lr_1e-04_b10.9_b20.98_fp32_init_plateau/run_2/checkpoint-166000,0,1,1.0,2.0,1163.4805908203125,287.4473876953125,2.343529462814331,-2.468691825866699,12
lipschitz-s144,/cephfs/home/mkairov/gradim/energy_shaping/runs/mix-N8-K2V2-V62_1M/energygradmem_llama_L4H4D256_mem8_K2_ilr0.4_energy_lip0.003_L5_grad_second_stepalign0.1_iread0.1_bs_64_lr_1e-04_b10.9_b20.98_fp32_init_plateau/run_2/checkpoint-166000,0,1,1.5,2.0,1010.444091796875,134.41075134277344,2.272451877593994,-2.5397696495056152,12
lipschitz-s144,/cephfs/home/mkairov/gradim/energy_shaping/runs/mix-N8-K2V2-V62_1M/energygradmem_llama_L4H4D256_mem8_K2_ilr0.4_energy_lip0.003_L5_grad_second_stepalign0.1_iread0.1_bs_64_lr_1e-04_b10.9_b20.98_fp32_init_plateau/run_2/checkpoint-166000,0,1,2.0,2.0,863.178466796875,-12.854823112487793,2.3478167057037354,-2.464404821395874,12
lipschitz-s144,/cephfs/home/mkairov/gradim/energy_shaping/runs/mix-N8-K2V2-V62_1M/energygradmem_llama_L4H4D256_mem8_K2_ilr0.4_energy_lip0.003_L5_grad_second_stepalign0.1_iread0.1_bs_64_lr_1e-04_b10.9_b20.98_fp32_init_plateau/run_2/checkpoint-166000,0,1,2.5,2.0,775.44482421875,-100.58844757080078,2.125736713409424,-2.6864845752716064,12
lipschitz-s144,/cephfs/home/mkairov/gradim/energy_shaping/runs/mix-N8-K2V2-V62_1M/energygradmem_llama_L4H4D256_mem8_K2_ilr0.4_energy_lip0.003_L5_grad_second_stepalign0.1_iread0.1_bs_64_lr_1e-04_b10.9_b20.98_fp32_init_plateau/run_2/checkpoint-166000,0,1,3.0,2.0,708.093505859375,-167.93971252441406,1.6393753290176392,-3.1728458404541016,12
lipschitz-s144,/cephfs/home/mkairov/gradim/energy_shaping/runs/mix-N8-K2V2-V62_1M/energygradmem_llama_L4H4D256_mem8_K2_ilr0.4_energy_lip0.003_L5_grad_second_stepalign0.1_iread0.1_bs_64_lr_1e-04_b10.9_b20.98_fp32_init_plateau/run_2/checkpoint-166000,0,1,-3.0,2.5,1586.04833984375,710.014892578125,4.35781717300415,-0.454404354095459,12
lipschitz-s144,/cephfs/home/mkairov/gradim/energy_shaping/runs/mix-N8-K2V2-V62_1M/energygradmem_llama_L4H4D256_mem8_K2_ilr0.4_energy_lip0.003_L5_grad_second_stepalign0.1_iread0.1_bs_64_lr_1e-04_b10.9_b20.98_fp32_init_plateau/run_2/checkpoint-166000,0,1,-2.5,2.5,1575.1829833984375,699.1495971679688,4.395089149475098,-0.41713228821754456,12
lipschitz-s144,/cephfs/home/mkairov/gradim/energy_shaping/runs/mix-N8-K2V2-V62_1M/energygradmem_llama_L4H4D256_mem8_K2_ilr0.4_energy_lip0.003_L5_grad_second_stepalign0.1_iread0.1_bs_64_lr_1e-04_b10.9_b20.98_fp32_init_plateau/run_2/checkpoint-166000,0,1,-2.0,2.5,1537.62841796875,661.5951538085938,4.446901798248291,-0.36531996726989746,12
lipschitz-s144,/cephfs/home/mkairov/gradim/energy_shaping/runs/mix-N8-K2V2-V62_1M/energygradmem_llama_L4H4D256_mem8_K2_ilr0.4_energy_lip0.003_L5_grad_second_stepalign0.1_iread0.1_bs_64_lr_1e-04_b10.9_b20.98_fp32_init_plateau/run_2/checkpoint-166000,0,1,-1.5,2.5,1515.2685546875,639.2352905273438,4.0570597648620605,-0.7551617622375488,12
lipschitz-s144,/cephfs/home/mkairov/gradim/energy_shaping/runs/mix-N8-K2V2-V62_1M/energygradmem_llama_L4H4D256_mem8_K2_ilr0.4_energy_lip0.003_L5_grad_second_stepalign0.1_iread0.1_bs_64_lr_1e-04_b10.9_b20.98_fp32_init_plateau/run_2/checkpoint-166000,0,1,-1.0,2.5,1468.48681640625,592.4536743164062,3.8051135540008545,-1.0071080923080444,12
lipschitz-s144,/cephfs/home/mkairov/gradim/energy_shaping/runs/mix-N8-K2V2-V62_1M/energygradmem_llama_L4H4D256_mem8_K2_ilr0.4_energy_lip0.003_L5_grad_second_stepalign0.1_iread0.1_bs_64_lr_1e-04_b10.9_b20.98_fp32_init_plateau/run_2/checkpoint-166000,0,1,-0.5,2.5,1345.69091796875,469.6576232910156,3.8204538822174072,-0.9917674660682678,12
lipschitz-s144,/cephfs/home/mkairov/gradim/energy_shaping/runs/mix-N8-K2V2-V62_1M/energygradmem_llama_L4H4D256_mem8_K2_ilr0.4_energy_lip0.003_L5_grad_second_stepalign0.1_iread0.1_bs_64_lr_1e-04_b10.9_b20.98_fp32_init_plateau/run_2/checkpoint-166000,0,1,0.0,2.5,1260.1624755859375,384.1293029785156,3.448601722717285,-1.3636199235916138,12
lipschitz-s144,/cephfs/home/mkairov/gradim/energy_shaping/runs/mix-N8-K2V2-V62_1M/energygradmem_llama_L4H4D256_mem8_K2_ilr0.4_energy_lip0.003_L5_grad_second_stepalign0.1_iread0.1_bs_64_lr_1e-04_b10.9_b20.98_fp32_init_plateau/run_2/checkpoint-166000,0,1,0.5,2.5,1218.93115234375,342.8979187011719,2.7016537189483643,-2.110567808151245,12
lipschitz-s144,/cephfs/home/mkairov/gradim/energy_shaping/runs/mix-N8-K2V2-V62_1M/energygradmem_llama_L4H4D256_mem8_K2_ilr0.4_energy_lip0.003_L5_grad_second_stepalign0.1_iread0.1_bs_64_lr_1e-04_b10.9_b20.98_fp32_init_plateau/run_2/checkpoint-166000,0,1,1.0,2.5,1175.8065185546875,299.7732849121094,2.4338948726654053,-2.378326654434204,12
lipschitz-s144,/cephfs/home/mkairov/gradim/energy_shaping/runs/mix-N8-K2V2-V62_1M/energygradmem_llama_L4H4D256_mem8_K2_ilr0.4_energy_lip0.003_L5_grad_second_stepalign0.1_iread0.1_bs_64_lr_1e-04_b10.9_b20.98_fp32_init_plateau/run_2/checkpoint-166000,0,1,1.5,2.5,1116.057861328125,240.02455139160156,2.2623355388641357,-2.549886465072632,12
lipschitz-s144,/cephfs/home/mkairov/gradim/energy_shaping/runs/mix-N8-K2V2-V62_1M/energygradmem_llama_L4H4D256_mem8_K2_ilr0.4_energy_lip0.003_L5_grad_second_stepalign0.1_iread0.1_bs_64_lr_1e-04_b10.9_b20.98_fp32_init_plateau/run_2/checkpoint-166000,0,1,2.0,2.5,983.9580688476562,107.9248046875,2.340507745742798,-2.4717135429382324,12
lipschitz-s144,/cephfs/home/mkairov/gradim/energy_shaping/runs/mix-N8-K2V2-V62_1M/energygradmem_llama_L4H4D256_mem8_K2_ilr0.4_energy_lip0.003_L5_grad_second_stepalign0.1_iread0.1_bs_64_lr_1e-04_b10.9_b20.98_fp32_init_plateau/run_2/checkpoint-166000,0,1,2.5,2.5,851.3915405273438,-24.641738891601562,2.393364429473877,-2.4188573360443115,12
lipschitz-s144,/cephfs/home/mkairov/gradim/energy_shaping/runs/mix-N8-K2V2-V62_1M/energygradmem_llama_L4H4D256_mem8_K2_ilr0.4_energy_lip0.003_L5_grad_second_stepalign0.1_iread0.1_bs_64_lr_1e-04_b10.9_b20.98_fp32_init_plateau/run_2/checkpoint-166000,0,1,3.0,2.5,774.411376953125,-101.6218490600586,2.3250648975372314,-2.487156867980957,12
lipschitz-s144,/cephfs/home/mkairov/gradim/energy_shaping/runs/mix-N8-K2V2-V62_1M/energygradmem_llama_L4H4D256_mem8_K2_ilr0.4_energy_lip0.003_L5_grad_second_stepalign0.1_iread0.1_bs_64_lr_1e-04_b10.9_b20.98_fp32_init_plateau/run_2/checkpoint-166000,0,1,-3.0,3.0,1569.6202392578125,693.5869140625,4.482966899871826,-0.3292548358440399,12
lipschitz-s144,/cephfs/home/mkairov/gradim/energy_shaping/runs/mix-N8-K2V2-V62_1M/energygradmem_llama_L4H4D256_mem8_K2_ilr0.4_energy_lip0.003_L5_grad_second_stepalign0.1_iread0.1_bs_64_lr_1e-04_b10.9_b20.98_fp32_init_plateau/run_2/checkpoint-166000,0,1,-2.5,3.0,1543.3726806640625,667.3395385742188,4.526813983917236,-0.28540748357772827,12
lipschitz-s144,/cephfs/home/mkairov/gradim/energy_shaping/runs/mix-N8-K2V2-V62_1M/energygradmem_llama_L4H4D256_mem8_K2_ilr0.4_energy_lip0.003_L5_grad_second_stepalign0.1_iread0.1_bs_64_lr_1e-04_b10.9_b20.98_fp32_init_plateau/run_2/checkpoint-166000,0,1,-2.0,3.0,1509.15576171875,633.1224975585938,4.346299171447754,-0.4659225046634674,12
lipschitz-s144,/cephfs/home/mkairov/gradim/energy_shaping/runs/mix-N8-K2V2-V62_1M/energygradmem_llama_L4H4D256_mem8_K2_ilr0.4_energy_lip0.003_L5_grad_second_stepalign0.1_iread0.1_bs_64_lr_1e-04_b10.9_b20.98_fp32_init_plateau/run_2/checkpoint-166000,0,1,-1.5,3.0,1507.7088623046875,631.6755981445312,3.8649494647979736,-0.9472716450691223,12
lipschitz-s144,/cephfs/home/mkairov/gradim/energy_shaping/runs/mix-N8-K2V2-V62_1M/energygradmem_llama_L4H4D256_mem8_K2_ilr0.4_energy_lip0.003_L5_grad_second_stepalign0.1_iread0.1_bs_64_lr_1e-04_b10.9_b20.98_fp32_init_plateau/run_2/checkpoint-166000,0,1,-1.0,3.0,1432.9010009765625,556.8677978515625,3.869335889816284,-0.9428858757019043,12
lipschitz-s144,/cephfs/home/mkairov/gradim/energy_shaping/runs/mix-N8-K2V2-V62_1M/energygradmem_llama_L4H4D256_mem8_K2_ilr0.4_energy_lip0.003_L5_grad_second_stepalign0.1_iread0.1_bs_64_lr_1e-04_b10.9_b20.98_fp32_init_plateau/run_2/checkpoint-166000,0,1,-0.5,3.0,1326.4337158203125,450.4004211425781,3.82422137260437,-0.9880005717277527,12
lipschitz-s144,/cephfs/home/mkairov/gradim/energy_shaping/runs/mix-N8-K2V2-V62_1M/energygradmem_llama_L4H4D256_mem8_K2_ilr0.4_energy_lip0.003_L5_grad_second_stepalign0.1_iread0.1_bs_64_lr_1e-04_b10.9_b20.98_fp32_init_plateau/run_2/checkpoint-166000,0,1,0.0,3.0,1261.1146240234375,385.0814514160156,3.4776785373687744,-1.3345433473587036,12
lipschitz-s144,/cephfs/home/mkairov/gradim/energy_shaping/runs/mix-N8-K2V2-V62_1M/energygradmem_llama_L4H4D256_mem8_K2_ilr0.4_energy_lip0.003_L5_grad_second_stepalign0.1_iread0.1_bs_64_lr_1e-04_b10.9_b20.98_fp32_init_plateau/run_2/checkpoint-166000,0,1,0.5,3.0,1223.7418212890625,347.7086486816406,2.8125159740448,-1.9997057914733887,12
lipschitz-s144,/cephfs/home/mkairov/gradim/energy_shaping/runs/mix-N8-K2V2-V62_1M/energygradmem_llama_L4H4D256_mem8_K2_ilr0.4_energy_lip0.003_L5_grad_second_stepalign0.1_iread0.1_bs_64_lr_1e-04_b10.9_b20.98_fp32_init_plateau/run_2/checkpoint-166000,0,1,1.0,3.0,1184.0162353515625,307.9829406738281,2.586106777191162,-2.2261149883270264,12
lipschitz-s144,/cephfs/home/mkairov/gradim/energy_shaping/runs/mix-N8-K2V2-V62_1M/energygradmem_llama_L4H4D256_mem8_K2_ilr0.4_energy_lip0.003_L5_grad_second_stepalign0.1_iread0.1_bs_64_lr_1e-04_b10.9_b20.98_fp32_init_plateau/run_2/checkpoint-166000,0,1,1.5,3.0,1171.3380126953125,295.3047790527344,2.3854987621307373,-2.426722526550293,12
lipschitz-s144,/cephfs/home/mkairov/gradim/energy_shaping/runs/mix-N8-K2V2-V62_1M/energygradmem_llama_L4H4D256_mem8_K2_ilr0.4_energy_lip0.003_L5_grad_second_stepalign0.1_iread0.1_bs_64_lr_1e-04_b10.9_b20.98_fp32_init_plateau/run_2/checkpoint-166000,0,1,2.0,3.0,1070.4727783203125,194.4396514892578,2.2609987258911133,-2.551223039627075,12
lipschitz-s144,/cephfs/home/mkairov/gradim/energy_shaping/runs/mix-N8-K2V2-V62_1M/energygradmem_llama_L4H4D256_mem8_K2_ilr0.4_energy_lip0.003_L5_grad_second_stepalign0.1_iread0.1_bs_64_lr_1e-04_b10.9_b20.98_fp32_init_plateau/run_2/checkpoint-166000,0,1,2.5,3.0,959.298828125,83.26570892333984,2.3872859477996826,-2.4249355792999268,12
lipschitz-s144,/cephfs/home/mkairov/gradim/energy_shaping/runs/mix-N8-K2V2-V62_1M/energygradmem_llama_L4H4D256_mem8_K2_ilr0.4_energy_lip0.003_L5_grad_second_stepalign0.1_iread0.1_bs_64_lr_1e-04_b10.9_b20.98_fp32_init_plateau/run_2/checkpoint-166000,0,1,3.0,3.0,845.1697387695312,-30.863479614257812,2.426481246948242,-2.385740280151367,12
lipschitz-s144,/cephfs/home/mkairov/gradim/energy_shaping/runs/mix-N8-K2V2-V62_1M/energygradmem_llama_L4H4D256_mem8_K2_ilr0.4_energy_lip0.003_L5_grad_second_stepalign0.1_iread0.1_bs_64_lr_1e-04_b10.9_b20.98_fp32_init_plateau/run_2/checkpoint-166000,1,2,-3.0,-3.0,1376.31494140625,1037.3671875,0.2965869605541229,0.2965220808982849,12
lipschitz-s144,/cephfs/home/mkairov/gradim/energy_shaping/runs/mix-N8-K2V2-V62_1M/energygradmem_llama_L4H4D256_mem8_K2_ilr0.4_energy_lip0.003_L5_grad_second_stepalign0.1_iread0.1_bs_64_lr_1e-04_b10.9_b20.98_fp32_init_plateau/run_2/checkpoint-166000,1,2,-2.5,-3.0,1363.7401123046875,1024.7921142578125,0.18042194843292236,0.18035708367824554,12
lipschitz-s144,/cephfs/home/mkairov/gradim/energy_shaping/runs/mix-N8-K2V2-V62_1M/energygradmem_llama_L4H4D256_mem8_K2_ilr0.4_energy_lip0.003_L5_grad_second_stepalign0.1_iread0.1_bs_64_lr_1e-04_b10.9_b20.98_fp32_init_plateau/run_2/checkpoint-166000,1,2,-2.0,-3.0,1302.9862060546875,964.0382690429688,0.2609408497810364,0.26087602972984314,12
lipschitz-s144,/cephfs/home/mkairov/gradim/energy_shaping/runs/mix-N8-K2V2-V62_1M/energygradmem_llama_L4H4D256_mem8_K2_ilr0.4_energy_lip0.003_L5_grad_second_stepalign0.1_iread0.1_bs_64_lr_1e-04_b10.9_b20.98_fp32_init_plateau/run_2/checkpoint-166000,1,2,-1.5,-3.0,1141.8187255859375,802.87109375,0.04969697818160057,0.04963209107518196,12
lipschitz-s144,/cephfs/home/mkairov/gradim/energy_shaping/runs/mix-N8-K2V2-V62_1M/energygradmem_llama_L4H4D256_mem8_K2_ilr0.4_energy_lip0.003_L5_grad_second_stepalign0.1_iread0.1_bs_64_lr_1e-04_b10.9_b20.98_fp32_init_plateau/run_2/checkpoint-166000,1,2,-1.0,-3.0,925.96875,587.02099609375,0.007627427577972412,0.007562542799860239,12
lipschitz-s144,/cephfs/home/mkairov/gradim/energy_shaping/runs/mix-N8-K2V2-V62_1M/energygradmem_llama_L4H4D256_mem8_K2_ilr0.4_energy_lip0.003_L5_grad_second_stepalign0.1_iread0.1_bs_64_lr_1e-04_b10.9_b20.98_fp32_init_plateau/run_2/checkpoint-166000,1,2,-0.5,-3.0,665.6630249023438,326.7153015136719,0.0014177229022607207,0.0013528381241485476,12
lipschitz-s144,/cephfs/home/mkairov/gradim/energy_shaping/runs/mix-N8-K2V2-V62_1M/energygradmem_llama_L4H4D256_mem8_K2_ilr0.4_energy_lip0.003_L5_grad_second_stepalign0.1_iread0.1_bs_64_lr_1e-04_b10.9_b20.98_fp32_init_plateau/run_2/checkpoint-166000,1,2,0.0,-3.0,376.5907287597656,37.64298629760742,0.00022236129734665155,0.00015747641737107188,12
lipschitz-s144,/cephfs/home/mkairov/gradim/energy_shaping/runs/mix-N8-K2V2-V62_1M/energygradmem_llama_L4H4D256_mem8_K2_ilr0.4_energy_lip0.003_L5_grad_second_stepalign0.1_iread0.1_bs_64_lr_1e-04_b10.9_b20.98_fp32_init_plateau/run_2/checkpoint-166000,1,2,0.5,-3.0,183.53343200683594,-155.41432189941406,7.028938125586137e-05,5.404529019870097e-06,12
lipschitz-s144,/cephfs/home/mkairov/gradim/energy_shaping/runs/mix-N8-K2V2-V62_1M/energygradmem_llama_L4H4D256_mem8_K2_ilr0.4_energy_lip0.003_L5_grad_second_stepalign0.1_iread0.1_bs_64_lr_1e-04_b10.9_b20.98_fp32_init_plateau/run_2/checkpoint-166000,1,2,1.0,-3.0,171.8756103515625,-167.07212829589844,4.5579945435747504e-05,-1.9304905436001718e-05,12
lipschitz-s144,/cephfs/home/mkairov/gradim/energy_shaping/runs/mix-N8-K2V2-V62_1M/energygradmem_llama_L4H4D256_mem8_K2_ilr0.4_energy_lip0.003_L5_grad_second_stepalign0.1_iread0.1_bs_64_lr_1e-04_b10.9_b20.98_fp32_init_plateau/run_2/checkpoint-166000,1,2,1.5,-3.0,171.9887237548828,-166.95901489257812,3.2068699511000887e-05,-3.2816151360748336e-05,12
lipschitz-s144,/cephfs/home/mkairov/gradim/energy_shaping/runs/mix-N8-K2V2-V62_1M/energygradmem_llama_L4H4D256_mem8_K2_ilr0.4_energy_lip0.003_L5_grad_second_stepalign0.1_iread0.1_bs_64_lr_1e-04_b10.9_b20.98_fp32_init_plateau/run_2/checkpoint-166000,1,2,2.0,-3.0,173.15989685058594,-165.78787231445312,2.028997005254496e-05,-4.459487900021486e-05,12
lipschitz-s144,/cephfs/home/mkairov/gradim/energy_shaping/runs/mix-N8-K2V2-V62_1M/energygradmem_llama_L4H4D256_mem8_K2_ilr0.4_energy_lip0.003_L5_grad_second_stepalign0.1_iread0.1_bs_64_lr_1e-04_b10.9_b20.98_fp32_init_plateau/run_2/checkpoint-166000,1,2,2.5,-3.0,175.78623962402344,-163.1614990234375,1.1603969142015558e-05,-5.328088082023896e-05,12
lipschitz-s144,/cephfs/home/mkairov/gradim/energy_shaping/runs/mix-N8-K2V2-V62_1M/energygradmem_llama_L4H4D256_mem8_K2_ilr0.4_energy_lip0.003_L5_grad_second_stepalign0.1_iread0.1_bs_64_lr_1e-04_b10.9_b20.98_fp32_init_plateau/run_2/checkpoint-166000,1,2,3.0,-3.0,178.90724182128906,-160.0404815673828,7.554468083981192e-06,-5.7330380514031276e-05,12
lipschitz-s144,/cephfs/home/mkairov/gradim/energy_shaping/runs/mix-N8-K2V2-V62_1M/energygradmem_llama_L4H4D256_mem8_K2_ilr0.4_energy_lip0.003_L5_grad_second_stepalign0.1_iread0.1_bs_64_lr_1e-04_b10.9_b20.98_fp32_init_plateau/run_2/checkpoint-166000,1,2,-3.0,-2.5,1385.7921142578125,1046.8443603515625,0.2991431653499603,0.2990782558917999,12
lipschitz-s144,/cephfs/home/mkairov/gradim/energy_shaping/runs/mix-N8-K2V2-V62_1M/energygradmem_llama_L4H4D256_mem8_K2_ilr0.4_energy_lip0.003_L5_grad_second_stepalign0.1_iread0.1_bs_64_lr_1e-04_b10.9_b20.98_fp32_init_plateau/run_2/checkpoint-166000,1,2,-2.5,-2.5,1373.4833984375,1034.53564453125,0.1726263016462326,0.1725614070892334,12
lipschitz-s144,/cephfs/home/mkairov/gradim/energy_shaping/runs/mix-N8-K2V2-V62_1M/energygradmem_llama_L4H4D256_mem8_K2_ilr0.4_energy_lip0.003_L5_grad_second_stepalign0.1_iread0.1_bs_64_lr_1e-04_b10.9_b20.98_fp32_init_plateau/run_2/checkpoint-166000,1,2,-2.0,-2.5,1309.703369140625,970.7555541992188,0.28758737444877625,0.28752246499061584,12
lipschitz-s144,/cephfs/home/mkairov/gradim/energy_shaping/runs/mix-N8-K2V2-V62_1M/energygradmem_llama_L4H4D256_mem8_K2_ilr0.4_energy_lip0.003_L5_grad_second_stepalign0.1_iread0.1_bs_64_lr_1e-04_b10.9_b20.98_fp32_init_plateau/run_2/checkpoint-166000,1,2,-1.5,-2.5,1144.1094970703125,805.1616821289062,0.03389472886919975,0.03382984176278114,12
lipschitz-s144,/cephfs/home/mkairov/gradim/energy_shaping/runs/mix-N8-K2V2-V62_1M/energygradmem_llama_L4H4D256_mem8_K2_ilr0.4_energy_lip0.003_L5_grad_second_stepalign0.1_iread0.1_bs_64_lr_1e-04_b10.9_b20.98_fp32_init_plateau/run_2/checkpoint-166000,1,2,-1.0,-2.5,923.6983032226562,584.7506103515625,0.0040879338048398495,0.004023048561066389,12
lipschitz-s144,/cephfs/home/mkairov/gradim/energy_shaping/runs/mix-N8-K2V2-V62_1M/energygradmem_llama_L4H4D256_mem8_K2_ilr0.4_energy_lip0.003_L5_grad_second_stepalign0.1_iread0.1_bs_64_lr_1e-04_b10.9_b20.98_fp32_init_plateau/run_2/checkpoint-166000,1,2,-0.5,-2.5,656.3583984375,317.41064453125,0.0006370077608153224,0.0005721229244954884,12
lipschitz-s144,/cephfs/home/mkairov/gradim/energy_shaping/runs/mix-N8-K2V2-V62_1M/energygradmem_llama_L4H4D256_mem8_K2_ilr0.4_energy_lip0.003_L5_grad_second_stepalign0.1_iread0.1_bs_64_lr_1e-04_b10.9_b20.98_fp32_init_plateau/run_2/checkpoint-166000,1,2,0.0,-2.5,364.6351623535156,25.687414169311523,0.00011399946379242465,4.911460928269662e-05,12
lipschitz-s144,/cephfs/home/mkairov/gradim/energy_shaping/runs/mix-N8-K2V2-V62_1M/energygradmem_llama_L4H4D256_mem8_K2_ilr0.4_energy_lip0.003_L5_grad_second_stepalign0.1_iread0.1_bs_64_lr_1e-04_b10.9_b20.98_fp32_init_plateau/run_2/checkpoint-166000,1,2,0.5,-2.5,179.12025451660156,-159.82749938964844,4.038099723402411e-05,-2.4503853637725115e-05,12
lipschitz-s144,/cephfs/home/mkairov/gradim/energy_shaping/runs/mix-N8-K2V2-V62_1M/energygradmem_llama_L4H4D256_mem8_K2_ilr0.4_energy_lip0.003_L5_grad_second_stepalign0.1_iread0.1_bs_64_lr_1e-04_b10.9_b20.98_fp32_init_plateau/run_2/checkpoint-166000,1,2,1.0,-2.5,169.7059326171875,-169.2418212890625,2.2705709852743894e-05,-4.217913738102652e-05,12
lipschitz-s144,/cephfs/home/mkairov/gradim/energy_shaping/runs/mix-N8-K2V2-V62_1M/energygradmem_llama_L4H4D256_mem8_K2_ilr0.4_energy_lip0.003_L5_grad_second_stepalign0.1_iread0.1_bs_64_lr_1e-04_b10.9_b20.98_fp32_init_plateau/run_2/checkpoint-166000,1,2,1.5,-2.5,170.44992065429688,-168.49783325195312,1.4745538464921992e-05,-5.013930785935372e-05,12
lipschitz-s144,/cephfs/home/mkairov/gradim/energy_shaping/runs/mix-N8-K2V2-V62_1M/energygradmem_llama_L4H4D256_mem8_K2_ilr0.4_energy_lip0.003_L5_grad_second_stepalign0.1_iread0.1_bs_64_lr_1e-04_b10.9_b20.98_fp32_init_plateau/run_2/checkpoint-166000,1,2,2.0,-2.5,171.96429443359375,-166.98341369628906,9.565831533109304e-06,-5.531901842914522e-05,12
lipschitz-s144,/cephfs/home/mkairov/gradim/energy_shaping/runs/mix-N8-K2V2-V62_1M/energygradmem_llama_L4H4D256_mem8_K2_ilr0.4_energy_lip0.003_L5_grad_second_stepalign0.1_iread0.1_bs_64_lr_1e-04_b10.9_b20.98_fp32_init_plateau/run_2/checkpoint-166000,1,2,2.5,-2.5,174.8470916748047,-164.10064697265625,6.114145435276441e-06,-5.877069997950457e-05,12
lipschitz-s144,/cephfs/home/mkairov/gradim/energy_shaping/runs/mix-N8-K2V2-V62_1M/energygradmem_llama_L4H4D256_mem8_K2_ilr0.4_energy_lip0.003_L5_grad_second_stepalign0.1_iread0.1_bs_64_lr_1e-04_b10.9_b20.98_fp32_init_plateau/run_2/checkpoint-166000,1,2,3.0,-2.5,178.03099060058594,-160.91676330566406,5.061257525085239e-06,-5.9823589253937826e-05,12
lipschitz-s144,/cephfs/home/mkairov/gradim/energy_shaping/runs/mix-N8-K2V2-V62_1M/energygradmem_llama_L4H4D256_mem8_K2_ilr0.4_energy_lip0.003_L5_grad_second_stepalign0.1_iread0.1_bs_64_lr_1e-04_b10.9_b20.98_fp32_init_plateau/run_2/checkpoint-166000,1,2,-3.0,-2.0,1394.3919677734375,1055.4442138671875,0.3044593036174774,0.3043944239616394,12
lipschitz-s144,/cephfs/home/mkairov/gradim/energy_shaping/runs/mix-N8-K2V2-V62_1M/energygradmem_llama_L4H4D256_mem8_K2_ilr0.4_energy_lip0.003_L5_grad_second_stepalign0.1_iread0.1_bs_64_lr_1e-04_b10.9_b20.98_fp32_init_plateau/run_2/checkpoint-166000,1,2,-2.5,-2.0,1381.7947998046875,1042.8470458984375,0.17534035444259644,0.17527548968791962,12
lipschitz-s144,/cephfs/home/mkairov/gradim/energy_shaping/runs/mix-N8-K2V2-V62_1M/energygradmem_llama_L4H4D256_mem8_K2_ilr0.4_energy_lip0.003_L5_grad_second_stepalign0.1_iread0.1_bs_64_lr_1e-04_b10.9_b20.98_fp32_init_plateau/run_2/checkpoint-166000,1,2,-2.0,-2.0,1315.2401123046875,976.292236328125,0.2952035069465637,0.2951386272907257,12
lipschitz-s144,/cephfs/home/mkairov/gradim/energy_shaping/runs/mix-N8-K2V2-V62_1M/energygradmem_llama_L4H4D256_mem8_K2_ilr0.4_energy_lip0.003_L5_grad_second_stepalign0.1_iread0.1_bs_64_lr_1e-04_b10.9_b20.98_fp32_init_plateau/run_2/checkpoint-166000,1,2,-1.5,-2.0,1146.3948974609375,807.4472045898438,0.022558150812983513,0.022493265569210052,12
lipschitz-s144,/cephfs/home/mkairov/gradim/energy_shaping/runs/mix-N8-K2V2-V62_1M/energygradmem_llama_L4H4D256_mem8_K2_ilr0.4_energy_lip0.003_L5_grad_second_stepalign0.1_iread0.1_bs_64_lr_1e-04_b10.9_b20.98_fp32_init_plateau/run_2/checkpoint-166000,1,2,-1.0,-2.0,921.8264770507812,582.878662109375,0.002271568402647972,0.002206683624535799,12
lipschitz-s144,/cephfs/home/mkairov/gradim/energy_shaping/runs/mix-N8-K2V2-V62_1M/energygradmem_llama_L4H4D256_mem8_K2_ilr0.4_energy_lip0.003_L5_grad_second_stepalign0.1_iread0.1_bs_64_lr_1e-04_b10.9_b20.98_fp32_init_plateau/run_2/checkpoint-166000,1,2,-0.5,-2.0,648.5087280273438,309.5609436035156,0.0003537724551279098,0.0002888876188080758,12
lipschitz-s144,/cephfs/home/mkairov/gradim/energy_shaping/runs/mix-N8-K2V2-V62_1M/energygradmem_llama_L4H4D256_mem8_K2_ilr0.4_energy_lip0.003_L5_grad_second_stepalign0.1_iread0.1_bs_64_lr_1e-04_b10.9_b20.98_fp32_init_plateau/run_2/checkpoint-166000,1,2,0.0,-2.0,355.0780334472656,16.13031768798828,8.264111238531768e-05,1.775626697053667e-05,12
lipschitz-s144,/cephfs/home/mkairov/gradim/energy_shaping/runs/mix-N8-K2V2-V62_1M/energygradmem_llama_L4H4D256_mem8_K2_ilr0.4_energy_lip0.003_L5_grad_second_stepalign0.1_iread0.1_bs_64_lr_1e-04_b10.9_b20.98_fp32_init_plateau/run_2/checkpoint-166000,1,2,0.5,-2.0,175.5619354248047,-163.3858184814453,3.223930980311707e-05,-3.264553743065335e-05,12
lipschitz-s144,/cephfs/home/mkairov/gradim/energy_shaping/runs/mix-N8-K2V2-V62_1M/energygradmem_llama_L4H4D256_mem8_K2_ilr0.4_energy_lip0.003_L5_grad_second_stepalign0.1_iread0.1_bs_64_lr_1e-04_b10.9_b20.98_fp32_init_plateau/run_2/checkpoint-166000,1,2,1.0,-2.0,167.88970947265625,-171.0580291748047,1.6766291082603857e-05,-4.811855615116656e-05,12
lipschitz-s144,/cephfs/home/mkairov/gradim/energy_shaping/runs/mix-N8-K2V2-V62_1M/energygradmem_llama_L4H4D256_mem8_K2_ilr0.4_energy_lip0.003_L5_grad_second_stepalign0.1_iread0.1_bs_64_lr_1e-04_b10.9_b20.98_fp32_init_plateau/run_2/checkpoint-166000,1,2,1.5,-2.0,169.14369201660156,-169.80404663085938,1.0246144483971875e-05,-5.4638705478282645e-05,12
lipschitz-s144,/cephfs/home/mkairov/gradim/energy_shaping/runs/mix-N8-K2V2-V62_1M/energygradmem_llama_L4H4D256_mem8_K2_ilr0.4_energy_lip0.003_L5_grad_second_stepalign0.1_iread0.1_bs_64_lr_1e-04_b10.9_b20.98_fp32_init_plateau/run_2/checkpoint-166000,1,2,2.0,-2.0,170.96717834472656,-167.98056030273438,6.739891887264093e-06,-5.814496034872718e-05,12
lipschitz-s144,/cephfs/home/mkairov/gradim/energy_shaping/runs/mix-N8-K2V2-V62_1M/energygradmem_llama_L4H4D256_mem8_K2_ilr0.4_energy_lip0.003_L5_grad_second_stepalign0.1_iread0.1_bs_64_lr_1e-04_b10.9_b20.98_fp32_init_plateau/run_2/checkpoint-166000,1,2,2.5,-2.0,173.9927520751953,-164.95497131347656,4.643982265406521e-06,-6.024086906109005e-05,12
lipschitz-s144,/cephfs/home/mkairov/gradim/energy_shaping/runs/mix-N8-K2V2-V62_1M/energygradmem_llama_L4H4D256_mem8_K2_ilr0.4_energy_lip0.003_L5_grad_second_stepalign0.1_iread0.1_bs_64_lr_1e-04_b10.9_b20.98_fp32_init_plateau/run_2/checkpoint-166000,1,2,3.0,-2.0,177.291015625,-161.65672302246094,4.115062893106369e-06,-6.07697875238955e-05,12
lipschitz-s144,/cephfs/home/mkairov/gradim/energy_shaping/runs/mix-N8-K2V2-V62_1M/energygradmem_llama_L4H4D256_mem8_K2_ilr0.4_energy_lip0.003_L5_grad_second_stepalign0.1_iread0.1_bs_64_lr_1e-04_b10.9_b20.98_fp32_init_plateau/run_2/checkpoint-166000,1,2,-3.0,-1.5,1400.75,1061.80224609375,0.30799394845962524,0.30792900919914246,12
lipschitz-s144,/cephfs/home/mkairov/gradim/energy_shaping/runs/mix-N8-K2V2-V62_1M/energygradmem_llama_L4H4D256_mem8_K2_ilr0.4_energy_lip0.003_L5_grad_second_stepalign0.1_iread0.1_bs_64_lr_1e-04_b10.9_b20.98_fp32_init_plateau/run_2/checkpoint-166000,1,2,-2.5,-1.5,1388.82763671875,1049.8798828125,0.1988314986228943,0.19876660406589508,12
lipschitz-s144,/cephfs/home/mkairov/gradim/energy_shaping/runs/mix-N8-K2V2-V62_1M/energygradmem_llama_L4H4D256_mem8_K2_ilr0.4_energy_lip0.003_L5_grad_second_stepalign0.1_iread0.1_bs_64_lr_1e-04_b10.9_b20.98_fp32_init_plateau/run_2/checkpoint-166000,1,2,-2.0,-1.5,1319.75927734375,980.8115234375,0.2845694124698639,0.2845045030117035,12
lipschitz-s144,/cephfs/home/mkairov/gradim/energy_shaping/runs/mix-N8-K2V2-V62_1M/energygradmem_llama_L4H4D256_mem8_K2_ilr0.4_energy_lip0.003_L5_grad_second_stepalign0.1_iread0.1_bs_64_lr_1e-04_b10.9_b20.98_fp32_init_plateau/run_2/checkpoint-166000,1,2,-1.5,-1.5,1148.5697021484375,809.6218872070312,0.015906579792499542,0.015841694548726082,12
lipschitz-s144,/cephfs/home/mkairov/gradim/energy_shaping/runs/mix-N8-K2V2-V62_1M/energygradmem_llama_L4H4D256_mem8_K2_ilr0.4_energy_lip0.003_L5_grad_second_stepalign0.1_iread0.1_bs_64_lr_1e-04_b10.9_b20.98_fp32_init_plateau/run_2/checkpoint-166000,1,2,-1.0,-1.5,920.337890625,581.39013671875,0.0014219069853425026,0.0013570220908150077,12
lipschitz-s144,/cephfs/home/mkairov/gradim/energy_shaping/runs/mix-N8-K2V2-V62_1M/energygradmem_llama_L4H4D256_mem8_K2_ilr0.4_energy_lip0.003_L5_grad_second_stepalign0.1_iread0.1_bs_64_lr_1e-04_b10.9_b20.98_fp32_init_plateau/run_2/checkpoint-166000,1,2,-0.5,-1.5,642.3005981445312,303.3528137207031,0.0002484510187059641,0.0001835661823861301,12
lipschitz-s144,/cephfs/home/mkairov/gradim/energy_shaping/runs/mix-N8-K2V2-V62_1M/energygradmem_llama_L4H4D256_mem8_K2_ilr0.4_energy_lip0.003_L5_grad_second_stepalign0.1_iread0.1_bs_64_lr_1e-04_b10.9_b20.98_fp32_init_plateau/run_2/checkpoint-166000,1,2,0.0,-1.5,347.8505554199219,8.902846336364746,7.14343914296478e-05,6.549545560119441e-06,12
lipschitz-s144,/cephfs/home/mkairov/gradim/energy_shaping/runs/mix-N8-K2V2-V62_1M/energygradmem_llama_L4H4D256_mem8_K2_ilr0.4_energy_lip0.003_L5_grad_second_stepalign0.1_iread0.1_bs_64_lr_1e-04_b10.9_b20.98_fp32_init_plateau/run_2/checkpoint-166000,1,2,0.5,-1.5,172.8010711669922,-166.14666748046875,2.9689255825360306e-05,-3.519559322739951e-05,12
lipschitz-s144,/cephfs/home/mkairov/gradim/energy_shaping/runs/mix-N8-K2V2-V62_1M/energygradmem_llama_L4H4D256_mem8_K2_ilr0.4_energy_lip0.003_L5_grad_second_stepalign0.1_iread0.1_bs_64_lr_1e-04_b10.9_b20.98_fp32_init_plateau/run_2/checkpoint-166000,1,2,1.0,-1.5,166.40562438964844,-172.5421142578125,1.530110057501588e-05,-4.958374847774394e-05,12
lipschitz-s144,/cephfs/home/mkairov/gradim/energy_shaping/runs/mix-N8-K2V2-V62_1M/energygradmem_llama_L4H4D256_mem8_K2_ilr0.4_energy_lip0.003_L5_grad_second_stepalign0.1_iread0.1_bs_64_lr_1e-04_b10.9_b20.98_fp32_init_plateau/run_2/checkpoint-166000,1,2,1.5,-1.5,168.0608367919922,-170.8868865966797,9.203095942211803e-06,-5.568175402004272e-05,12
lipschitz-s144,/cephfs/home/mkairov/gradim/energy_shaping/runs/mix-N8-K2V2-V62_1M/energygradmem_llama_L4H4D256_mem8_K2_ilr0.4_energy_lip0.003_L5_grad_second_stepalign0.1_iread0.1_bs_64_lr_1e-04_b10.9_b20.98_fp32_init_plateau/run_2/checkpoint-166000,1,2,2.0,-1.5,170.15699768066406,-168.79075622558594,6.0842489801871125e-06,-5.8800604165298864e-05,12
lipschitz-s144,/cephfs/home/mkairov/gradim/energy_shaping/runs/mix-N8-K2V2-V62_1M/energygradmem_llama_L4H4D256_mem8_K2_ilr0.4_energy_lip0.003_L5_grad_second_stepalign0.1_iread0.1_bs_64_lr_1e-04_b10.9_b20.98_fp32_init_plateau/run_2/checkpoint-166000,1,2,2.5,-1.5,173.2674102783203,-165.68032836914062,4.2987699089280795e-06,-6.058608050807379e-05,12
lipschitz-s144,/cephfs/home/mkairov/gradim/energy_shaping/runs/mix-N8-K2V2-V62_1M/energygradmem_llama_L4H4D256_mem8_K2_ilr0.4_energy_lip0.003_L5_grad_second_stepalign0.1_iread0.1_bs_64_lr_1e-04_b10.9_b20.98_fp32_init_plateau/run_2/checkpoint-166000,1,2,3.0,-1.5,176.7118682861328,-162.23587036132812,3.6779681522602914e-06,-6.120688340160996e-05,12
lipschitz-s144,/cephfs/home/mkairov/gradim/energy_shaping/runs/mix-N8-K2V2-V62_1M/energygradmem_llama_L4H4D256_mem8_K2_ilr0.4_energy_lip0.003_L5_grad_second_stepalign0.1_iread0.1_bs_64_lr_1e-04_b10.9_b20.98_fp32_init_plateau/run_2/checkpoint-166000,1,2,-3.0,-1.0,1405.7821044921875,1066.8343505859375,0.30824002623558044,0.30817514657974243,12
lipschitz-s144,/cephfs/home/mkairov/gradim/energy_shaping/runs/mix-N8-K2V2-V62_1M/energygradmem_llama_L4H4D256_mem8_K2_ilr0.4_energy_lip0.003_L5_grad_second_stepalign0.1_iread0.1_bs_64_lr_1e-04_b10.9_b20.98_fp32_init_plateau/run_2/checkpoint-166000,1,2,-2.5,-1.0,1394.64453125,1055.69677734375,0.24512071907520294,0.24505583941936493,12
lipschitz-s144,/cephfs/home/mkairov/gradim/energy_shaping/runs/mix-N8-K2V2-V62_1M/energygradmem_llama_L4H4D256_mem8_K2_ilr0.4_energy_lip0.003_L5_grad_second_stepalign0.1_iread0.1_bs_64_lr_1e-04_b10.9_b20.98_fp32_init_plateau/run_2/checkpoint-166000,1,2,-2.0,-1.0,1323.4364013671875,984.4885864257812,0.2658398151397705,0.2657749056816101,12
lipschitz-s144,/cephfs/home/mkairov/gradim/energy_shaping/runs/mix-N8-K2V2-V62_1M/energygradmem_llama_L4H4D256_mem8_K2_ilr0.4_energy_lip0.003_L5_grad_second_stepalign0.1_iread0.1_bs_64_lr_1e-04_b10.9_b20.98_fp32_init_plateau/run_2/checkpoint-166000,1,2,-1.5,-1.0,1150.6578369140625,811.7101440429688,0.012961133383214474,0.012896248139441013,12
lipschitz-s144,/cephfs/home/mkairov/gradim/energy_shaping/runs/mix-N8-K2V2-V62_1M/energygradmem_llama_L4H4D256_mem8_K2_ilr0.4_energy_lip0.003_L5_grad_second_stepalign0.1_iread0.1_bs_64_lr_1e-04_b10.9_b20.98_fp32_init_plateau/run_2/checkpoint-166000,1,2,-1.0,-1.0,919.277099609375,580.329345703125,0.0010451978305354714,0.0009803130524232984,12
lipschitz-s144,/cephfs/home/mkairov/gradim/energy_shaping/runs/mix-N8-K2V2-V62_1M/energygradmem_llama_L4H4D256_mem8_K2_ilr0.4_energy_lip0.003_L5_grad_second_stepalign0.1_iread0.1_bs_64_lr_1e-04_b10.9_b20.98_fp32_init_plateau/run_2/checkpoint-166000,1,2,-0.5,-1.0,637.8189697265625,298.8711853027344,0.00020493588817771524,0.00014005103730596602,12
lipschitz-s144,/cephfs/home/mkairov/gradim/energy_shaping/runs/mix-N8-K2V2-V62_1M/energygradmem_llama_L4H4D256_mem8_K2_ilr0.4_energy_lip0.003_L5_grad_second_stepalign0.1_iread0.1_bs_64_lr_1e-04_b10.9_b20.98_fp32_init_plateau/run_2/checkpoint-166000,1,2,0.0,-1.0,342.8341979980469,3.8864448070526123,6.651409057667479e-05,1.629243342904374e-06,12
lipschitz-s144,/cephfs/home/mkairov/gradim/energy_shaping/runs/mix-N8-K2V2-V62_1M/energygradmem_llama_L4H4D256_mem8_K2_ilr0.4_energy_lip0.003_L5_grad_second_stepalign0.1_iread0.1_bs_64_lr_1e-04_b10.9_b20.98_fp32_init_plateau/run_2/checkpoint-166000,1,2,0.5,-1.0,170.77972412109375,-168.1680145263672,2.871356082323473e-05,-3.617128822952509e-05,12
lipschitz-s144,/cephfs/home/mkairov/gradim/energy_shaping/runs/mix-N8-K2V2-V62_1M/energygradmem_llama_L4H4D256_mem8_K2_ilr0.4_energy_lip0.003_L5_grad_second_stepalign0.1_iread0.1_bs_64_lr_1e-04_b10.9_b20.98_fp32_init_plateau/run_2/checkpoint-166000,1,2,1.0,-1.0,165.2436065673828,-173.7041473388672,1.4913700397301e-05,-4.9971145926974714e-05,12
lipschitz-s144,/cephfs/home/mkairov/gradim/energy_shaping/runs/mix-N8-K2V2-V62_1M/energygradmem_llama_L4H4D256_mem8_K2_ilr0.4_energy_lip0.003_L5_grad_second_stepalign0.1_iread0.1_bs_64_lr_1e-04_b10.9_b20.98_fp32_init_plateau/run_2/checkpoint-166000,1,2,1.5,-1.0,167.19017028808594,-171.757568359375,8.991987670015078e-06,-5.5892858654260635e-05,12
lipschitz-s144,/cephfs/home/mkairov/gradim/energy_shaping/runs/mix-N8-K2V2-V62_1M/energygradmem_llama_L4H4D256_mem8_K2_ilr0.4_energy_lip0.003_L5_grad_second_stepalign0.1_iread0.1_bs_64_lr_1e-04_b10.9_b20.98_fp32_init_plateau/run_2/checkpoint-166000,1,2,2.0,-1.0,169.52442932128906,-169.4232940673828,5.969995527266292e-06,-5.8914858527714387e-05,12
lipschitz-s144,/cephfs/home/mkairov/gradim/energy_shaping/runs/mix-N8-K2V2-V62_1M/energygradmem_llama_L4H4D256_mem8_K2_ilr0.4_energy_lip0.003_L5_grad_second_stepalign0.1_iread0.1_bs_64_lr_1e-04_b10.9_b20.98_fp32_init_plateau/run_2/checkpoint-166000,1,2,2.5,-1.0,172.6909942626953,-166.25672912597656,4.2590249904606026e-06,-6.062582542654127e-05,12
lipschitz-s144,/cephfs/home/mkairov/gradim/energy_shaping/runs/mix-N8-K2V2-V62_1M/energygradmem_llama_L4H4D256_mem8_K2_ilr0.4_energy_lip0.003_L5_grad_second_stepalign0.1_iread0.1_bs_64_lr_1e-04_b10.9_b20.98_fp32_init_plateau/run_2/checkpoint-166000,1,2,3.0,-1.0,176.27378845214844,-162.6739501953125,3.5066022974206135e-06,-6.13782467553392e-05,12
lipschitz-s144,/cephfs/home/mkairov/gradim/energy_shaping/runs/mix-N8-K2V2-V62_1M/energygradmem_llama_L4H4D256_mem8_K2_ilr0.4_energy_lip0.003_L5_grad_second_stepalign0.1_iread0.1_bs_64_lr_1e-04_b10.9_b20.98_fp32_init_plateau/run_2/checkpoint-166000,1,2,-3.0,-0.5,1412.0113525390625,1073.0638427734375,0.306831032037735,0.306766152381897,12
lipschitz-s144,/cephfs/home/mkairov/gradim/energy_shaping/runs/mix-N8-K2V2-V62_1M/energygradmem_llama_L4H4D256_mem8_K2_ilr0.4_energy_lip0.003_L5_grad_second_stepalign0.1_iread0.1_bs_64_lr_1e-04_b10.9_b20.98_fp32_init_plateau/run_2/checkpoint-166000,1,2,-2.5,-0.5,1398.2069091796875,1059.25927734375,0.3062448501586914,0.306179940700531,12
lipschitz-s144,/cephfs/home/mkairov/gradim/energy_shaping/runs/mix-N8-K2V2-V62_1M/energygradmem_llama_L4H4D256_mem8_K2_ilr0.4_energy_lip0.003_L5_grad_second_stepalign0.1_iread0.1_bs_64_lr_1e-04_b10.9_b20.98_fp32_init_plateau/run_2/checkpoint-166000,1,2,-2.0,-0.5,1326.3876953125,987.4400024414062,0.2490127682685852,0.2489478439092636,12
lipschitz-s144,/cephfs/home/mkairov/gradim/energy_shaping/runs/mix-N8-K2V2-V62_1M/energygradmem_llama_L4H4D256_mem8_K2_ilr0.4_energy_lip0.003_L5_grad_second_stepalign0.1_iread0.1_bs_64_lr_1e-04_b10.9_b20.98_fp32_init_plateau/run_2/checkpoint-166000,1,2,-1.5,-0.5,1152.6802978515625,813.7324829101562,0.012456856667995453,0.012391972355544567,12
lipschitz-s144,/cephfs/home/mkairov/gradim/energy_shaping/runs/mix-N8-K2V2-V62_1M/energygradmem_llama_L4H4D256_mem8_K2_ilr0.4_energy_lip0.003_L5_grad_second_stepalign0.1_iread0.1_bs_64_lr_1e-04_b10.9_b20.98_fp32_init_plateau/run_2/checkpoint-166000,1,2,-1.0,-0.5,918.7533569335938,579.8054809570312,0.0009021455771289766,0.0008372606826014817,12
lipschitz-s144,/cephfs/home/mkairov/gradim/energy_shaping/runs/mix-N8-K2V2-V62_1M/energygradmem_llama_L4H4D256_mem8_K2_ilr0.4_energy_lip0.003_L5_grad_second_stepalign0.1_iread0.1_bs_64_lr_1e-04_b10.9_b20.98_fp32_init_plateau/run_2/checkpoint-166000,1,2,-0.5,-0.5,635.07177734375,296.1240539550781,0.00018505612388253212,0.00012017125845886767,12
lipschitz-s144,/cephfs/home/mkairov/gradim/energy_shaping/runs/mix-N8-K2V2-V62_1M/energygradmem_llama_L4H4D256_mem8_K2_ilr0.4_energy_lip0.003_L5_grad_second_stepalign0.1_iread0.1_bs_64_lr_1e-04_b10.9_b20.98_fp32_init_plateau/run_2/checkpoint-166000,1,2,0.0,-0.5,339.9042053222656,0.9564469456672668,6.453941023210064e-05,-3.454343868725118e-07,12
lipschitz-s144,/cephfs/home/mkairov/gradim/energy_shaping/runs/mix-N8-K2V2-V62_1M/energygradmem_llama_L4H4D256_mem8_K2_ilr0.4_energy_lip0.003_L5_grad_second_stepalign0.1_iread0.1_bs_64_lr_1e-04_b10.9_b20.98_fp32_init_plateau/run_2/checkpoint-166000,1,2,0.5,-0.5,169.4839630126953,-169.4637908935547,2.837850661308039e-05,-3.650634243967943e-05,12
lipschitz-s144,/cephfs/home/mkairov/gradim/energy_shaping/runs/mix-N8-K2V2-V62_1M/energygradmem_llama_L4H4D256_mem8_K2_ilr0.4_energy_lip0.003_L5_grad_second_stepalign0.1_iread0.1_bs_64_lr_1e-04_b10.9_b20.98_fp32_init_plateau/run_2/checkpoint-166000,1,2,1.0,-0.5,164.38790893554688,-174.559814453125,1.4796994037169497e-05,-5.0087852287106216e-05,12
lipschitz-s144,/cephfs/home/mkairov/gradim/energy_shaping/runs/mix-N8-K2V2-V62_1M/energygradmem_llama_L4H4D256_mem8_K2_ilr0.4_energy_lip0.003_L5_grad_second_stepalign0.1_iread0.1_bs_64_lr_1e-04_b10.9_b20.98_fp32_init_plateau/run_2/checkpoint-166000,1,2,1.5,-0.5,166.5275115966797,-172.42022705078125,8.987008186522871e-06,-5.589784632320516e-05,12
lipschitz-s144,/cephfs/home/mkairov/gradim/energy_shaping/runs/mix-N8-K2V2-V62_1M/energygradmem_llama_L4H4D256_mem8_K2_ilr0.4_energy_lip0.003_L5_grad_second_stepalign0.1_iread0.1_bs_64_lr_1e-04_b10.9_b20.98_fp32_init_plateau/run_2/checkpoint-166000,1,2,2.0,-0.5,169.06268310546875,-169.8850555419922,5.99730083195027e-06,-5.888754458283074e-05,12
lipschitz-s144,/cephfs/home/mkairov/gradim/energy_shaping/runs/mix-N8-K2V2-V62_1M/energygradmem_llama_L4H4D256_mem8_K2_ilr0.4_energy_lip0.003_L5_grad_second_stepalign0.1_iread0.1_bs_64_lr_1e-04_b10.9_b20.98_fp32_init_plateau/run_2/checkpoint-166000,1,2,2.5,-0.5,172.27392578125,-166.67381286621094,4.313652880227892e-06,-6.057119753677398e-05,12
lipschitz-s144,/cephfs/home/mkairov/gradim/energy_shaping/runs/mix-N8-K2V2-V62_1M/energygradmem_llama_L4H4D256_mem8_K2_ilr0.4_energy_lip0.003_L5_grad_second_stepalign0.1_iread0.1_bs_64_lr_1e-04_b10.9_b20.98_fp32_init_plateau/run_2/checkpoint-166000,1,2,3.0,-0.5,175.9542236328125,-162.99354553222656,3.533915105435881e-06,-6.135093281045556e-05,12
lipschitz-s144,/cephfs/home/mkairov/gradim/energy_shaping/runs/mix-N8-K2V2-V62_1M/energygradmem_llama_L4H4D256_mem8_K2_ilr0.4_energy_lip0.003_L5_grad_second_stepalign0.1_iread0.1_bs_64_lr_1e-04_b10.9_b20.98_fp32_init_plateau/run_2/checkpoint-166000,1,2,-3.0,0.0,1418.38818359375,1079.4403076171875,0.3084540069103241,0.3083890974521637,12
lipschitz-s144,/cephfs/home/mkairov/gradim/energy_shaping/runs/mix-N8-K2V2-V62_1M/energygradmem_llama_L4H4D256_mem8_K2_ilr0.4_energy_lip0.003_L5_grad_second_stepalign0.1_iread0.1_bs_64_lr_1e-04_b10.9_b20.98_fp32_init_plateau/run_2/checkpoint-166000,1,2,-2.5,0.0,1400.5400390625,1061.59228515625,0.3661760091781616,0.366111159324646,12
lipschitz-s144,/cephfs/home/mkairov/gradim/energy_shaping/runs/mix-N8-K2V2-V62_1M/energygradmem_llama_L4H4D256_mem8_K2_ilr0.4_energy_lip0.003_L5_grad_second_stepalign0.1_iread0.1_bs_64_lr_1e-04_b10.9_b20.98_fp32_init_plateau/run_2/checkpoint-166000,1,2,-2.0,0.0,1328.6839599609375,989.736328125,0.2394309639930725,0.23936611413955688,12
lipschitz-s144,/cephfs/home/mkairov/gradim/energy_shaping/runs/mix-N8-K2V2-V62_1M/energygradmem_llama_L4H4D256_mem8_K2_ilr0.4_energy_lip0.003_L5_grad_second_stepalign0.1_iread0.1_bs_64_lr_1e-04_b10.9_b20.98_fp32_init_plateau/run_2/checkpoint-166000,1,2,-1.5,0.0,1154.6739501953125,815.7262573242188,0.013533025979995728,0.013468139804899693,12
lipschitz-s144,/cephfs/home/mkairov/gradim/energy_shaping/runs/mix-N8-K2V2-V62_1M/energygradmem_llama_L4H4D256_mem8_K2_ilr0.4_energy_lip0.003_L5_grad_second_stepalign0.1_iread0.1_bs_64_lr_1e-04_b10.9_b20.98_fp32_init_plateau/run_2/checkpoint-166000,1,2,-1.0,0.0,918.9329223632812,579.9852905273438,0.0009079045266844332,0.0008430196903645992,12
lipschitz-s144,/cephfs/home/mkairov/gradim/energy_shaping/runs/mix-N8-K2V2-V62_1M/energygradmem_llama_L4H4D256_mem8_K2_ilr0.4_energy_lip0.003_L5_grad_second_stepalign0.1_iread0.1_bs_64_lr_1e-04_b10.9_b20.98_fp32_init_plateau/run_2/checkpoint-166000,1,2,-0.5,0.0,634.0181274414062,295.0704345703125,0.00017662586469668895,0.00011174099199706689,12
lipschitz-s144,/cephfs/home/mkairov/gradim/energy_shaping/runs/mix-N8-K2V2-V62_1M/energygradmem_llama_L4H4D256_mem8_K2_ilr0.4_energy_lip0.003_L5_grad_second_stepalign0.1_iread0.1_bs_64_lr_1e-04_b10.9_b20.98_fp32_init_plateau/run_2/checkpoint-166000,1,2,0.0,0.0,338.9477233886719,0.0,6.488485087174922e-05,0.0,12
lipschitz-s144,/cephfs/home/mkairov/gradim/energy_shaping/runs/mix-N8-K2V2-V62_1M/energygradmem_llama_L4H4D256_mem8_K2_ilr0.4_energy_lip0.003_L5_grad_second_stepalign0.1_iread0.1_bs_64_lr_1e-04_b10.9_b20.98_fp32_init_plateau/run_2/checkpoint-166000,1,2,0.5,0.0,168.9235382080078,-170.02420043945312,2.8594689865713008e-05,-3.629015918704681e-05,12
lipschitz-s144,/cephfs/home/mkairov/gradim/energy_shaping/runs/mix-N8-K2V2-V62_1M/energygradmem_llama_L4H4D256_mem8_K2_ilr0.4_energy_lip0.003_L5_grad_second_stepalign0.1_iread0.1_bs_64_lr_1e-04_b10.9_b20.98_fp32_init_plateau/run_2/checkpoint-166000,1,2,1.0,0.0,163.8339080810547,-175.1138458251953,1.4792039110034239e-05,-5.009281085222028e-05,12
lipschitz-s144,/cephfs/home/mkairov/gradim/energy_shaping/runs/mix-N8-K2V2-V62_1M/energygradmem_llama_L4H4D256_mem8_K2_ilr0.4_energy_lip0.003_L5_grad_second_stepalign0.1_iread0.1_bs_64_lr_1e-04_b10.9_b20.98_fp32_init_plateau/run_2/checkpoint-166000,1,2,1.5,0.0,166.0737762451172,-172.87396240234375,9.034180038725026e-06,-5.585066901403479e-05,12
lipschitz-s144,/cephfs/home/mkairov/gradim/energy_shaping/runs/mix-N8-K2V2-V62_1M/energygradmem_llama_L4H4D256_mem8_K2_ilr0.4_energy_lip0.003_L5_grad_second_stepalign0.1_iread0.1_bs_64_lr_1e-04_b10.9_b20.98_fp32_init_plateau/run_2/checkpoint-166000,1,2,2.0,0.0,168.7692413330078,-170.17849731445312,6.0792422118538525e-06,-5.880561002413742e-05,12
lipschitz-s144,/cephfs/home/mkairov/gradim/energy_shaping/runs/mix-N8-K2V2-V62_1M/energygradmem_llama_L4H4D256_mem8_K2_ilr0.4_energy_lip0.003_L5_grad_second_stepalign0.1_iread0.1_bs_64_lr_1e-04_b10.9_b20.98_fp32_init_plateau/run_2/checkpoint-166000,1,2,2.5,0.0,172.017578125,-166.93016052246094,4.4452685870055575e-06,-6.043958637746982e-05,12
lipschitz-s144,/cephfs/home/mkairov/gradim/energy_shaping/runs/mix-N8-K2V2-V62_1M/energygradmem_llama_L4H4D256_mem8_K2_ilr0.4_energy_lip0.003_L5_grad_second_stepalign0.1_iread0.1_bs_64_lr_1e-04_b10.9_b20.98_fp32_init_plateau/run_2/checkpoint-166000,1,2,3.0,0.0,175.74977111816406,-163.19798278808594,3.849310814985074e-06,-6.103554187575355e-05,12
lipschitz-s144,/cephfs/home/mkairov/gradim/energy_shaping/runs/mix-N8-K2V2-V62_1M/energygradmem_llama_L4H4D256_mem8_K2_ilr0.4_energy_lip0.003_L5_grad_second_stepalign0.1_iread0.1_bs_64_lr_1e-04_b10.9_b20.98_fp32_init_plateau/run_2/checkpoint-166000,1,2,-3.0,0.5,1424.56494140625,1085.6173095703125,0.3150527775287628,0.3149878978729248,12
lipschitz-s144,/cephfs/home/mkairov/gradim/energy_shaping/runs/mix-N8-K2V2-V62_1M/energygradmem_llama_L4H4D256_mem8_K2_ilr0.4_energy_lip0.003_L5_grad_second_stepalign0.1_iread0.1_bs_64_lr_1e-04_b10.9_b20.98_fp32_init_plateau/run_2/checkpoint-166000,1,2,-2.5,0.5,1403.7347412109375,1064.7869873046875,0.4097176492214203,0.40965279936790466,12
lipschitz-s144,/cephfs/home/mkairov/gradim/energy_shaping/runs/mix-N8-K2V2-V62_1M/energygradmem_llama_L4H4D256_mem8_K2_ilr0.4_energy_lip0.003_L5_grad_second_stepalign0.1_iread0.1_bs_64_lr_1e-04_b10.9_b20.98_fp32_init_plateau/run_2/checkpoint-166000,1,2,-2.0,0.5,1330.1995849609375,991.2518920898438,0.23793107271194458,0.23786620795726776,12
lipschitz-s144,/cephfs/home/mkairov/gradim/energy_shaping/runs/mix-N8-K2V2-V62_1M/energygradmem_llama_L4H4D256_mem8_K2_ilr0.4_energy_lip0.003_L5_grad_second_stepalign0.1_iread0.1_bs_64_lr_1e-04_b10.9_b20.98_fp32_init_plateau/run_2/checkpoint-166000,1,2,-1.5,0.5,1156.786865234375,817.8390502929688,0.015678875148296356,0.01561399083584547,12
lipschitz-s144,/cephfs/home/mkairov/gradim/energy_shaping/runs/mix-N8-K2V2-V62_1M/energygradmem_llama_L4H4D256_mem8_K2_ilr0.4_energy_lip0.003_L5_grad_second_stepalign0.1_iread0.1_bs_64_lr_1e-04_b10.9_b20.98_fp32_init_plateau/run_2/checkpoint-166000,1,2,-1.0,0.5,920.0162963867188,581.0684204101562,0.0010689307237043977,0.0010040458291769028,12
lipschitz-s144,/cephfs/home/mkairov/gradim/energy_shaping/runs/mix-N8-K2V2-V62_1M/energygradmem_llama_L4H4D256_mem8_K2_ilr0.4_energy_lip0.003_L5_grad_second_stepalign0.1_iread0.1_bs_64_lr_1e-04_b10.9_b20.98_fp32_init_plateau/run_2/checkpoint-166000,1,2,-0.5,0.5,634.6159057617188,295.6681823730469,0.00017608649795874953,0.00011120162525912747,12
lipschitz-s144,/cephfs/home/mkairov/gradim/energy_shaping/runs/mix-N8-K2V2-V62_1M/energygradmem_llama_L4H4D256_mem8_K2_ilr0.4_energy_lip0.003_L5_grad_second_stepalign0.1_iread0.1_bs_64_lr_1e-04_b10.9_b20.98_fp32_init_plateau/run_2/checkpoint-166000,1,2,0.0,0.5,339.88653564453125,0.9387957453727722,6.801640847697854e-05,3.1315573778556427e-06,12
lipschitz-s144,/cephfs/home/mkairov/gradim/energy_shaping/runs/mix-N8-K2V2-V62_1M/energygradmem_llama_L4H4D256_mem8_K2_ilr0.4_energy_lip0.003_L5_grad_second_stepalign0.1_iread0.1_bs_64_lr_1e-04_b10.9_b20.98_fp32_init_plateau/run_2/checkpoint-166000,1,2,0.5,0.5,169.1327362060547,-169.8149871826172,2.9560715120169334e-05,-3.532413757056929e-05,12
lipschitz-s144,/cephfs/home/mkairov/gradim/energy_shaping/runs/mix-N8-K2V2-V62_1M/energygradmem_llama_L4H4D256_mem8_K2_ilr0.4_energy_lip0.003_L5_grad_second_stepalign0.1_iread0.1_bs_64_lr_1e-04_b10.9_b20.98_fp32_init_plateau/run_2/checkpoint-166000,1,2,1.0,0.5,163.59246826171875,-175.35528564453125,1.4891382306814194e-05,-4.999346856493503e-05,12
lipschitz-s144,/cephfs/home/mkairov/gradim/energy_shaping/runs/mix-N8-K2V2-V62_1M/energygradmem_llama_L4H4D256_mem8_K2_ilr0.4_energy_lip0.003_L5_grad_second_stepalign0.1_iread0.1_bs_64_lr_1e-04_b10.9_b20.98_fp32_init_plateau/run_2/checkpoint-166000,1,2,1.5,0.5,165.836669921875,-173.11106872558594,9.11363440536661e-06,-5.577121555688791e-05,12
lipschitz-s144,/cephfs/home/mkairov/gradim/energy_shaping/runs/mix-N8-K2V2-V62_1M/energygradmem_llama_L4H4D256_mem8_K2_ilr0.4_energy_lip0.003_L5_grad_second_stepalign0.1_iread0.1_bs_64_lr_1e-04_b10.9_b20.98_fp32_init_plateau/run_2/checkpoint-166000,1,2,2.0,0.5,168.64796447753906,-170.29978942871094,6.193467925186269e-06,-5.869138476555236e-05,12
lipschitz-s144,/cephfs/home/mkairov/gradim/energy_shaping/runs/mix-N8-K2V2-V62_1M/energygradmem_llama_L4H4D256_mem8_K2_ilr0.4_energy_lip0.003_L5_grad_second_stepalign0.1_iread0.1_bs_64_lr_1e-04_b10.9_b20.98_fp32_init_plateau/run_2/checkpoint-166000,1,2,2.5,0.5,171.92515563964844,-167.02256774902344,4.693607479566708e-06,-6.0191243392182514e-05,12
lipschitz-s144,/cephfs/home/mkairov/gradim/energy_shaping/runs/mix-N8-K2V2-V62_1M/energygradmem_llama_L4H4D256_mem8_K2_ilr0.4_energy_lip0.003_L5_grad_second_stepalign0.1_iread0.1_bs_64_lr_1e-04_b10.9_b20.98_fp32_init_plateau/run_2/checkpoint-166000,1,2,3.0,0.5,175.66746520996094,-163.2802734375,4.728431576950243e-06,-6.015642065904103e-05,12
lipschitz-s144,/cephfs/home/mkairov/gradim/energy_shaping/runs/mix-N8-K2V2-V62_1M/energygradmem_llama_L4H4D256_mem8_K2_ilr0.4_energy_lip0.003_L5_grad_second_stepalign0.1_iread0.1_bs_64_lr_1e-04_b10.9_b20.98_fp32_init_plateau/run_2/checkpoint-166000,1,2,-3.0,1.0,1430.2506103515625,1091.3028564453125,0.3259281814098358,0.3258632719516754,12
lipschitz-s144,/cephfs/home/mkairov/gradim/energy_shaping/runs/mix-N8-K2V2-V62_1M/energygradmem_llama_L4H4D256_mem8_K2_ilr0.4_energy_lip0.003_L5_grad_second_stepalign0.1_iread0.1_bs_64_lr_1e-04_b10.9_b20.98_fp32_init_plateau/run_2/checkpoint-166000,1,2,-2.5,1.0,1407.0032958984375,1068.0556640625,0.4335482120513916,0.43348339200019836,12
lipschitz-s144,/cephfs/home/mkairov/gradim/energy_shaping/runs/mix-N8-K2V2-V62_1M/energygradmem_llama_L4H4D256_mem8_K2_ilr0.4_energy_lip0.003_L5_grad_second_stepalign0.1_iread0.1_bs_64_lr_1e-04_b10.9_b20.98_fp32_init_plateau/run_2/checkpoint-166000,1,2,-2.0,1.0,1330.5374755859375,991.58984375,0.24270044267177582,0.2426355481147766,12
lipschitz-s144,/cephfs/home/mkairov/gradim/energy_shaping/runs/mix-N8-K2V2-V62_1M/energygradmem_llama_L4H4D256_mem8_K2_ilr0.4_energy_lip0.003_L5_grad_second_stepalign0.1_iread0.1_bs_64_lr_1e-04_b10.9_b20.98_fp32_init_plateau/run_2/checkpoint-166000,1,2,-1.5,1.0,1159.245849609375,820.2981567382812,0.018532203510403633,0.018467318266630173,12
lipschitz-s144,/cephfs/home/mkairov/gradim/energy_shaping/runs/mix-N8-K2V2-V62_1M/energygradmem_llama_L4H4D256_mem8_K2_ilr0.4_energy_lip0.003_L5_grad_second_stepalign0.1_iread0.1_bs_64_lr_1e-04_b10.9_b20.98_fp32_init_plateau/run_2/checkpoint-166000,1,2,-1.0,1.0,922.162841796875,583.2151489257812,0.0014631111407652497,0.0013982263626530766,12
lipschitz-s144,/cephfs/home/mkairov/gradim/energy_shaping/runs/mix-N8-K2V2-V62_1M/energygradmem_llama_L4H4D256_mem8_K2_ilr0.4_energy_lip0.003_L5_grad_second_stepalign0.1_iread0.1_bs_64_lr_1e-04_b10.9_b20.98_fp32_init_plateau/run_2/checkpoint-166000,1,2,-0.5,1.0,636.8898315429688,297.942138671875,0.00018348556477576494,0.0001186007066280581,12
lipschitz-s144,/cephfs/home/mkairov/gradim/energy_shaping/runs/mix-N8-K2V2-V62_1M/energygradmem_llama_L4H4D256_mem8_K2_ilr0.4_energy_lip0.003_L5_grad_second_stepalign0.1_iread0.1_bs_64_lr_1e-04_b10.9_b20.98_fp32_init_plateau/run_2/checkpoint-166000,1,2,0.0,1.0,342.7087097167969,3.760972261428833,7.561677193734795e-05,1.0731923794082832e-05,12
lipschitz-s144,/cephfs/home/mkairov/gradim/energy_shaping/runs/mix-N8-K2V2-V62_1M/energygradmem_llama_L4H4D256_mem8_K2_ilr0.4_energy_lip0.003_L5_grad_second_stepalign0.1_iread0.1_bs_64_lr_1e-04_b10.9_b20.98_fp32_init_plateau/run_2/checkpoint-166000,1,2,0.5,1.0,170.1707763671875,-168.77696228027344,3.201880826964043e-05,-3.286604260210879e-05,12
lipschitz-s144,/cephfs/home/mkairov/gradim/energy_shaping/runs/mix-N8-K2V2-V62_1M/energygradmem_llama_L4H4D256_mem8_K2_ilr0.4_energy_lip0.003_L5_grad_second_stepalign0.1_iread0.1_bs_64_lr_1e-04_b10.9_b20.98_fp32_init_plateau/run_2/checkpoint-166000,1,2,1.0,1.0,163.69090270996094,-175.2568817138672,1.5142212760110851e-05,-4.974263356416486e-05,12
lipschitz-s144,/cephfs/home/mkairov/gradim/energy_shaping/runs/mix-N8-K2V2-V62_1M/energygradmem_llama_L4H4D256_mem8_K2_ilr0.4_energy_lip0.003_L5_grad_second_stepalign0.1_iread0.1_bs_64_lr_1e-04_b10.9_b20.98_fp32_init_plateau/run_2/checkpoint-166000,1,2,1.5,1.0,165.834716796875,-173.11302185058594,9.247723028238397e-06,-5.5637126934016123e-05,12
lipschitz-s144,/cephfs/home/mkairov/gradim/energy_shaping/runs/mix-N8-K2V2-V62_1M/energygradmem_llama_L4H4D256_mem8_K2_ilr0.4_energy_lip0.003_L5_grad_second_stepalign0.1_iread0.1_bs_64_lr_1e-04_b10.9_b20.98_fp32_init_plateau/run_2/checkpoint-166000,1,2,2.0,1.0,168.71023559570312,-170.23751831054688,6.399581252480857e-06,-5.848526780027896e-05,12
lipschitz-s144,/cephfs/home/mkairov/gradim/energy_shaping/runs/mix-N8-K2V2-V62_1M/energygradmem_llama_L4H4D256_mem8_K2_ilr0.4_energy_lip0.003_L5_grad_second_stepalign0.1_iread0.1_bs_64_lr_1e-04_b10.9_b20.98_fp32_init_plateau/run_2/checkpoint-166000,1,2,2.5,1.0,172.0016326904297,-166.94610595703125,5.234991476754658e-06,-5.964986121398397e-05,12
lipschitz-s144,/cephfs/home/mkairov/gradim/energy_shaping/runs/mix-N8-K2V2-V62_1M/energygradmem_llama_L4H4D256_mem8_K2_ilr0.4_energy_lip0.003_L5_grad_second_stepalign0.1_iread0.1_bs_64_lr_1e-04_b10.9_b20.98_fp32_init_plateau/run_2/checkpoint-166000,1,2,3.0,1.0,175.7176971435547,-163.2300567626953,7.0800392677483615e-06,-5.7804809330264106e-05,12
lipschitz-s144,/cephfs/home/mkairov/gradim/energy_shaping/runs/mix-N8-K2V2-V62_1M/energygradmem_llama_L4H4D256_mem8_K2_ilr0.4_energy_lip0.003_L5_grad_second_stepalign0.1_iread0.1_bs_64_lr_1e-04_b10.9_b20.98_fp32_init_plateau/run_2/checkpoint-166000,1,2,-3.0,1.5,1435.1326904296875,1096.18505859375,0.3394608497619629,0.3393959701061249,12
lipschitz-s144,/cephfs/home/mkairov/gradim/energy_shaping/runs/mix-N8-K2V2-V62_1M/energygradmem_llama_L4H4D256_mem8_K2_ilr0.4_energy_lip0.003_L5_grad_second_stepalign0.1_iread0.1_bs_64_lr_1e-04_b10.9_b20.98_fp32_init_plateau/run_2/checkpoint-166000,1,2,-2.5,1.5,1410.1123046875,1071.1644287109375,0.44558846950531006,0.4455236494541168,12
lipschitz-s144,/cephfs/home/mkairov/gradim/energy_shaping/runs/mix-N8-K2V2-V62_1M/energygradmem_llama_L4H4D256_mem8_K2_ilr0.4_energy_lip0.003_L5_grad_second_stepalign0.1_iread0.1_bs_64_lr_1e-04_b10.9_b20.98_fp32_init_plateau/run_2/checkpoint-166000,1,2,-2.0,1.5,1329.9613037109375,991.013427734375,0.25024324655532837,0.25017833709716797,12
lipschitz-s144,/cephfs/home/mkairov/gradim/energy_shaping/runs/mix-N8-K2V2-V62_1M/energygradmem_llama_L4H4D256_mem8_K2_ilr0.4_energy_lip0.003_L5_grad_second_stepalign0.1_iread0.1_bs_64_lr_1e-04_b10.9_b20.98_fp32_init_plateau/run_2/checkpoint-166000,1,2,-1.5,1.5,1162.25830078125,823.310546875,0.02180994488298893,0.02174505777657032,12
lipschitz-s144,/cephfs/home/mkairov/gradim/energy_shaping/runs/mix-N8-K2V2-V62_1M/energygradmem_llama_L4H4D256_mem8_K2_ilr0.4_energy_lip0.003_L5_grad_second_stepalign0.1_iread0.1_bs_64_lr_1e-04_b10.9_b20.98_fp32_init_plateau/run_2/checkpoint-166000,1,2,-1.0,1.5,925.53271484375,586.5850219726562,0.0022393332328647375,0.0021744484547525644,12
lipschitz-s144,/cephfs/home/mkairov/gradim/energy_shaping/runs/mix-N8-K2V2-V62_1M/energygradmem_llama_L4H4D256_mem8_K2_ilr0.4_energy_lip0.003_L5_grad_second_stepalign0.1_iread0.1_bs_64_lr_1e-04_b10.9_b20.98_fp32_init_plateau/run_2/checkpoint-166000,1,2,-0.5,1.5,640.966796875,302.0190124511719,0.00020236593263689429,0.0001374810963170603,12
lipschitz-s144,/cephfs/home/mkairov/gradim/energy_shaping/runs/mix-N8-K2V2-V62_1M/energygradmem_llama_L4H4D256_mem8_K2_ilr0.4_energy_lip0.003_L5_grad_second_stepalign0.1_iread0.1_bs_64_lr_1e-04_b10.9_b20.98_fp32_init_plateau/run_2/checkpoint-166000,1,2,0.0,1.5,347.501953125,8.554238319396973,9.163948561763391e-05,2.6754634745884687e-05,12
lipschitz-s144,/cephfs/home/mkairov/gradim/energy_shaping/runs/mix-N8-K2V2-V62_1M/energygradmem_llama_L4H4D256_mem8_K2_ilr0.4_energy_lip0.003_L5_grad_second_stepalign0.1_iread0.1_bs_64_lr_1e-04_b10.9_b20.98_fp32_init_plateau/run_2/checkpoint-166000,1,2,0.5,1.5,172.12501525878906,-166.8227081298828,3.7944231735309586e-05,-2.694061549846083e-05,12
lipschitz-s144,/cephfs/home/mkairov/gradim/energy_shaping/runs/mix-N8-K2V2-V62_1M/energygradmem_llama_L4H4D256_mem8_K2_ilr0.4_energy_lip0.003_L5_grad_second_stepalign0.1_iread0.1_bs_64_lr_1e-04_b10.9_b20.98_fp32_init_plateau/run_2/checkpoint-166000,1,2,1.0,1.5,164.16551208496094,-174.7822265625,1.5740713934064843e-05,-4.914413148071617e-05,12
lipschitz-s144,/cephfs/home/mkairov/gradim/energy_shaping/runs/mix-N8-K2V2-V62_1M/energygradmem_llama_L4H4D256_mem8_K2_ilr0.4_energy_lip0.003_L5_grad_second_stepalign0.1_iread0.1_bs_64_lr_1e-04_b10.9_b20.98_fp32_init_plateau/run_2/checkpoint-166000,1,2,1.5,1.5,166.0902557373047,-172.8574676513672,9.466247320233379e-06,-5.541860809898935e-05,12
lipschitz-s144,/cephfs/home/mkairov/gradim/energy_shaping/runs/mix-N8-K2V2-V62_1M/energygradmem_llama_L4H4D256_mem8_K2_ilr0.4_energy_lip0.003_L5_grad_second_stepalign0.1_iread0.1_bs_64_lr_1e-04_b10.9_b20.98_fp32_init_plateau/run_2/checkpoint-166000,1,2,2.0,1.5,168.96751403808594,-169.98023986816406,6.799403763579903e-06,-5.808544301544316e-05,12
lipschitz-s144,/cephfs/home/mkairov/gradim/energy_shaping/runs/mix-N8-K2V2-V62_1M/energygradmem_llama_L4H4D256_mem8_K2_ilr0.4_energy_lip0.003_L5_grad_second_stepalign0.1_iread0.1_bs_64_lr_1e-04_b10.9_b20.98_fp32_init_plateau/run_2/checkpoint-166000,1,2,2.5,1.5,172.24560546875,-166.70213317871094,6.546197255374864e-06,-5.8338657254353166e-05,12
lipschitz-s144,/cephfs/home/mkairov/gradim/energy_shaping/runs/mix-N8-K2V2-V62_1M/energygradmem_llama_L4H4D256_mem8_K2_ilr0.4_energy_lip0.003_L5_grad_second_stepalign0.1_iread0.1_bs_64_lr_1e-04_b10.9_b20.98_fp32_init_plateau/run_2/checkpoint-166000,1,2,3.0,1.5,175.91429138183594,-163.033447265625,1.3229750948084984e-05,-5.165509719518013e-05,12
lipschitz-s144,/cephfs/home/mkairov/gradim/energy_shaping/runs/mix-N8-K2V2-V62_1M/energygradmem_llama_L4H4D256_mem8_K2_ilr0.4_energy_lip0.003_L5_grad_second_stepalign0.1_iread0.1_bs_64_lr_1e-04_b10.9_b20.98_fp32_init_plateau/run_2/checkpoint-166000,1,2,-3.0,2.0,1439.3304443359375,1100.382568359375,0.353422611951828,0.3533577024936676,12
lipschitz-s144,/cephfs/home/mkairov/gradim/energy_shaping/runs/mix-N8-K2V2-V62_1M/energygradmem_llama_L4H4D256_mem8_K2_ilr0.4_energy_lip0.003_L5_grad_second_stepalign0.1_iread0.1_bs_64_lr_1e-04_b10.9_b20.98_fp32_init_plateau/run_2/checkpoint-166000,1,2,-2.5,2.0,1413.2620849609375,1074.3140869140625,0.4588043689727783,0.4587394893169403,12
lipschitz-s144,/cephfs/home/mkairov/gradim/energy_shaping/runs/mix-N8-K2V2-V62_1M/energygradmem_llama_L4H4D256_mem8_K2_ilr0.4_energy_lip0.003_L5_grad_second_stepalign0.1_iread0.1_bs_64_lr_1e-04_b10.9_b20.98_fp32_init_plateau/run_2/checkpoint-166000,1,2,-2.0,2.0,1329.5975341796875,990.6498413085938,0.2565561532974243,0.2564912736415863,12
lipschitz-s144,/cephfs/home/mkairov/gradim/energy_shaping/runs/mix-N8-K2V2-V62_1M/energygradmem_llama_L4H4D256_mem8_K2_ilr0.4_energy_lip0.003_L5_grad_second_stepalign0.1_iread0.1_bs_64_lr_1e-04_b10.9_b20.98_fp32_init_plateau/run_2/checkpoint-166000,1,2,-1.5,2.0,1165.9146728515625,826.967041015625,0.02545291930437088,0.02538803406059742,12
lipschitz-s144,/cephfs/home/mkairov/gradim/energy_shaping/runs/mix-N8-K2V2-V62_1M/energygradmem_llama_L4H4D256_mem8_K2_ilr0.4_energy_lip0.003_L5_grad_second_stepalign0.1_iread0.1_bs_64_lr_1e-04_b10.9_b20.98_fp32_init_plateau/run_2/checkpoint-166000,1,2,-1.0,2.0,930.3059692382812,591.3582153320312,0.003612965578213334,0.003548080800101161,12
lipschitz-s144,/cephfs/home/mkairov/gradim/energy_shaping/runs/mix-N8-K2V2-V62_1M/energygradmem_llama_L4H4D256_mem8_K2_ilr0.4_energy_lip0.003_L5_grad_second_stepalign0.1_iread0.1_bs_64_lr_1e-04_b10.9_b20.98_fp32_init_plateau/run_2/checkpoint-166000,1,2,-0.5,2.0,647.0581665039062,308.1104736328125,0.00024393167404923588,0.00017904682317748666,12
lipschitz-s144,/cephfs/home/mkairov/gradim/energy_shaping/runs/mix-N8-K2V2-V62_1M/energygradmem_llama_L4H4D256_mem8_K2_ilr0.4_energy_lip0.003_L5_grad_second_stepalign0.1_iread0.1_bs_64_lr_1e-04_b10.9_b20.98_fp32_init_plateau/run_2/checkpoint-166000,1,2,0.0,2.0,354.4630432128906,15.51531982421875,0.00012509878433775157,6.0213933466002345e-05,12
lipschitz-s144,/cephfs/home/mkairov/gradim/energy_shaping/runs/mix-N8-K2V2-V62_1M/energygradmem_llama_L4H4D256_mem8_K2_ilr0.4_energy_lip0.003_L5_grad_second_stepalign0.1_iread0.1_bs_64_lr_1e-04_b10.9_b20.98_fp32_init_plateau/run_2/checkpoint-166000,1,2,0.5,2.0,175.12890625,-163.81883239746094,5.322078868630342e-05,-1.1664061275951099e-05,12
lipschitz-s144,/cephfs/home/mkairov/gradim/energy_shaping/runs/mix-N8-K2V2-V62_1M/energygradmem_llama_L4H4D256_mem8_K2_ilr0.4_energy_lip0.003_L5_grad_second_stepalign0.1_iread0.1_bs_64_lr_1e-04_b10.9_b20.98_fp32_init_plateau/run_2/checkpoint-166000,1,2,1.0,2.0,165.06407165527344,-173.88368225097656,1.7248101357836276e-05,-4.763674587593414e-05,12
lipschitz-s144,/cephfs/home/mkairov/gradim/energy_shaping/runs/mix-N8-K2V2-V62_1M/energygradmem_llama_L4H4D256_mem8_K2_ilr0.4_energy_lip0.003_L5_grad_second_stepalign0.1_iread0.1_bs_64_lr_1e-04_b10.9_b20.98_fp32_init_plateau/run_2/checkpoint-166000,1,2,1.5,2.0,166.63316345214844,-172.31459045410156,9.928148756443989e-06,-5.495670484378934e-05,12
lipschitz-s144,/cephfs/home/mkairov/gradim/energy_shaping/runs/mix-N8-K2V2-V62_1M/energygradmem_llama_L4H4D256_mem8_K2_ilr0.4_energy_lip0.003_L5_grad_second_stepalign0.1_iread0.1_bs_64_lr_1e-04_b10.9_b20.98_fp32_init_plateau/run_2/checkpoint-166000,1,2,2.0,2.0,169.4396209716797,-169.50811767578125,7.710798854532186e-06,-5.717405292671174e-05,12
lipschitz-s144,/cephfs/home/mkairov/gradim/energy_shaping/runs/mix-N8-K2V2-V62_1M/energygradmem_llama_L4H4D256_mem8_K2_ilr0.4_energy_lip0.003_L5_grad_second_stepalign0.1_iread0.1_bs_64_lr_1e-04_b10.9_b20.98_fp32_init_plateau/run_2/checkpoint-166000,1,2,2.5,2.0,172.6605987548828,-166.28712463378906,9.863609193416778e-06,-5.502124622580595e-05,12
lipschitz-s144,/cephfs/home/mkairov/gradim/energy_shaping/runs/mix-N8-K2V2-V62_1M/energygradmem_llama_L4H4D256_mem8_K2_ilr0.4_energy_lip0.003_L5_grad_second_stepalign0.1_iread0.1_bs_64_lr_1e-04_b10.9_b20.98_fp32_init_plateau/run_2/checkpoint-166000,1,2,3.0,2.0,176.27491760253906,-162.67283630371094,2.900668368965853e-05,-3.5878169001080096e-05,12
lipschitz-s144,/cephfs/home/mkairov/gradim/energy_shaping/runs/mix-N8-K2V2-V62_1M/energygradmem_llama_L4H4D256_mem8_K2_ilr0.4_energy_lip0.003_L5_grad_second_stepalign0.1_iread0.1_bs_64_lr_1e-04_b10.9_b20.98_fp32_init_plateau/run_2/checkpoint-166000,1,2,-3.0,2.5,1442.82568359375,1103.8779296875,0.3685789406299591,0.3685140907764435,12
lipschitz-s144,/cephfs/home/mkairov/gradim/energy_shaping/runs/mix-N8-K2V2-V62_1M/energygradmem_llama_L4H4D256_mem8_K2_ilr0.4_energy_lip0.003_L5_grad_second_stepalign0.1_iread0.1_bs_64_lr_1e-04_b10.9_b20.98_fp32_init_plateau/run_2/checkpoint-166000,1,2,-2.5,2.5,1416.1636962890625,1077.2161865234375,0.4833046495914459,0.4832398593425751,12
lipschitz-s144,/cephfs/home/mkairov/gradim/energy_shaping/runs/mix-N8-K2V2-V62_1M/energygradmem_llama_L4H4D256_mem8_K2_ilr0.4_energy_lip0.003_L5_grad_second_stepalign0.1_iread0.1_bs_64_lr_1e-04_b10.9_b20.98_fp32_init_plateau/run_2/checkpoint-166000,1,2,-2.0,2.5,1329.4718017578125,990.52392578125,0.26002243161201477,0.25995761156082153,12
lipschitz-s144,/cephfs/home/mkairov/gradim/energy_shaping/runs/mix-N8-K2V2-V62_1M/energygradmem_llama_L4H4D256_mem8_K2_ilr0.4_energy_lip0.003_L5_grad_second_stepalign0.1_iread0.1_bs_64_lr_1e-04_b10.9_b20.98_fp32_init_plateau/run_2/checkpoint-166000,1,2,-1.5,2.5,1170.1905517578125,831.2427368164062,0.030045485123991966,0.029980599880218506,12
lipschitz-s144,/cephfs/home/mkairov/gradim/energy_shaping/runs/mix-N8-K2V2-V62_1M/energygradmem_llama_L4H4D256_mem8_K2_ilr0.4_energy_lip0.003_L5_grad_second_stepalign0.1_iread0.1_bs_64_lr_1e-04_b10.9_b20.98_fp32_init_plateau/run_2/checkpoint-166000,1,2,-1.0,2.5,936.600830078125,597.6531372070312,0.005850041750818491,0.005785156507045031,12
lipschitz-s144,/cephfs/home/mkairov/gradim/energy_shaping/runs/mix-N8-K2V2-V62_1M/energygradmem_llama_L4H4D256_mem8_K2_ilr0.4_energy_lip0.003_L5_grad_second_stepalign0.1_iread0.1_bs_64_lr_1e-04_b10.9_b20.98_fp32_init_plateau/run_2/checkpoint-166000,1,2,-0.5,2.5,655.4058837890625,316.4580993652344,0.00033930971403606236,0.00027442487771622837,12
lipschitz-s144,/cephfs/home/mkairov/gradim/energy_shaping/runs/mix-N8-K2V2-V62_1M/energygradmem_llama_L4H4D256_mem8_K2_ilr0.4_energy_lip0.003_L5_grad_second_stepalign0.1_iread0.1_bs_64_lr_1e-04_b10.9_b20.98_fp32_init_plateau/run_2/checkpoint-166000,1,2,0.0,2.5,363.8868103027344,24.939069747924805,0.00019659097597468644,0.00013170613965485245,12
lipschitz-s144,/cephfs/home/mkairov/gradim/energy_shaping/runs/mix-N8-K2V2-V62_1M/energygradmem_llama_L4H4D256_mem8_K2_ilr0.4_energy_lip0.003_L5_grad_second_stepalign0.1_iread0.1_bs_64_lr_1e-04_b10.9_b20.98_fp32_init_plateau/run_2/checkpoint-166000,1,2,0.5,2.5,179.3819580078125,-159.56576538085938,9.63806887739338e-05,3.1495837902184576e-05,12
lipschitz-s144,/cephfs/home/mkairov/gradim/energy_shaping/runs/mix-N8-K2V2-V62_1M/energygradmem_llama_L4H4D256_mem8_K2_ilr0.4_energy_lip0.003_L5_grad_second_stepalign0.1_iread0.1_bs_64_lr_1e-04_b10.9_b20.98_fp32_init_plateau/run_2/checkpoint-166000,1,2,1.0,2.5,166.45050048828125,-172.4972381591797,2.1625819499604404e-05,-4.325902773416601e-05,12
lipschitz-s144,/cephfs/home/mkairov/gradim/energy_shaping/runs/mix-N8-K2V2-V62_1M/energygradmem_llama_L4H4D256_mem8_K2_ilr0.4_energy_lip0.003_L5_grad_second_stepalign0.1_iread0.1_bs_64_lr_1e-04_b10.9_b20.98_fp32_init_plateau/run_2/checkpoint-166000,1,2,1.5,2.5,167.50389099121094,-171.44384765625,1.1008406545442995e-05,-5.3876443416811526e-05,12
lipschitz-s144,/cephfs/home/mkairov/gradim/energy_shaping/runs/mix-N8-K2V2-V62_1M/energygradmem_llama_L4H4D256_mem8_K2_ilr0.4_energy_lip0.003_L5_grad_second_stepalign0.1_iread0.1_bs_64_lr_1e-04_b10.9_b20.98_fp32_init_plateau/run_2/checkpoint-166000,1,2,2.0,2.5,170.15322875976562,-168.79452514648438,9.945702913682908e-06,-5.493915159604512e-05,12
lipschitz-s144,/cephfs/home/mkairov/gradim/energy_shaping/runs/mix-N8-K2V2-V62_1M/energygradmem_llama_L4H4D256_mem8_K2_ilr0.4_energy_lip0.003_L5_grad_second_stepalign0.1_iread0.1_bs_64_lr_1e-04_b10.9_b20.98_fp32_init_plateau/run_2/checkpoint-166000,1,2,2.5,2.5,173.2938690185547,-165.6538848876953,1.8316208297619596e-05,-4.6568642574129626e-05,12
lipschitz-s144,/cephfs/home/mkairov/gradim/energy_shaping/runs/mix-N8-K2V2-V62_1M/energygradmem_llama_L4H4D256_mem8_K2_ilr0.4_energy_lip0.003_L5_grad_second_stepalign0.1_iread0.1_bs_64_lr_1e-04_b10.9_b20.98_fp32_init_plateau/run_2/checkpoint-166000,1,2,3.0,2.5,176.8164825439453,-162.13125610351562,6.809988553868607e-05,3.2150321658264147e-06,12
lipschitz-s144,/cephfs/home/mkairov/gradim/energy_shaping/runs/mix-N8-K2V2-V62_1M/energygradmem_llama_L4H4D256_mem8_K2_ilr0.4_energy_lip0.003_L5_grad_second_stepalign0.1_iread0.1_bs_64_lr_1e-04_b10.9_b20.98_fp32_init_plateau/run_2/checkpoint-166000,1,2,-3.0,3.0,1443.75927734375,1104.8114013671875,0.39085662364959717,0.39079177379608154,12
lipschitz-s144,/cephfs/home/mkairov/gradim/energy_shaping/runs/mix-N8-K2V2-V62_1M/energygradmem_llama_L4H4D256_mem8_K2_ilr0.4_energy_lip0.003_L5_grad_second_stepalign0.1_iread0.1_bs_64_lr_1e-04_b10.9_b20.98_fp32_init_plateau/run_2/checkpoint-166000,1,2,-2.5,3.0,1418.6314697265625,1079.68359375,0.5085350871086121,0.5084702372550964,12
lipschitz-s144,/cephfs/home/mkairov/gradim/energy_shaping/runs/mix-N8-K2V2-V62_1M/energygradmem_llama_L4H4D256_mem8_K2_ilr0.4_energy_lip0.003_L5_grad_second_stepalign0.1_iread0.1_bs_64_lr_1e-04_b10.9_b20.98_fp32_init_plateau/run_2/checkpoint-166000,1,2,-2.0,3.0,1330.2314453125,991.2838745117188,0.26389217376708984,0.26382726430892944,12
lipschitz-s144,/cephfs/home/mkairov/gradim/energy_shaping/runs/mix-N8-K2V2-V62_1M/energygradmem_llama_L4H4D256_mem8_K2_ilr0.4_energy_lip0.003_L5_grad_second_stepalign0.1_iread0.1_bs_64_lr_1e-04_b10.9_b20.98_fp32_init_plateau/run_2/checkpoint-166000,1,2,-1.5,3.0,1174.7467041015625,835.7990112304688,0.03760214149951935,0.03753725811839104,12
lipschitz-s144,/cephfs/home/mkairov/gradim/energy_shaping/runs/mix-N8-K2V2-V62_1M/energygradmem_llama_L4H4D256_mem8_K2_ilr0.4_energy_lip0.003_L5_grad_second_stepalign0.1_iread0.1_bs_64_lr_1e-04_b10.9_b20.98_fp32_init_plateau/run_2/checkpoint-166000,1,2,-1.0,3.0,944.5618286132812,605.6139526367188,0.00923290103673935,0.009168016724288464,12
lipschitz-s144,/cephfs/home/mkairov/gradim/energy_shaping/runs/mix-N8-K2V2-V62_1M/energygradmem_llama_L4H4D256_mem8_K2_ilr0.4_energy_lip0.003_L5_grad_second_stepalign0.1_iread0.1_bs_64_lr_1e-04_b10.9_b20.98_fp32_init_plateau/run_2/checkpoint-166000,1,2,-0.5,3.0,666.2626953125,327.31494140625,0.0005711066187359393,0.0005062218406237662,12
lipschitz-s144,/cephfs/home/mkairov/gradim/energy_shaping/runs/mix-N8-K2V2-V62_1M/energygradmem_llama_L4H4D256_mem8_K2_ilr0.4_energy_lip0.003_L5_grad_second_stepalign0.1_iread0.1_bs_64_lr_1e-04_b10.9_b20.98_fp32_init_plateau/run_2/checkpoint-166000,1,2,0.0,3.0,376.13623046875,37.18851852416992,0.00035348033998161554,0.0002885954745579511,12
lipschitz-s144,/cephfs/home/mkairov/gradim/energy_shaping/runs/mix-N8-K2V2-V62_1M/energygradmem_llama_L4H4D256_mem8_K2_ilr0.4_energy_lip0.003_L5_grad_second_stepalign0.1_iread0.1_bs_64_lr_1e-04_b10.9_b20.98_fp32_init_plateau/run_2/checkpoint-166000,1,2,0.5,3.0,185.19554138183594,-153.752197265625,0.0002291835698997602,0.0001642986899241805,12
lipschitz-s144,/cephfs/home/mkairov/gradim/energy_shaping/runs/mix-N8-K2V2-V62_1M/energygradmem_llama_L4H4D256_mem8_K2_ilr0.4_energy_lip0.003_L5_grad_second_stepalign0.1_iread0.1_bs_64_lr_1e-04_b10.9_b20.98_fp32_init_plateau/run_2/checkpoint-166000,1,2,1.0,3.0,168.4069366455078,-170.5408172607422,3.623385782702826e-05,-2.8650989406742156e-05,12
lipschitz-s144,/cephfs/home/mkairov/gradim/energy_shaping/runs/mix-N8-K2V2-V62_1M/energygradmem_llama_L4H4D256_mem8_K2_ilr0.4_energy_lip0.003_L5_grad_second_stepalign0.1_iread0.1_bs_64_lr_1e-04_b10.9_b20.98_fp32_init_plateau/run_2/checkpoint-166000,1,2,1.5,3.0,168.75209045410156,-170.19564819335938,1.3730009413848165e-05,-5.115483872941695e-05,12
lipschitz-s144,/cephfs/home/mkairov/gradim/energy_shaping/runs/mix-N8-K2V2-V62_1M/energygradmem_llama_L4H4D256_mem8_K2_ilr0.4_energy_lip0.003_L5_grad_second_stepalign0.1_iread0.1_bs_64_lr_1e-04_b10.9_b20.98_fp32_init_plateau/run_2/checkpoint-166000,1,2,2.0,3.0,171.13377380371094,-167.81396484375,1.5631279893568717e-05,-4.925357279716991e-05,12
lipschitz-s144,/cephfs/home/mkairov/gradim/energy_shaping/runs/mix-N8-K2V2-V62_1M/energygradmem_llama_L4H4D256_mem8_K2_ilr0.4_energy_lip0.003_L5_grad_second_stepalign0.1_iread0.1_bs_64_lr_1e-04_b10.9_b20.98_fp32_init_plateau/run_2/checkpoint-166000,1,2,2.5,3.0,174.17884826660156,-164.7689208984375,3.947375444113277e-05,-2.5411092792637646e-05,12
lipschitz-s144,/cephfs/home/mkairov/gradim/energy_shaping/runs/mix-N8-K2V2-V62_1M/energygradmem_llama_L4H4D256_mem8_K2_ilr0.4_energy_lip0.003_L5_grad_second_stepalign0.1_iread0.1_bs_64_lr_1e-04_b10.9_b20.98_fp32_init_plateau/run_2/checkpoint-166000,1,2,3.0,3.0,177.54405212402344,-161.40367126464844,0.00015983877528924495,9.495393169345334e-05,12
lipschitz-s144,/cephfs/home/mkairov/gradim/energy_shaping/runs/mix-N8-K2V2-V62_1M/energygradmem_llama_L4H4D256_mem8_K2_ilr0.4_energy_lip0.003_L5_grad_second_stepalign0.1_iread0.1_bs_64_lr_1e-04_b10.9_b20.98_fp32_init_plateau/run_2/checkpoint-166000,2,4,-3.0,-3.0,200.7583770751953,36.924468994140625,0.006336731370538473,0.006321938708424568,12
lipschitz-s144,/cephfs/home/mkairov/gradim/energy_shaping/runs/mix-N8-K2V2-V62_1M/energygradmem_llama_L4H4D256_mem8_K2_ilr0.4_energy_lip0.003_L5_grad_second_stepalign0.1_iread0.1_bs_64_lr_1e-04_b10.9_b20.98_fp32_init_plateau/run_2/checkpoint-166000,2,4,-2.5,-3.0,193.88555908203125,30.051652908325195,0.0023131929337978363,0.0022984007373452187,12
lipschitz-s144,/cephfs/home/mkairov/gradim/energy_shaping/runs/mix-N8-K2V2-V62_1M/energygradmem_llama_L4H4D256_mem8_K2_ilr0.4_energy_lip0.003_L5_grad_second_stepalign0.1_iread0.1_bs_64_lr_1e-04_b10.9_b20.98_fp32_init_plateau/run_2/checkpoint-166000,2,4,-2.0,-3.0,187.3150634765625,23.481142044067383,0.0007717147818766534,0.0007569228182546794,12
lipschitz-s144,/cephfs/home/mkairov/gradim/energy_shaping/runs/mix-N8-K2V2-V62_1M/energygradmem_llama_L4H4D256_mem8_K2_ilr0.4_energy_lip0.003_L5_grad_second_stepalign0.1_iread0.1_bs_64_lr_1e-04_b10.9_b20.98_fp32_init_plateau/run_2/checkpoint-166000,2,4,-1.5,-3.0,181.044677734375,17.21078109741211,0.00024910250795073807,0.0002343104570172727,12
lipschitz-s144,/cephfs/home/mkairov/gradim/energy_shaping/runs/mix-N8-K2V2-V62_1M/energygradmem_llama_L4H4D256_mem8_K2_ilr0.4_energy_lip0.003_L5_grad_second_stepalign0.1_iread0.1_bs_64_lr_1e-04_b10.9_b20.98_fp32_init_plateau/run_2/checkpoint-166000,2,4,-1.0,-3.0,175.0673828125,11.233482360839844,8.186713239410892e-05,6.707509601255879e-05,12
lipschitz-s144,/cephfs/home/mkairov/gradim/energy_shaping/runs/mix-N8-K2V2-V62_1M/energygradmem_llama_L4H4D256_mem8_K2_ilr0.4_energy_lip0.003_L5_grad_second_stepalign0.1_iread0.1_bs_64_lr_1e-04_b10.9_b20.98_fp32_init_plateau/run_2/checkpoint-166000,2,4,-0.5,-3.0,169.3802032470703,5.546309947967529,2.9063536203466356e-05,1.4271497093432117e-05,12
lipschitz-s144,/cephfs/home/mkairov/gradim/energy_shaping/runs/mix-N8-K2V2-V62_1M/energygradmem_llama_L4H4D256_mem8_K2_ilr0.4_energy_lip0.003_L5_grad_second_stepalign0.1_iread0.1_bs_64_lr_1e-04_b10.9_b20.98_fp32_init_plateau/run_2/checkpoint-166000,2,4,0.0,-3.0,163.98399353027344,0.15007846057415009,1.186480494652642e-05,-2.927234163507819e-06,12
lipschitz-s144,/cephfs/home/mkairov/gradim/energy_shaping/runs/mix-N8-K2V2-V62_1M/energygradmem_llama_L4H4D256_mem8_K2_ilr0.4_energy_lip0.003_L5_grad_second_stepalign0.1_iread0.1_bs_64_lr_1e-04_b10.9_b20.98_fp32_init_plateau/run_2/checkpoint-166000,2,4,0.5,-3.0,158.88108825683594,-4.952825546264648,5.766389222117141e-06,-9.025649887917098e-06,12
lipschitz-s144,/cephfs/home/mkairov/gradim/energy_shaping/runs/mix-N8-K2V2-V62_1M/energygradmem_llama_L4H4D256_mem8_K2_ilr0.4_energy_lip0.003_L5_grad_second_stepalign0.1_iread0.1_bs_64_lr_1e-04_b10.9_b20.98_fp32_init_plateau/run_2/checkpoint-166000,2,4,1.0,-3.0,154.0706024169922,-9.763300895690918,3.273155698479968e-06,-1.1518884093675297e-05,12
lipschitz-s144,/cephfs/home/mkairov/gradim/energy_shaping/runs/mix-N8-K2V2-V62_1M/energygradmem_llama_L4H4D256_mem8_K2_ilr0.4_energy_lip0.003_L5_grad_second_stepalign0.1_iread0.1_bs_64_lr_1e-04_b10.9_b20.98_fp32_init_plateau/run_2/checkpoint-166000,2,4,1.5,-3.0,149.54837036132812,-14.285536766052246,2.078655597870238e-06,-1.2713383512164e-05,12
lipschitz-s144,/cephfs/home/mkairov/gradim/energy_shaping/runs/mix-N8-K2V2-V62_1M/energygradmem_llama_L4H4D256_mem8_K2_ilr0.4_energy_lip0.003_L5_grad_second_stepalign0.1_iread0.1_bs_64_lr_1e-04_b10.9_b20.98_fp32_init_plateau/run_2/checkpoint-166000,2,4,2.0,-3.0,145.30657958984375,-18.52733039855957,1.4180687912812573e-06,-1.3373969522945117e-05,12
lipschitz-s144,/cephfs/home/mkairov/gradim/energy_shaping/runs/mix-N8-K2V2-V62_1M/energygradmem_llama_L4H4D256_mem8_K2_ilr0.4_energy_lip0.003_L5_grad_second_stepalign0.1_iread0.1_bs_64_lr_1e-04_b10.9_b20.98_fp32_init_plateau/run_2/checkpoint-166000,2,4,2.5,-3.0,141.3313751220703,-22.502538681030273,1.0306522426617448e-06,-1.376138607156463e-05,12
lipschitz-s144,/cephfs/home/mkairov/gradim/energy_shaping/runs/mix-N8-K2V2-V62_1M/energygradmem_llama_L4H4D256_mem8_K2_ilr0.4_energy_lip0.003_L5_grad_second_stepalign0.1_iread0.1_bs_64_lr_1e-04_b10.9_b20.98_fp32_init_plateau/run_2/checkpoint-166000,2,4,3.0,-3.0,137.60556030273438,-26.228347778320312,7.748551524855429e-07,-1.401718327542767e-05,12
lipschitz-s144,/cephfs/home/mkairov/gradim/energy_shaping/runs/mix-N8-K2V2-V62_1M/energygradmem_llama_L4H4D256_mem8_K2_ilr0.4_energy_lip0.003_L5_grad_second_stepalign0.1_iread0.1_bs_64_lr_1e-04_b10.9_b20.98_fp32_init_plateau/run_2/checkpoint-166000,2,4,-3.0,-2.5,200.70068359375,36.866764068603516,0.006525391712784767,0.006510599050670862,12
lipschitz-s144,/cephfs/home/mkairov/gradim/energy_shaping/runs/mix-N8-K2V2-V62_1M/energygradmem_llama_L4H4D256_mem8_K2_ilr0.4_energy_lip0.003_L5_grad_second_stepalign0.1_iread0.1_bs_64_lr_1e-04_b10.9_b20.98_fp32_init_plateau/run_2/checkpoint-166000,2,4,-2.5,-2.5,193.8297119140625,29.995805740356445,0.002394764218479395,0.002379972254857421,12
lipschitz-s144,/cephfs/home/mkairov/gradim/energy_shaping/runs/mix-N8-K2V2-V62_1M/energygradmem_llama_L4H4D256_mem8_K2_ilr0.4_energy_lip0.003_L5_grad_second_stepalign0.1_iread0.1_bs_64_lr_1e-04_b10.9_b20.98_fp32_init_plateau/run_2/checkpoint-166000,2,4,-2.0,-2.5,187.26177978515625,23.427858352661133,0.000801863381639123,0.000787071418017149,12
lipschitz-s144,/cephfs/home/mkairov/gradim/energy_shaping/runs/mix-N8-K2V2-V62_1M/energygradmem_llama_L4H4D256_mem8_K2_ilr0.4_energy_lip0.003_L5_grad_second_stepalign0.1_iread0.1_bs_64_lr_1e-04_b10.9_b20.98_fp32_init_plateau/run_2/checkpoint-166000,2,4,-1.5,-2.5,180.99395751953125,17.160058975219727,0.00025942979846149683,0.00024463774752803147,12
lipschitz-s144,/cephfs/home/mkairov/gradim/energy_shaping/runs/mix-N8-K2V2-V62_1M/energygradmem_llama_L4H4D256_mem8_K2_ilr0.4_energy_lip0.003_L5_grad_second_stepalign0.1_iread0.1_bs_64_lr_1e-04_b10.9_b20.98_fp32_init_plateau/run_2/checkpoint-166000,2,4,-1.0,-2.5,175.01902770996094,11.185124397277832,8.532379433745518e-05,7.053175795590505e-05,12
lipschitz-s144,/cephfs/home/mkairov/gradim/energy_shaping/runs/mix-N8-K2V2-V62_1M/energygradmem_llama_L4H4D256_mem8_K2_ilr0.4_energy_lip0.003_L5_grad_second_stepalign0.1_iread0.1_bs_64_lr_1e-04_b10.9_b20.98_fp32_init_plateau/run_2/checkpoint-166000,2,4,-0.5,-2.5,169.33380126953125,5.499887466430664,3.0244706067605875e-05,1.5452666048076935e-05,12
lipschitz-s144,/cephfs/home/mkairov/gradim/energy_shaping/runs/mix-N8-K2V2-V62_1M/energygradmem_llama_L4H4D256_mem8_K2_ilr0.4_energy_lip0.003_L5_grad_second_stepalign0.1_iread0.1_bs_64_lr_1e-04_b10.9_b20.98_fp32_init_plateau/run_2/checkpoint-166000,2,4,0.0,-2.5,163.93914794921875,0.10523287206888199,1.2296823115320876e-05,-2.495215312592336e-06,12
lipschitz-s144,/cephfs/home/mkairov/gradim/energy_shaping/runs/mix-N8-K2V2-V62_1M/energygradmem_llama_L4H4D256_mem8_K2_ilr0.4_energy_lip0.003_L5_grad_second_stepalign0.1_iread0.1_bs_64_lr_1e-04_b10.9_b20.98_fp32_init_plateau/run_2/checkpoint-166000,2,4,0.5,-2.5,158.83741760253906,-4.996500492095947,5.937731202720897e-06,-8.85430745256599e-06,12
lipschitz-s144,/cephfs/home/mkairov/gradim/energy_shaping/runs/mix-N8-K2V2-V62_1M/energygradmem_llama_L4H4D256_mem8_K2_ilr0.4_energy_lip0.003_L5_grad_second_stepalign0.1_iread0.1_bs_64_lr_1e-04_b10.9_b20.98_fp32_init_plateau/run_2/checkpoint-166000,2,4,1.0,-2.5,154.0277557373047,-9.806150436401367,3.3501382858958095e-06,-1.144190173363313e-05,12
lipschitz-s144,/cephfs/home/mkairov/gradim/energy_shaping/runs/mix-N8-K2V2-V62_1M/energygradmem_llama_L4H4D256_mem8_K2_ilr0.4_energy_lip0.003_L5_grad_second_stepalign0.1_iread0.1_bs_64_lr_1e-04_b10.9_b20.98_fp32_init_plateau/run_2/checkpoint-166000,2,4,1.5,-2.5,149.5059814453125,-14.327938079833984,2.1183893750276184e-06,-1.2673649507632945e-05,12
lipschitz-s144,/cephfs/home/mkairov/gradim/energy_shaping/runs/mix-N8-K2V2-V62_1M/energygradmem_llama_L4H4D256_mem8_K2_ilr0.4_energy_lip0.003_L5_grad_second_stepalign0.1_iread0.1_bs_64_lr_1e-04_b10.9_b20.98_fp32_init_plateau/run_2/checkpoint-166000,2,4,2.0,-2.5,145.26429748535156,-18.56960105895996,1.4404195098904893e-06,-1.3351618690649047e-05,12
lipschitz-s144,/cephfs/home/mkairov/gradim/energy_shaping/runs/mix-N8-K2V2-V62_1M/energygradmem_llama_L4H4D256_mem8_K2_ilr0.4_energy_lip0.003_L5_grad_second_stepalign0.1_iread0.1_bs_64_lr_1e-04_b10.9_b20.98_fp32_init_plateau/run_2/checkpoint-166000,2,4,2.5,-2.5,141.28921508789062,-22.54468536376953,1.0381024821981555e-06,-1.3753936400462408e-05,12
lipschitz-s144,/cephfs/home/mkairov/gradim/energy_shaping/runs/mix-N8-K2V2-V62_1M/energygradmem_llama_L4H4D256_mem8_K2_ilr0.4_energy_lip0.003_L5_grad_second_stepalign0.1_iread0.1_bs_64_lr_1e-04_b10.9_b20.98_fp32_init_plateau/run_2/checkpoint-166000,2,4,3.0,-2.5,137.56402587890625,-26.269880294799805,7.847890515222389e-07,-1.4007248864800204e-05,12
lipschitz-s144,/cephfs/home/mkairov/gradim/energy_shaping/runs/mix-N8-K2V2-V62_1M/energygradmem_llama_L4H4D256_mem8_K2_ilr0.4_energy_lip0.003_L5_grad_second_stepalign0.1_iread0.1_bs_64_lr_1e-04_b10.9_b20.98_fp32_init_plateau/run_2/checkpoint-166000,2,4,-3.0,-2.0,200.6507568359375,36.81685256958008,0.006718134041875601,0.006703341845422983,12
lipschitz-s144,/cephfs/home/mkairov/gradim/energy_shaping/runs/mix-N8-K2V2-V62_1M/energygradmem_llama_L4H4D256_mem8_K2_ilr0.4_energy_lip0.003_L5_grad_second_stepalign0.1_iread0.1_bs_64_lr_1e-04_b10.9_b20.98_fp32_init_plateau/run_2/checkpoint-166000,2,4,-2.5,-2.0,193.7816162109375,29.94769287109375,0.0024784898851066828,0.002463697688654065,12
lipschitz-s144,/cephfs/home/mkairov/gradim/energy_shaping/runs/mix-N8-K2V2-V62_1M/energygradmem_llama_L4H4D256_mem8_K2_ilr0.4_energy_lip0.003_L5_grad_second_stepalign0.1_iread0.1_bs_64_lr_1e-04_b10.9_b20.98_fp32_init_plateau/run_2/checkpoint-166000,2,4,-2.0,-2.0,187.21624755859375,23.382339477539062,0.0008329397533088923,0.0008181477314792573,12
lipschitz-s144,/cephfs/home/mkairov/gradim/energy_shaping/runs/mix-N8-K2V2-V62_1M/energygradmem_llama_L4H4D256_mem8_K2_ilr0.4_energy_lip0.003_L5_grad_second_stepalign0.1_iread0.1_bs_64_lr_1e-04_b10.9_b20.98_fp32_init_plateau/run_2/checkpoint-166000,2,4,-1.5,-2.0,180.95103454589844,17.11712074279785,0.0002701187040656805,0.00025532665313221514,12
lipschitz-s144,/cephfs/home/mkairov/gradim/energy_shaping/runs/mix-N8-K2V2-V62_1M/energygradmem_llama_L4H4D256_mem8_K2_ilr0.4_energy_lip0.003_L5_grad_second_stepalign0.1_iread0.1_bs_64_lr_1e-04_b10.9_b20.98_fp32_init_plateau/run_2/checkpoint-166000,2,4,-1.0,-2.0,174.97837829589844,11.144469261169434,8.891371544450521e-05,7.412167906295508e-05,12
lipschitz-s144,/cephfs/home/mkairov/gradim/energy_shaping/runs/mix-N8-K2V2-V62_1M/energygradmem_llama_L4H4D256_mem8_K2_ilr0.4_energy_lip0.003_L5_grad_second_stepalign0.1_iread0.1_bs_64_lr_1e-04_b10.9_b20.98_fp32_init_plateau/run_2/checkpoint-166000,2,4,-0.5,-2.0,169.2952117919922,5.461309432983398,3.147794268443249e-05,1.668590266490355e-05,12
lipschitz-s144,/cephfs/home/mkairov/gradim/energy_shaping/runs/mix-N8-K2V2-V62_1M/energygradmem_llama_L4H4D256_mem8_K2_ilr0.4_energy_lip0.003_L5_grad_second_stepalign0.1_iread0.1_bs_64_lr_1e-04_b10.9_b20.98_fp32_init_plateau/run_2/checkpoint-166000,2,4,0.0,-2.0,163.9022979736328,0.06840705871582031,1.2753666851494927e-05,-2.0383711216709344e-06,12
lipschitz-s144,/cephfs/home/mkairov/gradim/energy_shaping/runs/mix-N8-K2V2-V62_1M/energygradmem_llama_L4H4D256_mem8_K2_ilr0.4_energy_lip0.003_L5_grad_second_stepalign0.1_iread0.1_bs_64_lr_1e-04_b10.9_b20.98_fp32_init_plateau/run_2/checkpoint-166000,2,4,0.5,-2.0,158.8019561767578,-5.031955242156982,6.128939730842831e-06,-8.663099833938759e-06,12
lipschitz-s144,/cephfs/home/mkairov/gradim/energy_shaping/runs/mix-N8-K2V2-V62_1M/energygradmem_llama_L4H4D256_mem8_K2_ilr0.4_energy_lip0.003_L5_grad_second_stepalign0.1_iread0.1_bs_64_lr_1e-04_b10.9_b20.98_fp32_init_plateau/run_2/checkpoint-166000,2,4,1.0,-2.0,153.99339294433594,-9.840523719787598,3.4420215797581477e-06,-1.1350017302902415e-05,12
lipschitz-s144,/cephfs/home/mkairov/gradim/energy_shaping/runs/mix-N8-K2V2-V62_1M/energygradmem_llama_L4H4D256_mem8_K2_ilr0.4_energy_lip0.003_L5_grad_second_stepalign0.1_iread0.1_bs_64_lr_1e-04_b10.9_b20.98_fp32_init_plateau/run_2/checkpoint-166000,2,4,1.5,-2.0,149.47230529785156,-14.36159896850586,2.1581231521849986e-06,-1.2633914593607187e-05,12
lipschitz-s144,/cephfs/home/mkairov/gradim/energy_shaping/runs/mix-N8-K2V2-V62_1M/energygradmem_llama_L4H4D256_mem8_K2_ilr0.4_energy_lip0.003_L5_grad_second_stepalign0.1_iread0.1_bs_64_lr_1e-04_b10.9_b20.98_fp32_init_plateau/run_2/checkpoint-166000,2,4,2.0,-2.0,145.2311553955078,-18.602766036987305,1.4602866258428548e-06,-1.333175168838352e-05,12
lipschitz-s144,/cephfs/home/mkairov/gradim/energy_shaping/runs/mix-N8-K2V2-V62_1M/energygradmem_llama_L4H4D256_mem8_K2_ilr0.4_energy_lip0.003_L5_grad_second_stepalign0.1_iread0.1_bs_64_lr_1e-04_b10.9_b20.98_fp32_init_plateau/run_2/checkpoint-166000,2,4,2.5,-2.0,141.2565155029297,-22.5773868560791,1.0480360970177571e-06,-1.3744002899329644e-05,12
lipschitz-s144,/cephfs/home/mkairov/gradim/energy_shaping/runs/mix-N8-K2V2-V62_1M/energygradmem_llama_L4H4D256_mem8_K2_ilr0.4_energy_lip0.003_L5_grad_second_stepalign0.1_iread0.1_bs_64_lr_1e-04_b10.9_b20.98_fp32_init_plateau/run_2/checkpoint-166000,2,4,3.0,-2.0,137.53236389160156,-26.30156898498535,7.897559157754586e-07,-1.4002282114233822e-05,12
lipschitz-s144,/cephfs/home/mkairov/gradim/energy_shaping/runs/mix-N8-K2V2-V62_1M/energygradmem_llama_L4H4D256_mem8_K2_ilr0.4_energy_lip0.003_L5_grad_second_stepalign0.1_iread0.1_bs_64_lr_1e-04_b10.9_b20.98_fp32_init_plateau/run_2/checkpoint-166000,2,4,-3.0,-1.5,200.6085205078125,36.77461624145508,0.006914990488439798,0.006900198757648468,12
lipschitz-s144,/cephfs/home/mkairov/gradim/energy_shaping/runs/mix-N8-K2V2-V62_1M/energygradmem_llama_L4H4D256_mem8_K2_ilr0.4_energy_lip0.003_L5_grad_second_stepalign0.1_iread0.1_bs_64_lr_1e-04_b10.9_b20.98_fp32_init_plateau/run_2/checkpoint-166000,2,4,-2.5,-1.5,193.74119567871094,29.90729522705078,0.002564378082752228,0.00254958588629961,12
lipschitz-s144,/cephfs/home/mkairov/gradim/energy_shaping/runs/mix-N8-K2V2-V62_1M/energygradmem_llama_L4H4D256_mem8_K2_ilr0.4_energy_lip0.003_L5_grad_second_stepalign0.1_iread0.1_bs_64_lr_1e-04_b10.9_b20.98_fp32_init_plateau/run_2/checkpoint-166000,2,4,-2.0,-1.5,187.1783905029297,23.344459533691406,0.0008649543742649257,0.0008501622942276299,12
lipschitz-s144,/cephfs/home/mkairov/gradim/energy_shaping/runs/mix-N8-K2V2-V62_1M/energygradmem_llama_L4H4D256_mem8_K2_ilr0.4_energy_lip0.003_L5_grad_second_stepalign0.1_iread0.1_bs_64_lr_1e-04_b10.9_b20.98_fp32_init_plateau/run_2/checkpoint-166000,2,4,-1.5,-1.5,180.91566467285156,17.081777572631836,0.000281178712612018,0.00026638666167855263,12
lipschitz-s144,/cephfs/home/mkairov/gradim/energy_shaping/runs/mix-N8-K2V2-V62_1M/energygradmem_llama_L4H4D256_mem8_K2_ilr0.4_energy_lip0.003_L5_grad_second_stepalign0.1_iread0.1_bs_64_lr_1e-04_b10.9_b20.98_fp32_init_plateau/run_2/checkpoint-166000,2,4,-1.0,-1.5,174.9454345703125,11.111529350280762,9.265173139283434e-05,7.78596950112842e-05,12
lipschitz-s144,/cephfs/home/mkairov/gradim/energy_shaping/runs/mix-N8-K2V2-V62_1M/energygradmem_llama_L4H4D256_mem8_K2_ilr0.4_energy_lip0.003_L5_grad_second_stepalign0.1_iread0.1_bs_64_lr_1e-04_b10.9_b20.98_fp32_init_plateau/run_2/checkpoint-166000,2,4,-0.5,-1.5,169.2644500732422,5.430539608001709,3.276572169852443e-05,1.7973683497984894e-05,12
lipschitz-s144,/cephfs/home/mkairov/gradim/energy_shaping/runs/mix-N8-K2V2-V62_1M/energygradmem_llama_L4H4D256_mem8_K2_ilr0.4_energy_lip0.003_L5_grad_second_stepalign0.1_iread0.1_bs_64_lr_1e-04_b10.9_b20.98_fp32_init_plateau/run_2/checkpoint-166000,2,4,0.0,-1.5,163.87339782714844,0.03948529437184334,1.3230371223471593e-05,-1.5616673181284568e-06,12
lipschitz-s144,/cephfs/home/mkairov/gradim/energy_shaping/runs/mix-N8-K2V2-V62_1M/energygradmem_llama_L4H4D256_mem8_K2_ilr0.4_energy_lip0.003_L5_grad_second_stepalign0.1_iread0.1_bs_64_lr_1e-04_b10.9_b20.98_fp32_init_plateau/run_2/checkpoint-166000,2,4,0.5,-1.5,158.77464294433594,-5.059258937835693,6.32014643997536e-06,-8.471892215311527e-06,12
lipschitz-s144,/cephfs/home/mkairov/gradim/energy_shaping/runs/mix-N8-K2V2-V62_1M/energygradmem_llama_L4H4D256_mem8_K2_ilr0.4_energy_lip0.003_L5_grad_second_stepalign0.1_iread0.1_bs_64_lr_1e-04_b10.9_b20.98_fp32_init_plateau/run_2/checkpoint-166000,2,4,1.0,-1.5,153.96739196777344,-9.866509437561035,3.528937668306753e-06,-1.1263101441727486e-05,12
lipschitz-s144,/cephfs/home/mkairov/gradim/energy_shaping/runs/mix-N8-K2V2-V62_1M/energygradmem_llama_L4H4D256_mem8_K2_ilr0.4_energy_lip0.003_L5_grad_second_stepalign0.1_iread0.1_bs_64_lr_1e-04_b10.9_b20.98_fp32_init_plateau/run_2/checkpoint-166000,2,4,1.5,-1.5,149.44741821289062,-14.386481285095215,2.205307055191952e-06,-1.2586732736963313e-05,12
lipschitz-s144,/cephfs/home/mkairov/gradim/energy_shaping/runs/mix-N8-K2V2-V62_1M/energygradmem_llama_L4H4D256_mem8_K2_ilr0.4_energy_lip0.003_L5_grad_second_stepalign0.1_iread0.1_bs_64_lr_1e-04_b10.9_b20.98_fp32_init_plateau/run_2/checkpoint-166000,2,4,2.0,-1.5,145.20700073242188,-18.626909255981445,1.48512060604844e-06,-1.330691793555161e-05,12
lipschitz-s144,/cephfs/home/mkairov/gradim/energy_shaping/runs/mix-N8-K2V2-V62_1M/energygradmem_llama_L4H4D256_mem8_K2_ilr0.4_energy_lip0.003_L5_grad_second_stepalign0.1_iread0.1_bs_64_lr_1e-04_b10.9_b20.98_fp32_init_plateau/run_2/checkpoint-166000,2,4,2.5,-1.5,141.2332305908203,-22.600671768188477,1.0604532008073875e-06,-1.3731584658671636e-05,12
lipschitz-s144,/cephfs/home/mkairov/gradim/energy_shaping/runs/mix-N8-K2V2-V62_1M/energygradmem_llama_L4H4D256_mem8_K2_ilr0.4_energy_lip0.003_L5_grad_second_stepalign0.1_iread0.1_bs_64_lr_1e-04_b10.9_b20.98_fp32_init_plateau/run_2/checkpoint-166000,2,4,3.0,-1.5,137.5104217529297,-26.32347869873047,7.922392342152307e-07,-1.399979828420328e-05,12
lipschitz-s144,/cephfs/home/mkairov/gradim/energy_shaping/runs/mix-N8-K2V2-V62_1M/energygradmem_llama_L4H4D256_mem8_K2_ilr0.4_energy_lip0.003_L5_grad_second_stepalign0.1_iread0.1_bs_64_lr_1e-04_b10.9_b20.98_fp32_init_plateau/run_2/checkpoint-166000,2,4,-3.0,-1.0,200.573974609375,36.740055084228516,0.007115911692380905,0.007101119030267,12
lipschitz-s144,/cephfs/home/mkairov/gradim/energy_shaping/runs/mix-N8-K2V2-V62_1M/energygradmem_llama_L4H4D256_mem8_K2_ilr0.4_energy_lip0.003_L5_grad_second_stepalign0.1_iread0.1_bs_64_lr_1e-04_b10.9_b20.98_fp32_init_plateau/run_2/checkpoint-166000,2,4,-2.5,-1.0,193.70849609375,29.874595642089844,0.0026524823624640703,0.0026376901660114527,12
lipschitz-s144,/cephfs/home/mkairov/gradim/energy_shaping/runs/mix-N8-K2V2-V62_1M/energygradmem_llama_L4H4D256_mem8_K2_ilr0.4_energy_lip0.003_L5_grad_second_stepalign0.1_iread0.1_bs_64_lr_1e-04_b10.9_b20.98_fp32_init_plateau/run_2/checkpoint-166000,2,4,-2.0,-1.0,187.1480712890625,23.314178466796875,0.000897896068636328,0.000883104105014354,12
lipschitz-s144,/cephfs/home/mkairov/gradim/energy_shaping/runs/mix-N8-K2V2-V62_1M/energygradmem_llama_L4H4D256_mem8_K2_ilr0.4_energy_lip0.003_L5_grad_second_stepalign0.1_iread0.1_bs_64_lr_1e-04_b10.9_b20.98_fp32_init_plateau/run_2/checkpoint-166000,2,4,-1.5,-1.0,180.887939453125,17.054033279418945,0.0002925943408627063,0.0002778023190330714,12
lipschitz-s144,/cephfs/home/mkairov/gradim/energy_shaping/runs/mix-N8-K2V2-V62_1M/energygradmem_llama_L4H4D256_mem8_K2_ilr0.4_energy_lip0.003_L5_grad_second_stepalign0.1_iread0.1_bs_64_lr_1e-04_b10.9_b20.98_fp32_init_plateau/run_2/checkpoint-166000,2,4,-1.0,-1.0,174.9201202392578,11.086219787597656,9.652288281358778e-05,8.173083915608004e-05,12
lipschitz-s144,/cephfs/home/mkairov/gradim/energy_shaping/runs/mix-N8-K2V2-V62_1M/energygradmem_llama_L4H4D256_mem8_K2_ilr0.4_energy_lip0.003_L5_grad_second_stepalign0.1_iread0.1_bs_64_lr_1e-04_b10.9_b20.98_fp32_init_plateau/run_2/checkpoint-166000,2,4,-0.5,-1.0,169.24134826660156,5.4074387550354,3.411300349398516e-05,1.9320965293445624e-05,12
lipschitz-s144,/cephfs/home/mkairov/gradim/energy_shaping/runs/mix-N8-K2V2-V62_1M/energygradmem_llama_L4H4D256_mem8_K2_ilr0.4_energy_lip0.003_L5_grad_second_stepalign0.1_iread0.1_bs_64_lr_1e-04_b10.9_b20.98_fp32_init_plateau/run_2/checkpoint-166000,2,4,0.0,-1.0,163.85240173339844,0.018486658111214638,1.3724446944252122e-05,-1.0675909152269014e-06,12
lipschitz-s144,/cephfs/home/mkairov/gradim/energy_shaping/runs/mix-N8-K2V2-V62_1M/energygradmem_llama_L4H4D256_mem8_K2_ilr0.4_energy_lip0.003_L5_grad_second_stepalign0.1_iread0.1_bs_64_lr_1e-04_b10.9_b20.98_fp32_init_plateau/run_2/checkpoint-166000,2,4,0.5,-1.0,158.7554473876953,-5.0784430503845215,6.523769570776494e-06,-8.268269084510393e-06,12
lipschitz-s144,/cephfs/home/mkairov/gradim/energy_shaping/runs/mix-N8-K2V2-V62_1M/energygradmem_llama_L4H4D256_mem8_K2_ilr0.4_energy_lip0.003_L5_grad_second_stepalign0.1_iread0.1_bs_64_lr_1e-04_b10.9_b20.98_fp32_init_plateau/run_2/checkpoint-166000,2,4,1.0,-1.0,153.94981384277344,-9.884108543395996,3.620820280048065e-06,-1.1171218829986174e-05,12
lipschitz-s144,/cephfs/home/mkairov/gradim/energy_shaping/runs/mix-N8-K2V2-V62_1M/energygradmem_llama_L4H4D256_mem8_K2_ilr0.4_energy_lip0.003_L5_grad_second_stepalign0.1_iread0.1_bs_64_lr_1e-04_b10.9_b20.98_fp32_init_plateau/run_2/checkpoint-166000,2,4,1.5,-1.0,149.43109130859375,-14.402815818786621,2.2475239802588476e-06,-1.2544514902401716e-05,12
lipschitz-s144,/cephfs/home/mkairov/gradim/energy_shaping/runs/mix-N8-K2V2-V62_1M/energygradmem_llama_L4H4D256_mem8_K2_ilr0.4_energy_lip0.003_L5_grad_second_stepalign0.1_iread0.1_bs_64_lr_1e-04_b10.9_b20.98_fp32_init_plateau/run_2/checkpoint-166000,2,4,2.0,-1.0,145.1917724609375,-18.64213752746582,1.5124381889108918e-06,-1.3279600352689158e-05,12
lipschitz-s144,/cephfs/home/mkairov/gradim/energy_shaping/runs/mix-N8-K2V2-V62_1M/energygradmem_llama_L4H4D256_mem8_K2_ilr0.4_energy_lip0.003_L5_grad_second_stepalign0.1_iread0.1_bs_64_lr_1e-04_b10.9_b20.98_fp32_init_plateau/run_2/checkpoint-166000,2,4,2.5,-1.0,141.21925354003906,-22.614648818969727,1.0728704182838555e-06,-1.3719168237003032e-05,12
lipschitz-s144,/cephfs/home/mkairov/gradim/energy_shaping/runs/mix-N8-K2V2-V62_1M/energygradmem_llama_L4H4D256_mem8_K2_ilr0.4_energy_lip0.003_L5_grad_second_stepalign0.1_iread0.1_bs_64_lr_1e-04_b10.9_b20.98_fp32_init_plateau/run_2/checkpoint-166000,2,4,3.0,-1.0,137.49818420410156,-26.335723876953125,7.996895874384791e-07,-1.399234952259576e-05,12
lipschitz-s144,/cephfs/home/mkairov/gradim/energy_shaping/runs/mix-N8-K2V2-V62_1M/energygradmem_llama_L4H4D256_mem8_K2_ilr0.4_energy_lip0.003_L5_grad_second_stepalign0.1_iread0.1_bs_64_lr_1e-04_b10.9_b20.98_fp32_init_plateau/run_2/checkpoint-166000,2,4,-3.0,-0.5,200.5469512939453,36.713050842285156,0.0073209223337471485,0.007306130137294531,12
lipschitz-s144,/cephfs/home/mkairov/gradim/energy_shaping/runs/mix-N8-K2V2-V62_1M/energygradmem_llama_L4H4D256_mem8_K2_ilr0.4_energy_lip0.003_L5_grad_second_stepalign0.1_iread0.1_bs_64_lr_1e-04_b10.9_b20.98_fp32_init_plateau/run_2/checkpoint-166000,2,4,-2.5,-0.5,193.6833038330078,29.84940528869629,0.0027427675668150187,0.0027279758360236883,12
lipschitz-s144,/cephfs/home/mkairov/gradim/energy_shaping/runs/mix-N8-K2V2-V62_1M/energygradmem_llama_L4H4D256_mem8_K2_ilr0.4_energy_lip0.003_L5_grad_second_stepalign0.1_iread0.1_bs_64_lr_1e-04_b10.9_b20.98_fp32_init_plateau/run_2/checkpoint-166000,2,4,-2.0,-0.5,187.12538146972656,23.291479110717773,0.0009317923686467111,0.0009170002886094153,12
lipschitz-s144,/cephfs/home/mkairov/gradim/energy_shaping/runs/mix-N8-K2V2-V62_1M/energygradmem_llama_L4H4D256_mem8_K2_ilr0.4_energy_lip0.003_L5_grad_second_stepalign0.1_iread0.1_bs_64_lr_1e-04_b10.9_b20.98_fp32_init_plateau/run_2/checkpoint-166000,2,4,-1.5,-0.5,180.8677215576172,17.033809661865234,0.00030438497196882963,0.0002895929501391947,12
lipschitz-s144,/cephfs/home/mkairov/gradim/energy_shaping/runs/mix-N8-K2V2-V62_1M/energygradmem_llama_L4H4D256_mem8_K2_ilr0.4_energy_lip0.003_L5_grad_second_stepalign0.1_iread0.1_bs_64_lr_1e-04_b10.9_b20.98_fp32_init_plateau/run_2/checkpoint-166000,2,4,-1.0,-0.5,174.90240478515625,11.068490028381348,0.0001005395024549216,8.574747334932908e-05,12
lipschitz-s144,/cephfs/home/mkairov/gradim/energy_shaping/runs/mix-N8-K2V2-V62_1M/energygradmem_llama_L4H4D256_mem8_K2_ilr0.4_energy_lip0.003_L5_grad_second_stepalign0.1_iread0.1_bs_64_lr_1e-04_b10.9_b20.98_fp32_init_plateau/run_2/checkpoint-166000,2,4,-0.5,-0.5,169.22596740722656,5.392065048217773,3.551482586772181e-05,2.072278584819287e-05,12
lipschitz-s144,/cephfs/home/mkairov/gradim/energy_shaping/runs/mix-N8-K2V2-V62_1M/energygradmem_llama_L4H4D256_mem8_K2_ilr0.4_energy_lip0.003_L5_grad_second_stepalign0.1_iread0.1_bs_64_lr_1e-04_b10.9_b20.98_fp32_init_plateau/run_2/checkpoint-166000,2,4,0.0,-0.5,163.8392333984375,0.0053278603591024876,1.4248314982978627e-05,-5.437240702121926e-07,12
lipschitz-s144,/cephfs/home/mkairov/gradim/energy_shaping/runs/mix-N8-K2V2-V62_1M/energygradmem_llama_L4H4D256_mem8_K2_ilr0.4_energy_lip0.003_L5_grad_second_stepalign0.1_iread0.1_bs_64_lr_1e-04_b10.9_b20.98_fp32_init_plateau/run_2/checkpoint-166000,2,4,0.5,-0.5,158.74436950683594,-5.089548110961914,6.742291589034721e-06,-8.049747520999517e-06,12
lipschitz-s144,/cephfs/home/mkairov/gradim/energy_shaping/runs/mix-N8-K2V2-V62_1M/energygradmem_llama_L4H4D256_mem8_K2_ilr0.4_energy_lip0.003_L5_grad_second_stepalign0.1_iread0.1_bs_64_lr_1e-04_b10.9_b20.98_fp32_init_plateau/run_2/checkpoint-166000,2,4,1.0,-0.5,153.94053649902344,-9.893378257751465,3.725119995579007e-06,-1.1066919796576258e-05,12
lipschitz-s144,/cephfs/home/mkairov/gradim/energy_shaping/runs/mix-N8-K2V2-V62_1M/energygradmem_llama_L4H4D256_mem8_K2_ilr0.4_energy_lip0.003_L5_grad_second_stepalign0.1_iread0.1_bs_64_lr_1e-04_b10.9_b20.98_fp32_init_plateau/run_2/checkpoint-166000,2,4,1.5,-0.5,149.4234161376953,-14.41048812866211,2.299674861205858e-06,-1.2492363566707354e-05,12
lipschitz-s144,/cephfs/home/mkairov/gradim/energy_shaping/runs/mix-N8-K2V2-V62_1M/energygradmem_llama_L4H4D256_mem8_K2_ilr0.4_energy_lip0.003_L5_grad_second_stepalign0.1_iread0.1_bs_64_lr_1e-04_b10.9_b20.98_fp32_init_plateau/run_2/checkpoint-166000,2,4,2.0,-0.5,145.18545532226562,-18.648452758789062,1.539755544399668e-06,-1.3252283679321408e-05,12
lipschitz-s144,/cephfs/home/mkairov/gradim/energy_shaping/runs/mix-N8-K2V2-V62_1M/energygradmem_llama_L4H4D256_mem8_K2_ilr0.4_energy_lip0.003_L5_grad_second_stepalign0.1_iread0.1_bs_64_lr_1e-04_b10.9_b20.98_fp32_init_plateau/run_2/checkpoint-166000,2,4,2.5,-0.5,141.21444702148438,-22.619461059570312,1.0877710110435146e-06,-1.3704267075809184e-05,12
lipschitz-s144,/cephfs/home/mkairov/gradim/energy_shaping/runs/mix-N8-K2V2-V62_1M/energygradmem_llama_L4H4D256_mem8_K2_ilr0.4_energy_lip0.003_L5_grad_second_stepalign0.1_iread0.1_bs_64_lr_1e-04_b10.9_b20.98_fp32_init_plateau/run_2/checkpoint-166000,2,4,3.0,-0.5,137.4955291748047,-26.3383846282959,8.046565085351176e-07,-1.3987381862534676e-05,12
lipschitz-s144,/cephfs/home/mkairov/gradim/energy_shaping/runs/mix-N8-K2V2-V62_1M/energygradmem_llama_L4H4D256_mem8_K2_ilr0.4_energy_lip0.003_L5_grad_second_stepalign0.1_iread0.1_bs_64_lr_1e-04_b10.9_b20.98_fp32_init_plateau/run_2/checkpoint-166000,2,4,-3.0,0.0,200.527587890625,36.69367599487305,0.0075301919132471085,0.0075153992511332035,12
lipschitz-s144,/cephfs/home/mkairov/gradim/energy_shaping/runs/mix-N8-K2V2-V62_1M/energygradmem_llama_L4H4D256_mem8_K2_ilr0.4_energy_lip0.003_L5_grad_second_stepalign0.1_iread0.1_bs_64_lr_1e-04_b10.9_b20.98_fp32_init_plateau/run_2/checkpoint-166000,2,4,-2.5,0.0,193.66575622558594,29.831850051879883,0.002835292601957917,0.002820500871166587,12
lipschitz-s144,/cephfs/home/mkairov/gradim/energy_shaping/runs/mix-N8-K2V2-V62_1M/energygradmem_llama_L4H4D256_mem8_K2_ilr0.4_energy_lip0.003_L5_grad_second_stepalign0.1_iread0.1_bs_64_lr_1e-04_b10.9_b20.98_fp32_init_plateau/run_2/checkpoint-166000,2,4,-2.0,0.0,187.11016845703125,23.276262283325195,0.000966654799412936,0.000951862835790962,12
lipschitz-s144,/cephfs/home/mkairov/gradim/energy_shaping/runs/mix-N8-K2V2-V62_1M/energygradmem_llama_L4H4D256_mem8_K2_ilr0.4_energy_lip0.003_L5_grad_second_stepalign0.1_iread0.1_bs_64_lr_1e-04_b10.9_b20.98_fp32_init_plateau/run_2/checkpoint-166000,2,4,-1.5,0.0,180.85498046875,17.021074295043945,0.0003165573871228844,0.0003017653652932495,12
lipschitz-s144,/cephfs/home/mkairov/gradim/energy_shaping/runs/mix-N8-K2V2-V62_1M/energygradmem_llama_L4H4D256_mem8_K2_ilr0.4_energy_lip0.003_L5_grad_second_stepalign0.1_iread0.1_bs_64_lr_1e-04_b10.9_b20.98_fp32_init_plateau/run_2/checkpoint-166000,2,4,-1.0,0.0,174.8922119140625,11.058319091796875,0.00010470402776263654,8.991199865704402e-05,12
lipschitz-s144,/cephfs/home/mkairov/gradim/energy_shaping/runs/mix-N8-K2V2-V62_1M/energygradmem_llama_L4H4D256_mem8_K2_ilr0.4_energy_lip0.003_L5_grad_second_stepalign0.1_iread0.1_bs_64_lr_1e-04_b10.9_b20.98_fp32_init_plateau/run_2/checkpoint-166000,2,4,-0.5,0.0,169.21826171875,5.384347438812256,3.696620115078986e-05,2.2174159312271513e-05,12
lipschitz-s144,/cephfs/home/mkairov/gradim/energy_shaping/runs/mix-N8-K2V2-V62_1M/energygradmem_llama_L4H4D256_mem8_K2_ilr0.4_energy_lip0.003_L5_grad_second_stepalign0.1_iread0.1_bs_64_lr_1e-04_b10.9_b20.98_fp32_init_plateau/run_2/checkpoint-166000,2,4,0.0,0.0,163.8339080810547,0.0,1.4792039110034239e-05,0.0,12
lipschitz-s144,/cephfs/home/mkairov/gradim/energy_shaping/runs/mix-N8-K2V2-V62_1M/energygradmem_llama_L4H4D256_mem8_K2_ilr0.4_energy_lip0.003_L5_grad_second_stepalign0.1_iread0.1_bs_64_lr_1e-04_b10.9_b20.98_fp32_init_plateau/run_2/checkpoint-166000,2,4,0.5,0.0,158.7412872314453,-5.092637538909912,6.9707457441836596e-06,-7.821293365850579e-06,12
lipschitz-s144,/cephfs/home/mkairov/gradim/energy_shaping/runs/mix-N8-K2V2-V62_1M/energygradmem_llama_L4H4D256_mem8_K2_ilr0.4_energy_lip0.003_L5_grad_second_stepalign0.1_iread0.1_bs_64_lr_1e-04_b10.9_b20.98_fp32_init_plateau/run_2/checkpoint-166000,2,4,1.0,0.0,153.93955993652344,-9.894351959228516,3.831902631645789e-06,-1.0960136023641098e-05,12
lipschitz-s144,/cephfs/home/mkairov/gradim/energy_shaping/runs/mix-N8-K2V2-V62_1M/energygradmem_llama_L4H4D256_mem8_K2_ilr0.4_energy_lip0.003_L5_grad_second_stepalign0.1_iread0.1_bs_64_lr_1e-04_b10.9_b20.98_fp32_init_plateau/run_2/checkpoint-166000,2,4,1.5,0.0,149.42428588867188,-14.409621238708496,2.359276095376117e-06,-1.243276255991077e-05,12
lipschitz-s144,/cephfs/home/mkairov/gradim/energy_shaping/runs/mix-N8-K2V2-V62_1M/energygradmem_llama_L4H4D256_mem8_K2_ilr0.4_energy_lip0.003_L5_grad_second_stepalign0.1_iread0.1_bs_64_lr_1e-04_b10.9_b20.98_fp32_init_plateau/run_2/checkpoint-166000,2,4,2.0,0.0,145.18800354003906,-18.645906448364258,1.567073013575282e-06,-1.3224965186964255e-05,12
lipschitz-s144,/cephfs/home/mkairov/gradim/energy_shaping/runs/mix-N8-K2V2-V62_1M/energygradmem_llama_L4H4D256_mem8_K2_ilr0.4_energy_lip0.003_L5_grad_second_stepalign0.1_iread0.1_bs_64_lr_1e-04_b10.9_b20.98_fp32_init_plateau/run_2/checkpoint-166000,2,4,2.5,0.0,141.21885681152344,-22.61503791809082,1.107638581743231e-06,-1.3684400073543657e-05,12
lipschitz-s144,/cephfs/home/mkairov/gradim/energy_shaping/runs/mix-N8-K2V2-V62_1M/energygradmem_llama_L4H4D256_mem8_K2_ilr0.4_energy_lip0.003_L5_grad_second_stepalign0.1_iread0.1_bs_64_lr_1e-04_b10.9_b20.98_fp32_init_plateau/run_2/checkpoint-166000,2,4,3.0,0.0,137.5023956298828,-26.331499099731445,8.12106861758366e-07,-1.3979931281937752e-05,12
lipschitz-s144,/cephfs/home/mkairov/gradim/energy_shaping/runs/mix-N8-K2V2-V62_1M/energygradmem_llama_L4H4D256_mem8_K2_ilr0.4_energy_lip0.003_L5_grad_second_stepalign0.1_iread0.1_bs_64_lr_1e-04_b10.9_b20.98_fp32_init_plateau/run_2/checkpoint-166000,2,4,-3.0,0.5,200.51580810546875,36.681880950927734,0.0077437348663806915,0.007728942204266787,12
lipschitz-s144,/cephfs/home/mkairov/gradim/energy_shaping/runs/mix-N8-K2V2-V62_1M/energygradmem_llama_L4H4D256_mem8_K2_ilr0.4_energy_lip0.003_L5_grad_second_stepalign0.1_iread0.1_bs_64_lr_1e-04_b10.9_b20.98_fp32_init_plateau/run_2/checkpoint-166000,2,4,-2.5,0.5,193.65574645996094,29.821828842163086,0.0029301766771823168,0.0029153849463909864,12
lipschitz-s144,/cephfs/home/mkairov/gradim/energy_shaping/runs/mix-N8-K2V2-V62_1M/energygradmem_llama_L4H4D256_mem8_K2_ilr0.4_energy_lip0.003_L5_grad_second_stepalign0.1_iread0.1_bs_64_lr_1e-04_b10.9_b20.98_fp32_init_plateau/run_2/checkpoint-166000,2,4,-2.0,0.5,187.10247802734375,23.26856803894043,0.0010024980874732137,0.0009877061238512397,12
lipschitz-s144,/cephfs/home/mkairov/gradim/energy_shaping/runs/mix-N8-K2V2-V62_1M/energygradmem_llama_L4H4D256_mem8_K2_ilr0.4_energy_lip0.003_L5_grad_second_stepalign0.1_iread0.1_bs_64_lr_1e-04_b10.9_b20.98_fp32_init_plateau/run_2/checkpoint-166000,2,4,-1.5,0.5,180.8498077392578,17.01589584350586,0.0003291109169367701,0.0003143188951071352,12
lipschitz-s144,/cephfs/home/mkairov/gradim/energy_shaping/runs/mix-N8-K2V2-V62_1M/energygradmem_llama_L4H4D256_mem8_K2_ilr0.4_energy_lip0.003_L5_grad_second_stepalign0.1_iread0.1_bs_64_lr_1e-04_b10.9_b20.98_fp32_init_plateau/run_2/checkpoint-166000,2,4,-1.0,0.5,174.88963317871094,11.05573558807373,0.00010900397319346666,9.421194408787414e-05,12
lipschitz-s144,/cephfs/home/mkairov/gradim/energy_shaping/runs/mix-N8-K2V2-V62_1M/energygradmem_llama_L4H4D256_mem8_K2_ilr0.4_energy_lip0.003_L5_grad_second_stepalign0.1_iread0.1_bs_64_lr_1e-04_b10.9_b20.98_fp32_init_plateau/run_2/checkpoint-166000,2,4,-0.5,0.5,169.21820068359375,5.384283065795898,3.848202686640434e-05,2.3689988665864803e-05,12
lipschitz-s144,/cephfs/home/mkairov/gradim/energy_shaping/runs/mix-N8-K2V2-V62_1M/energygradmem_llama_L4H4D256_mem8_K2_ilr0.4_energy_lip0.003_L5_grad_second_stepalign0.1_iread0.1_bs_64_lr_1e-04_b10.9_b20.98_fp32_init_plateau/run_2/checkpoint-166000,2,4,0.0,0.5,163.8363800048828,0.0024687449913471937,1.5365551007562317e-05,5.735114996241464e-07,12
lipschitz-s144,/cephfs/home/mkairov/gradim/energy_shaping/runs/mix-N8-K2V2-V62_1M/energygradmem_llama_L4H4D256_mem8_K2_ilr0.4_energy_lip0.003_L5_grad_second_stepalign0.1_iread0.1_bs_64_lr_1e-04_b10.9_b20.98_fp32_init_plateau/run_2/checkpoint-166000,2,4,0.5,0.5,158.74624633789062,-5.087662220001221,7.206649115687469e-06,-7.5853899943467695e-06,12
lipschitz-s144,/cephfs/home/mkairov/gradim/energy_shaping/runs/mix-N8-K2V2-V62_1M/energygradmem_llama_L4H4D256_mem8_K2_ilr0.4_energy_lip0.003_L5_grad_second_stepalign0.1_iread0.1_bs_64_lr_1e-04_b10.9_b20.98_fp32_init_plateau/run_2/checkpoint-166000,2,4,1.0,0.5,153.9468994140625,-9.887009620666504,3.94861854147166e-06,-1.0843420568562578e-05,12
lipschitz-s144,/cephfs/home/mkairov/gradim/energy_shaping/runs/mix-N8-K2V2-V62_1M/energygradmem_llama_L4H4D256_mem8_K2_ilr0.4_energy_lip0.003_L5_grad_second_stepalign0.1_iread0.1_bs_64_lr_1e-04_b10.9_b20.98_fp32_init_plateau/run_2/checkpoint-166000,2,4,1.5,0.5,149.43374633789062,-14.400158882141113,2.413909896858968e-06,-1.2378128303680569e-05,12
lipschitz-s144,/cephfs/home/mkairov/gradim/energy_shaping/runs/mix-N8-K2V2-V62_1M/energygradmem_llama_L4H4D256_mem8_K2_ilr0.4_energy_lip0.003_L5_grad_second_stepalign0.1_iread0.1_bs_64_lr_1e-04_b10.9_b20.98_fp32_init_plateau/run_2/checkpoint-166000,2,4,2.0,0.5,145.1993865966797,-18.634511947631836,1.5968738580340869e-06,-1.3195164683565963e-05,12
lipschitz-s144,/cephfs/home/mkairov/gradim/energy_shaping/runs/mix-N8-K2V2-V62_1M/energygradmem_llama_L4H4D256_mem8_K2_ilr0.4_energy_lip0.003_L5_grad_second_stepalign0.1_iread0.1_bs_64_lr_1e-04_b10.9_b20.98_fp32_init_plateau/run_2/checkpoint-166000,2,4,2.5,0.5,141.23240661621094,-22.601499557495117,1.1250226634729188e-06,-1.3667015991813969e-05,12
lipschitz-s144,/cephfs/home/mkairov/gradim/energy_shaping/runs/mix-N8-K2V2-V62_1M/energygradmem_llama_L4H4D256_mem8_K2_ilr0.4_energy_lip0.003_L5_grad_second_stepalign0.1_iread0.1_bs_64_lr_1e-04_b10.9_b20.98_fp32_init_plateau/run_2/checkpoint-166000,2,4,3.0,0.5,137.51873779296875,-26.31516456604004,8.245241929216718e-07,-1.3967514860269148e-05,12
lipschitz-s144,/cephfs/home/mkairov/gradim/energy_shaping/runs/mix-N8-K2V2-V62_1M/energygradmem_llama_L4H4D256_mem8_K2_ilr0.4_energy_lip0.003_L5_grad_second_stepalign0.1_iread0.1_bs_64_lr_1e-04_b10.9_b20.98_fp32_init_plateau/run_2/checkpoint-166000,2,4,-3.0,1.0,200.5115203857422,36.67759704589844,0.007961571216583252,0.007946779020130634,12
lipschitz-s144,/cephfs/home/mkairov/gradim/energy_shaping/runs/mix-N8-K2V2-V62_1M/energygradmem_llama_L4H4D256_mem8_K2_ilr0.4_energy_lip0.003_L5_grad_second_stepalign0.1_iread0.1_bs_64_lr_1e-04_b10.9_b20.98_fp32_init_plateau/run_2/checkpoint-166000,2,4,-2.5,1.0,193.6533203125,29.81940460205078,0.0030273906886577606,0.0030125987250357866,12
lipschitz-s144,/cephfs/home/mkairov/gradim/energy_shaping/runs/mix-N8-K2V2-V62_1M/energygradmem_llama_L4H4D256_mem8_K2_ilr0.4_energy_lip0.003_L5_grad_second_stepalign0.1_iread0.1_bs_64_lr_1e-04_b10.9_b20.98_fp32_init_plateau/run_2/checkpoint-166000,2,4,-2.0,1.0,187.102294921875,23.26837921142578,0.0010393772972747684,0.0010245853336527944,12
lipschitz-s144,/cephfs/home/mkairov/gradim/energy_shaping/runs/mix-N8-K2V2-V62_1M/energygradmem_llama_L4H4D256_mem8_K2_ilr0.4_energy_lip0.003_L5_grad_second_stepalign0.1_iread0.1_bs_64_lr_1e-04_b10.9_b20.98_fp32_init_plateau/run_2/checkpoint-166000,2,4,-1.5,1.0,180.85205078125,17.018152236938477,0.0003420522261876613,0.0003272602043580264,12
lipschitz-s144,/cephfs/home/mkairov/gradim/energy_shaping/runs/mix-N8-K2V2-V62_1M/energygradmem_llama_L4H4D256_mem8_K2_ilr0.4_energy_lip0.003_L5_grad_second_stepalign0.1_iread0.1_bs_64_lr_1e-04_b10.9_b20.98_fp32_init_plateau/run_2/checkpoint-166000,2,4,-1.0,1.0,174.89451599121094,11.060611724853516,0.00011346158134983853,9.866954496828839e-05,12
lipschitz-s144,/cephfs/home/mkairov/gradim/energy_shaping/runs/mix-N8-K2V2-V62_1M/energygradmem_llama_L4H4D256_mem8_K2_ilr0.4_energy_lip0.003_L5_grad_second_stepalign0.1_iread0.1_bs_64_lr_1e-04_b10.9_b20.98_fp32_init_plateau/run_2/checkpoint-166000,2,4,-0.5,1.0,169.2257843017578,5.391862869262695,4.005732262157835e-05,2.526528805901762e-05,12
lipschitz-s144,/cephfs/home/mkairov/gradim/energy_shaping/runs/mix-N8-K2V2-V62_1M/energygradmem_llama_L4H4D256_mem8_K2_ilr0.4_energy_lip0.003_L5_grad_second_stepalign0.1_iread0.1_bs_64_lr_1e-04_b10.9_b20.98_fp32_init_plateau/run_2/checkpoint-166000,2,4,0.0,1.0,163.84669494628906,0.012790043838322163,1.596140100446064e-05,1.1693616670527263e-06,12
lipschitz-s144,/cephfs/home/mkairov/gradim/energy_shaping/runs/mix-N8-K2V2-V62_1M/energygradmem_llama_L4H4D256_mem8_K2_ilr0.4_energy_lip0.003_L5_grad_second_stepalign0.1_iread0.1_bs_64_lr_1e-04_b10.9_b20.98_fp32_init_plateau/run_2/checkpoint-166000,2,4,0.5,1.0,158.7592010498047,-5.074706554412842,7.457451374648372e-06,-7.334587280638516e-06,12
lipschitz-s144,/cephfs/home/mkairov/gradim/energy_shaping/runs/mix-N8-K2V2-V62_1M/energygradmem_llama_L4H4D256_mem8_K2_ilr0.4_energy_lip0.003_L5_grad_second_stepalign0.1_iread0.1_bs_64_lr_1e-04_b10.9_b20.98_fp32_init_plateau/run_2/checkpoint-166000,2,4,1.0,1.0,153.96246337890625,-9.871460914611816,4.060367700731149e-06,-1.0731670954555739e-05,12
lipschitz-s144,/cephfs/home/mkairov/gradim/energy_shaping/runs/mix-N8-K2V2-V62_1M/energygradmem_llama_L4H4D256_mem8_K2_ilr0.4_energy_lip0.003_L5_grad_second_stepalign0.1_iread0.1_bs_64_lr_1e-04_b10.9_b20.98_fp32_init_plateau/run_2/checkpoint-166000,2,4,1.5,1.0,149.45169067382812,-14.382213592529297,2.475994506312418e-06,-1.2316045285842847e-05,12
lipschitz-s144,/cephfs/home/mkairov/gradim/energy_shaping/runs/mix-N8-K2V2-V62_1M/energygradmem_llama_L4H4D256_mem8_K2_ilr0.4_energy_lip0.003_L5_grad_second_stepalign0.1_iread0.1_bs_64_lr_1e-04_b10.9_b20.98_fp32_init_plateau/run_2/checkpoint-166000,2,4,2.0,1.0,145.2196502685547,-18.614253997802734,1.6316416804329492e-06,-1.3160396520106588e-05,12
lipschitz-s144,/cephfs/home/mkairov/gradim/energy_shaping/runs/mix-N8-K2V2-V62_1M/energygradmem_llama_L4H4D256_mem8_K2_ilr0.4_energy_lip0.003_L5_grad_second_stepalign0.1_iread0.1_bs_64_lr_1e-04_b10.9_b20.98_fp32_init_plateau/run_2/checkpoint-166000,2,4,2.5,1.0,141.2551727294922,-22.578750610351562,1.1424067452026065e-06,-1.3649631910084281e-05,12
lipschitz-s144,/cephfs/home/mkairov/gradim/energy_shaping/runs/mix-N8-K2V2-V62_1M/energygradmem_llama_L4H4D256_mem8_K2_ilr0.4_energy_lip0.003_L5_grad_second_stepalign0.1_iread0.1_bs_64_lr_1e-04_b10.9_b20.98_fp32_init_plateau/run_2/checkpoint-166000,2,4,3.0,1.0,137.54457092285156,-26.289344787597656,8.369415240849776e-07,-1.3955097529105842e-05,12
lipschitz-s144,/cephfs/home/mkairov/gradim/energy_shaping/runs/mix-N8-K2V2-V62_1M/energygradmem_llama_L4H4D256_mem8_K2_ilr0.4_energy_lip0.003_L5_grad_second_stepalign0.1_iread0.1_bs_64_lr_1e-04_b10.9_b20.98_fp32_init_plateau/run_2/checkpoint-166000,2,4,-3.0,1.5,200.5148162841797,36.680912017822266,0.008183959871530533,0.008169167675077915,12
lipschitz-s144,/cephfs/home/mkairov/gradim/energy_shaping/runs/mix-N8-K2V2-V62_1M/energygradmem_llama_L4H4D256_mem8_K2_ilr0.4_energy_lip0.003_L5_grad_second_stepalign0.1_iread0.1_bs_64_lr_1e-04_b10.9_b20.98_fp32_init_plateau/run_2/checkpoint-166000,2,4,-2.5,1.5,193.6583709716797,29.82444953918457,0.0031271164771169424,0.0031123245134949684,12
lipschitz-s144,/cephfs/home/mkairov/gradim/energy_shaping/runs/mix-N8-K2V2-V62_1M/energygradmem_llama_L4H4D256_mem8_K2_ilr0.4_energy_lip0.003_L5_grad_second_stepalign0.1_iread0.1_bs_64_lr_1e-04_b10.9_b20.98_fp32_init_plateau/run_2/checkpoint-166000,2,4,-2.0,1.5,187.10963439941406,23.275726318359375,0.00107727968133986,0.0010624876013025641,12
lipschitz-s144,/cephfs/home/mkairov/gradim/energy_shaping/runs/mix-N8-K2V2-V62_1M/energygradmem_llama_L4H4D256_mem8_K2_ilr0.4_energy_lip0.003_L5_grad_second_stepalign0.1_iread0.1_bs_64_lr_1e-04_b10.9_b20.98_fp32_init_plateau/run_2/checkpoint-166000,2,4,-1.5,1.5,180.86187744140625,17.02797508239746,0.00035541775287128985,0.00034062567283399403,12
lipschitz-s144,/cephfs/home/mkairov/gradim/energy_shaping/runs/mix-N8-K2V2-V62_1M/energygradmem_llama_L4H4D256_mem8_K2_ilr0.4_energy_lip0.003_L5_grad_second_stepalign0.1_iread0.1_bs_64_lr_1e-04_b10.9_b20.98_fp32_init_plateau/run_2/checkpoint-166000,2,4,-1.0,1.5,174.90704345703125,11.073124885559082,0.00011807928240159526,0.00010328725329600275,12
lipschitz-s144,/cephfs/home/mkairov/gradim/energy_shaping/runs/mix-N8-K2V2-V62_1M/energygradmem_llama_L4H4D256_mem8_K2_ilr0.4_energy_lip0.003_L5_grad_second_stepalign0.1_iread0.1_bs_64_lr_1e-04_b10.9_b20.98_fp32_init_plateau/run_2/checkpoint-166000,2,4,-0.5,1.5,169.24105834960938,5.4071502685546875,4.168960731476545e-05,2.689756547624711e-05,12
lipschitz-s144,/cephfs/home/mkairov/gradim/energy_shaping/runs/mix-N8-K2V2-V62_1M/energygradmem_llama_L4H4D256_mem8_K2_ilr0.4_energy_lip0.003_L5_grad_second_stepalign0.1_iread0.1_bs_64_lr_1e-04_b10.9_b20.98_fp32_init_plateau/run_2/checkpoint-166000,2,4,0.0,1.5,163.8648223876953,0.0309015903621912,1.6582069292780943e-05,1.7900315469887573e-06,12
lipschitz-s144,/cephfs/home/mkairov/gradim/energy_shaping/runs/mix-N8-K2V2-V62_1M/energygradmem_llama_L4H4D256_mem8_K2_ilr0.4_energy_lip0.003_L5_grad_second_stepalign0.1_iread0.1_bs_64_lr_1e-04_b10.9_b20.98_fp32_init_plateau/run_2/checkpoint-166000,2,4,0.5,1.5,158.7802276611328,-5.053682327270508,7.718185770499986e-06,-7.073853339534253e-06,12
lipschitz-s144,/cephfs/home/mkairov/gradim/energy_shaping/runs/mix-N8-K2V2-V62_1M/energygradmem_llama_L4H4D256_mem8_K2_ilr0.4_energy_lip0.003_L5_grad_second_stepalign0.1_iread0.1_bs_64_lr_1e-04_b10.9_b20.98_fp32_init_plateau/run_2/checkpoint-166000,2,4,1.0,1.5,153.98629760742188,-9.84761905670166,4.182049906376051e-06,-1.0609989658405539e-05,12
lipschitz-s144,/cephfs/home/mkairov/gradim/energy_shaping/runs/mix-N8-K2V2-V62_1M/energygradmem_llama_L4H4D256_mem8_K2_ilr0.4_energy_lip0.003_L5_grad_second_stepalign0.1_iread0.1_bs_64_lr_1e-04_b10.9_b20.98_fp32_init_plateau/run_2/checkpoint-166000,2,4,1.5,1.5,149.4782257080078,-14.355671882629395,2.535595285735326e-06,-1.2256444279046264e-05,12
lipschitz-s144,/cephfs/home/mkairov/gradim/energy_shaping/runs/mix-N8-K2V2-V62_1M/energygradmem_llama_L4H4D256_mem8_K2_ilr0.4_energy_lip0.003_L5_grad_second_stepalign0.1_iread0.1_bs_64_lr_1e-04_b10.9_b20.98_fp32_init_plateau/run_2/checkpoint-166000,2,4,2.0,1.5,145.24876403808594,-18.58515739440918,1.6639260138617828e-06,-1.3128112186677754e-05,12
lipschitz-s144,/cephfs/home/mkairov/gradim/energy_shaping/runs/mix-N8-K2V2-V62_1M/energygradmem_llama_L4H4D256_mem8_K2_ilr0.4_energy_lip0.003_L5_grad_second_stepalign0.1_iread0.1_bs_64_lr_1e-04_b10.9_b20.98_fp32_init_plateau/run_2/checkpoint-166000,2,4,2.5,1.5,141.28701782226562,-22.546892166137695,1.1573072242754279e-06,-1.3634732567879837e-05,12
lipschitz-s144,/cephfs/home/mkairov/gradim/energy_shaping/runs/mix-N8-K2V2-V62_1M/energygradmem_llama_L4H4D256_mem8_K2_ilr0.4_energy_lip0.003_L5_grad_second_stepalign0.1_iread0.1_bs_64_lr_1e-04_b10.9_b20.98_fp32_init_plateau/run_2/checkpoint-166000,2,4,3.0,1.5,137.5798797607422,-26.254037857055664,8.493589120917022e-07,-1.3942680197942536e-05,12
lipschitz-s144,/cephfs/home/mkairov/gradim/energy_shaping/runs/mix-N8-K2V2-V62_1M/energygradmem_llama_L4H4D256_mem8_K2_ilr0.4_energy_lip0.003_L5_grad_second_stepalign0.1_iread0.1_bs_64_lr_1e-04_b10.9_b20.98_fp32_init_plateau/run_2/checkpoint-166000,2,4,-3.0,2.0,200.5256805419922,36.6917610168457,0.008410967886447906,0.008396175689995289,12
lipschitz-s144,/cephfs/home/mkairov/gradim/energy_shaping/runs/mix-N8-K2V2-V62_1M/energygradmem_llama_L4H4D256_mem8_K2_ilr0.4_energy_lip0.003_L5_grad_second_stepalign0.1_iread0.1_bs_64_lr_1e-04_b10.9_b20.98_fp32_init_plateau/run_2/checkpoint-166000,2,4,-2.5,2.0,193.67100524902344,29.837114334106445,0.0032293181866407394,0.0032145262230187654,12
lipschitz-s144,/cephfs/home/mkairov/gradim/energy_shaping/runs/mix-N8-K2V2-V62_1M/energygradmem_llama_L4H4D256_mem8_K2_ilr0.4_energy_lip0.003_L5_grad_second_stepalign0.1_iread0.1_bs_64_lr_1e-04_b10.9_b20.98_fp32_init_plateau/run_2/checkpoint-166000,2,4,-2.0,2.0,187.12449645996094,23.290578842163086,0.0011163142044097185,0.0011015221243724227,12
lipschitz-s144,/cephfs/home/mkairov/gradim/energy_shaping/runs/mix-N8-K2V2-V62_1M/energygradmem_llama_L4H4D256_mem8_K2_ilr0.4_energy_lip0.003_L5_grad_second_stepalign0.1_iread0.1_bs_64_lr_1e-04_b10.9_b20.98_fp32_init_plateau/run_2/checkpoint-166000,2,4,-1.5,2.0,180.87925720214844,17.04534339904785,0.00036920420825481415,0.0003544121573213488,12
lipschitz-s144,/cephfs/home/mkairov/gradim/energy_shaping/runs/mix-N8-K2V2-V62_1M/energygradmem_llama_L4H4D256_mem8_K2_ilr0.4_energy_lip0.003_L5_grad_second_stepalign0.1_iread0.1_bs_64_lr_1e-04_b10.9_b20.98_fp32_init_plateau/run_2/checkpoint-166000,2,4,-1.0,2.0,174.9271697998047,11.093254089355469,0.00012286189303267747,0.00010806986392708495,12
lipschitz-s144,/cephfs/home/mkairov/gradim/energy_shaping/runs/mix-N8-K2V2-V62_1M/energygradmem_llama_L4H4D256_mem8_K2_ilr0.4_energy_lip0.003_L5_grad_second_stepalign0.1_iread0.1_bs_64_lr_1e-04_b10.9_b20.98_fp32_init_plateau/run_2/checkpoint-166000,2,4,-0.5,2.0,169.2640838623047,5.430185794830322,4.3393756641307846e-05,2.860171844076831e-05,12
lipschitz-s144,/cephfs/home/mkairov/gradim/energy_shaping/runs/mix-N8-K2V2-V62_1M/energygradmem_llama_L4H4D256_mem8_K2_ilr0.4_energy_lip0.003_L5_grad_second_stepalign0.1_iread0.1_bs_64_lr_1e-04_b10.9_b20.98_fp32_init_plateau/run_2/checkpoint-166000,2,4,0.0,2.0,163.89077758789062,0.05686886981129646,1.7235010091098957e-05,2.4429709810647182e-06,12
lipschitz-s144,/cephfs/home/mkairov/gradim/energy_shaping/runs/mix-N8-K2V2-V62_1M/energygradmem_llama_L4H4D256_mem8_K2_ilr0.4_energy_lip0.003_L5_grad_second_stepalign0.1_iread0.1_bs_64_lr_1e-04_b10.9_b20.98_fp32_init_plateau/run_2/checkpoint-166000,2,4,0.5,2.0,158.809326171875,-5.024597644805908,7.993819053808693e-06,-6.798219601478195e-06,12
lipschitz-s144,/cephfs/home/mkairov/gradim/energy_shaping/runs/mix-N8-K2V2-V62_1M/energygradmem_llama_L4H4D256_mem8_K2_ilr0.4_energy_lip0.003_L5_grad_second_stepalign0.1_iread0.1_bs_64_lr_1e-04_b10.9_b20.98_fp32_init_plateau/run_2/checkpoint-166000,2,4,1.0,2.0,154.01844787597656,-9.815445899963379,4.3062159420514945e-06,-1.0485822713235393e-05,12
lipschitz-s144,/cephfs/home/mkairov/gradim/energy_shaping/runs/mix-N8-K2V2-V62_1M/energygradmem_llama_L4H4D256_mem8_K2_ilr0.4_energy_lip0.003_L5_grad_second_stepalign0.1_iread0.1_bs_64_lr_1e-04_b10.9_b20.98_fp32_init_plateau/run_2/checkpoint-166000,2,4,1.5,2.0,149.5133514404297,-14.320560455322266,2.6026464183814824e-06,-1.2189392691652756e-05,12
lipschitz-s144,/cephfs/home/mkairov/gradim/energy_shaping/runs/mix-N8-K2V2-V62_1M/energygradmem_llama_L4H4D256_mem8_K2_ilr0.4_energy_lip0.003_L5_grad_second_stepalign0.1_iread0.1_bs_64_lr_1e-04_b10.9_b20.98_fp32_init_plateau/run_2/checkpoint-166000,2,4,2.0,2.0,145.28668212890625,-18.547225952148438,1.6986936088869697e-06,-1.309334493271308e-05,12
lipschitz-s144,/cephfs/home/mkairov/gradim/energy_shaping/runs/mix-N8-K2V2-V62_1M/energygradmem_llama_L4H4D256_mem8_K2_ilr0.4_energy_lip0.003_L5_grad_second_stepalign0.1_iread0.1_bs_64_lr_1e-04_b10.9_b20.98_fp32_init_plateau/run_2/checkpoint-166000,2,4,2.5,2.0,141.3280487060547,-22.505849838256836,1.1771747949751443e-06,-1.3614863746624906e-05,12
lipschitz-s144,/cephfs/home/mkairov/gradim/energy_shaping/runs/mix-N8-K2V2-V62_1M/energygradmem_llama_L4H4D256_mem8_K2_ilr0.4_energy_lip0.003_L5_grad_second_stepalign0.1_iread0.1_bs_64_lr_1e-04_b10.9_b20.98_fp32_init_plateau/run_2/checkpoint-166000,2,4,3.0,2.0,137.62461853027344,-26.209291458129883,8.592926974415604e-07,-1.393274578731507e-05,12
lipschitz-s144,/cephfs/home/mkairov/gradim/energy_shaping/runs/mix-N8-K2V2-V62_1M/energygradmem_llama_L4H4D256_mem8_K2_ilr0.4_energy_lip0.003_L5_grad_second_stepalign0.1_iread0.1_bs_64_lr_1e-04_b10.9_b20.98_fp32_init_plateau/run_2/checkpoint-166000,2,4,-3.0,2.5,200.54417419433594,36.710269927978516,0.008642704226076603,0.008627912029623985,12
lipschitz-s144,/cephfs/home/mkairov/gradim/energy_shaping/runs/mix-N8-K2V2-V62_1M/energygradmem_llama_L4H4D256_mem8_K2_ilr0.4_energy_lip0.003_L5_grad_second_stepalign0.1_iread0.1_bs_64_lr_1e-04_b10.9_b20.98_fp32_init_plateau/run_2/checkpoint-166000,2,4,-2.5,2.5,193.6912841796875,29.85736846923828,0.0033342186361551285,0.0033194266725331545,12
lipschitz-s144,/cephfs/home/mkairov/gradim/energy_shaping/runs/mix-N8-K2V2-V62_1M/energygradmem_llama_L4H4D256_mem8_K2_ilr0.4_energy_lip0.003_L5_grad_second_stepalign0.1_iread0.1_bs_64_lr_1e-04_b10.9_b20.98_fp32_init_plateau/run_2/checkpoint-166000,2,4,-2.0,2.5,187.14691162109375,23.31300926208496,0.0011564529268071055,0.0011416609631851315,12
lipschitz-s144,/cephfs/home/mkairov/gradim/energy_shaping/runs/mix-N8-K2V2-V62_1M/energygradmem_llama_L4H4D256_mem8_K2_ilr0.4_energy_lip0.003_L5_grad_second_stepalign0.1_iread0.1_bs_64_lr_1e-04_b10.9_b20.98_fp32_init_plateau/run_2/checkpoint-166000,2,4,-1.5,2.5,180.9041748046875,17.070261001586914,0.00038343292544595897,0.0003686408745124936,12
lipschitz-s144,/cephfs/home/mkairov/gradim/energy_shaping/runs/mix-N8-K2V2-V62_1M/energygradmem_llama_L4H4D256_mem8_K2_ilr0.4_energy_lip0.003_L5_grad_second_stepalign0.1_iread0.1_bs_64_lr_1e-04_b10.9_b20.98_fp32_init_plateau/run_2/checkpoint-166000,2,4,-1.0,2.5,174.95494079589844,11.121027946472168,0.00012780437828041613,0.00011301234917482361,12
lipschitz-s144,/cephfs/home/mkairov/gradim/energy_shaping/runs/mix-N8-K2V2-V62_1M/energygradmem_llama_L4H4D256_mem8_K2_ilr0.4_energy_lip0.003_L5_grad_second_stepalign0.1_iread0.1_bs_64_lr_1e-04_b10.9_b20.98_fp32_init_plateau/run_2/checkpoint-166000,2,4,-0.5,2.5,169.2948760986328,5.460952281951904,4.515735781751573e-05,3.0365319616976194e-05,12
lipschitz-s144,/cephfs/home/mkairov/gradim/energy_shaping/runs/mix-N8-K2V2-V62_1M/energygradmem_llama_L4H4D256_mem8_K2_ilr0.4_energy_lip0.003_L5_grad_second_stepalign0.1_iread0.1_bs_64_lr_1e-04_b10.9_b20.98_fp32_init_plateau/run_2/checkpoint-166000,2,4,0.0,2.5,163.92469787597656,0.09078089147806168,1.7915250282385387e-05,3.1232113997248234e-06,12
lipschitz-s144,/cephfs/home/mkairov/gradim/energy_shaping/runs/mix-N8-K2V2-V62_1M/energygradmem_llama_L4H4D256_mem8_K2_ilr0.4_energy_lip0.003_L5_grad_second_stepalign0.1_iread0.1_bs_64_lr_1e-04_b10.9_b20.98_fp32_init_plateau/run_2/checkpoint-166000,2,4,0.5,2.5,158.84645080566406,-4.987464427947998,8.27938401926076e-06,-6.512654636026127e-06,12
lipschitz-s144,/cephfs/home/mkairov/gradim/energy_shaping/runs/mix-N8-K2V2-V62_1M/energygradmem_llama_L4H4D256_mem8_K2_ilr0.4_energy_lip0.003_L5_grad_second_stepalign0.1_iread0.1_bs_64_lr_1e-04_b10.9_b20.98_fp32_init_plateau/run_2/checkpoint-166000,2,4,1.0,2.5,154.0589141845703,-9.774991035461426,4.447765604709275e-06,-1.0344273505324963e-05,12
lipschitz-s144,/cephfs/home/mkairov/gradim/energy_shaping/runs/mix-N8-K2V2-V62_1M/energygradmem_llama_L4H4D256_mem8_K2_ilr0.4_energy_lip0.003_L5_grad_second_stepalign0.1_iread0.1_bs_64_lr_1e-04_b10.9_b20.98_fp32_init_plateau/run_2/checkpoint-166000,2,4,1.5,2.5,149.55706787109375,-14.276839256286621,2.67218092631083e-06,-1.2119858183723409e-05,12
lipschitz-s144,/cephfs/home/mkairov/gradim/energy_shaping/runs/mix-N8-K2V2-V62_1M/energygradmem_llama_L4H4D256_mem8_K2_ilr0.4_energy_lip0.003_L5_grad_second_stepalign0.1_iread0.1_bs_64_lr_1e-04_b10.9_b20.98_fp32_init_plateau/run_2/checkpoint-166000,2,4,2.0,2.5,145.3335418701172,-18.5003719329834,1.7433953871659469e-06,-1.304864326812094e-05,12
lipschitz-s144,/cephfs/home/mkairov/gradim/energy_shaping/runs/mix-N8-K2V2-V62_1M/energygradmem_llama_L4H4D256_mem8_K2_ilr0.4_energy_lip0.003_L5_grad_second_stepalign0.1_iread0.1_bs_64_lr_1e-04_b10.9_b20.98_fp32_init_plateau/run_2/checkpoint-166000,2,4,2.5,2.5,141.37831115722656,-22.455591201782227,1.1995258546448895e-06,-1.3592512004834134e-05,12
lipschitz-s144,/cephfs/home/mkairov/gradim/energy_shaping/runs/mix-N8-K2V2-V62_1M/energygradmem_llama_L4H4D256_mem8_K2_ilr0.4_energy_lip0.003_L5_grad_second_stepalign0.1_iread0.1_bs_64_lr_1e-04_b10.9_b20.98_fp32_init_plateau/run_2/checkpoint-166000,2,4,3.0,2.5,137.67889404296875,-26.15502166748047,8.692265396348375e-07,-1.3922811376687605e-05,12
lipschitz-s144,/cephfs/home/mkairov/gradim/energy_shaping/runs/mix-N8-K2V2-V62_1M/energygradmem_llama_L4H4D256_mem8_K2_ilr0.4_energy_lip0.003_L5_grad_second_stepalign0.1_iread0.1_bs_64_lr_1e-04_b10.9_b20.98_fp32_init_plateau/run_2/checkpoint-166000,2,4,-3.0,3.0,200.57032775878906,36.736412048339844,0.008879306726157665,0.008864514529705048,12
lipschitz-s144,/cephfs/home/mkairov/gradim/energy_shaping/runs/mix-N8-K2V2-V62_1M/energygradmem_llama_L4H4D256_mem8_K2_ilr0.4_energy_lip0.003_L5_grad_second_stepalign0.1_iread0.1_bs_64_lr_1e-04_b10.9_b20.98_fp32_init_plateau/run_2/checkpoint-166000,2,4,-2.5,3.0,193.71913146972656,29.88521385192871,0.00344189559109509,0.0034271038603037596,12
lipschitz-s144,/cephfs/home/mkairov/gradim/energy_shaping/runs/mix-N8-K2V2-V62_1M/energygradmem_llama_L4H4D256_mem8_K2_ilr0.4_energy_lip0.003_L5_grad_second_stepalign0.1_iread0.1_bs_64_lr_1e-04_b10.9_b20.98_fp32_init_plateau/run_2/checkpoint-166000,2,4,-2.0,3.0,187.1769561767578,23.34303855895996,0.001197801437228918,0.001183009473606944,12
lipschitz-s144,/cephfs/home/mkairov/gradim/energy_shaping/runs/mix-N8-K2V2-V62_1M/energygradmem_llama_L4H4D256_mem8_K2_ilr0.4_energy_lip0.003_L5_grad_second_stepalign0.1_iread0.1_bs_64_lr_1e-04_b10.9_b20.98_fp32_init_plateau/run_2/checkpoint-166000,2,4,-1.5,3.0,180.936767578125,17.102872848510742,0.0003981226764153689,0.0003833305963780731,12
lipschitz-s144,/cephfs/home/mkairov/gradim/energy_shaping/runs/mix-N8-K2V2-V62_1M/energygradmem_llama_L4H4D256_mem8_K2_ilr0.4_energy_lip0.003_L5_grad_second_stepalign0.1_iread0.1_bs_64_lr_1e-04_b10.9_b20.98_fp32_init_plateau/run_2/checkpoint-166000,2,4,-1.0,3.0,174.9904022216797,11.156498908996582,0.00013293145457282662,0.0001181394254672341,12
lipschitz-s144,/cephfs/home/mkairov/gradim/energy_shaping/runs/mix-N8-K2V2-V62_1M/energygradmem_llama_L4H4D256_mem8_K2_ilr0.4_energy_lip0.003_L5_grad_second_stepalign0.1_iread0.1_bs_64_lr_1e-04_b10.9_b20.98_fp32_init_plateau/run_2/checkpoint-166000,2,4,-0.5,3.0,169.3334503173828,5.499533176422119,4.699776764027774e-05,3.220573125872761e-05,12
lipschitz-s144,/cephfs/home/mkairov/gradim/energy_shaping/runs/mix-N8-K2V2-V62_1M/energygradmem_llama_L4H4D256_mem8_K2_ilr0.4_energy_lip0.003_L5_grad_second_stepalign0.1_iread0.1_bs_64_lr_1e-04_b10.9_b20.98_fp32_init_plateau/run_2/checkpoint-166000,2,4,0.0,3.0,163.966552734375,0.1326465606689453,1.861782766354736e-05,3.825787189271068e-06,12
lipschitz-s144,/cephfs/home/mkairov/gradim/energy_shaping/runs/mix-N8-K2V2-V62_1M/energygradmem_llama_L4H4D256_mem8_K2_ilr0.4_energy_lip0.003_L5_grad_second_stepalign0.1_iread0.1_bs_64_lr_1e-04_b10.9_b20.98_fp32_init_plateau/run_2/checkpoint-166000,2,4,0.5,3.0,158.8917999267578,-4.942119121551514,8.577365406381432e-06,-6.214673703652807e-06,12
lipschitz-s144,/cephfs/home/mkairov/gradim/energy_shaping/runs/mix-N8-K2V2-V62_1M/energygradmem_llama_L4H4D256_mem8_K2_ilr0.4_energy_lip0.003_L5_grad_second_stepalign0.1_iread0.1_bs_64_lr_1e-04_b10.9_b20.98_fp32_init_plateau/run_2/checkpoint-166000,2,4,1.0,3.0,154.10777282714844,-9.726127624511719,4.586831437336514e-06,-1.0205207217950374e-05,12
lipschitz-s144,/cephfs/home/mkairov/gradim/energy_shaping/runs/mix-N8-K2V2-V62_1M/energygradmem_llama_L4H4D256_mem8_K2_ilr0.4_energy_lip0.003_L5_grad_second_stepalign0.1_iread0.1_bs_64_lr_1e-04_b10.9_b20.98_fp32_init_plateau/run_2/checkpoint-166000,2,4,1.5,3.0,149.609375,-14.224533081054688,2.7466824121802347e-06,-1.2045356015732978e-05,12
lipschitz-s144,/cephfs/home/mkairov/gradim/energy_shaping/runs/mix-N8-K2V2-V62_1M/energygradmem_llama_L4H4D256_mem8_K2_ilr0.4_energy_lip0.003_L5_grad_second_stepalign0.1_iread0.1_bs_64_lr_1e-04_b10.9_b20.98_fp32_init_plateau/run_2/checkpoint-166000,2,4,2.0,3.0,145.38926696777344,-18.444644927978516,1.7806465848480002e-06,-1.3011391274631023e-05,12
lipschitz-s144,/cephfs/home/mkairov/gradim/energy_shaping/runs/mix-N8-K2V2-V62_1M/energygradmem_llama_L4H4D256_mem8_K2_ilr0.4_energy_lip0.003_L5_grad_second_stepalign0.1_iread0.1_bs_64_lr_1e-04_b10.9_b20.98_fp32_init_plateau/run_2/checkpoint-166000,2,4,2.5,3.0,141.43772888183594,-22.396196365356445,1.2243602895978256e-06,-1.3567678252002224e-05,12
lipschitz-s144,/cephfs/home/mkairov/gradim/energy_shaping/runs/mix-N8-K2V2-V62_1M/energygradmem_llama_L4H4D256_mem8_K2_ilr0.4_energy_lip0.003_L5_grad_second_stepalign0.1_iread0.1_bs_64_lr_1e-04_b10.9_b20.98_fp32_init_plateau/run_2/checkpoint-166000,2,4,3.0,3.0,137.7425994873047,-26.0913028717041,8.816438707981433e-07,-1.3910394045524299e-05,12
lipschitz-s144,/cephfs/home/mkairov/gradim/energy_shaping/runs/mix-N8-K2V2-V62_1M/energygradmem_llama_L4H4D256_mem8_K2_ilr0.4_energy_lip0.003_L5_grad_second_stepalign0.1_iread0.1_bs_64_lr_1e-04_b10.9_b20.98_fp32_init_plateau/run_2/checkpoint-166000,4,8,-3.0,-3.0,208.15234375,54.212772369384766,0.010876134969294071,0.010872304439544678,12
lipschitz-s144,/cephfs/home/mkairov/gradim/energy_shaping/runs/mix-N8-K2V2-V62_1M/energygradmem_llama_L4H4D256_mem8_K2_ilr0.4_energy_lip0.003_L5_grad_second_stepalign0.1_iread0.1_bs_64_lr_1e-04_b10.9_b20.98_fp32_init_plateau/run_2/checkpoint-166000,4,8,-2.5,-3.0,198.5952911376953,44.65571975708008,0.0027187943924218416,0.0027149624656885862,12
lipschitz-s144,/cephfs/home/mkairov/gradim/energy_shaping/runs/mix-N8-K2V2-V62_1M/energygradmem_llama_L4H4D256_mem8_K2_ilr0.4_energy_lip0.003_L5_grad_second_stepalign0.1_iread0.1_bs_64_lr_1e-04_b10.9_b20.98_fp32_init_plateau/run_2/checkpoint-166000,4,8,-2.0,-3.0,189.37286376953125,35.43330383300781,0.0005659435410052538,0.0005621116142719984,12
lipschitz-s144,/cephfs/home/mkairov/gradim/energy_shaping/runs/mix-N8-K2V2-V62_1M/energygradmem_llama_L4H4D256_mem8_K2_ilr0.4_energy_lip0.003_L5_grad_second_stepalign0.1_iread0.1_bs_64_lr_1e-04_b10.9_b20.98_fp32_init_plateau/run_2/checkpoint-166000,4,8,-1.5,-3.0,180.45648193359375,26.516942977905273,0.00011933833593502641,0.00011550643102964386,12
lipschitz-s144,/cephfs/home/mkairov/gradim/energy_shaping/runs/mix-N8-K2V2-V62_1M/energygradmem_llama_L4H4D256_mem8_K2_ilr0.4_energy_lip0.003_L5_grad_second_stepalign0.1_iread0.1_bs_64_lr_1e-04_b10.9_b20.98_fp32_init_plateau/run_2/checkpoint-166000,4,8,-1.0,-3.0,171.758056640625,17.818496704101562,2.9570956030511297e-05,2.573905476310756e-05,12
lipschitz-s144,/cephfs/home/mkairov/gradim/energy_shaping/runs/mix-N8-K2V2-V62_1M/energygradmem_llama_L4H4D256_mem8_K2_ilr0.4_energy_lip0.003_L5_grad_second_stepalign0.1_iread0.1_bs_64_lr_1e-04_b10.9_b20.98_fp32_init_plateau/run_2/checkpoint-166000,4,8,-0.5,-3.0,163.1647491455078,9.225183486938477,9.304992090619635e-06,5.4730894589738455e-06,12
lipschitz-s144,/cephfs/home/mkairov/gradim/energy_shaping/runs/mix-N8-K2V2-V62_1M/energygradmem_llama_L4H4D256_mem8_K2_ilr0.4_energy_lip0.003_L5_grad_second_stepalign0.1_iread0.1_bs_64_lr_1e-04_b10.9_b20.98_fp32_init_plateau/run_2/checkpoint-166000,4,8,0.0,-3.0,154.5902099609375,0.6506538391113281,3.6953251765226014e-06,-1.365770998518201e-07,12
lipschitz-s144,/cephfs/home/mkairov/gradim/energy_shaping/runs/mix-N8-K2V2-V62_1M/energygradmem_llama_L4H4D256_mem8_K2_ilr0.4_energy_lip0.003_L5_grad_second_stepalign0.1_iread0.1_bs_64_lr_1e-04_b10.9_b20.98_fp32_init_plateau/run_2/checkpoint-166000,4,8,0.5,-3.0,145.9137725830078,-8.025788307189941,1.7682300494925585e-06,-2.0636723547795555e-06,12
lipschitz-s144,/cephfs/home/mkairov/gradim/energy_shaping/runs/mix-N8-K2V2-V62_1M/energygradmem_llama_L4H4D256_mem8_K2_ilr0.4_energy_lip0.003_L5_grad_second_stepalign0.1_iread0.1_bs_64_lr_1e-04_b10.9_b20.98_fp32_init_plateau/run_2/checkpoint-166000,4,8,1.0,-3.0,136.91490173339844,-17.024654388427734,9.80982349574333e-07,-2.850920054697781e-06,12
lipschitz-s144,/cephfs/home/mkairov/gradim/energy_shaping/runs/mix-N8-K2V2-V62_1M/energygradmem_llama_L4H4D256_mem8_K2_ilr0.4_energy_lip0.003_L5_grad_second_stepalign0.1_iread0.1_bs_64_lr_1e-04_b10.9_b20.98_fp32_init_plateau/run_2/checkpoint-166000,4,8,1.5,-3.0,130.70828247070312,-23.231277465820312,6.084612209633633e-07,-3.2234408990916563e-06,12
lipschitz-s144,/cephfs/home/mkairov/gradim/energy_shaping/runs/mix-N8-K2V2-V62_1M/energygradmem_llama_L4H4D256_mem8_K2_ilr0.4_energy_lip0.003_L5_grad_second_stepalign0.1_iread0.1_bs_64_lr_1e-04_b10.9_b20.98_fp32_init_plateau/run_2/checkpoint-166000,4,8,2.0,-3.0,129.7621307373047,-24.177419662475586,4.2716578718682285e-07,-3.4047363897116156e-06,12
lipschitz-s144,/cephfs/home/mkairov/gradim/energy_shaping/runs/mix-N8-K2V2-V62_1M/energygradmem_llama_L4H4D256_mem8_K2_ilr0.4_energy_lip0.003_L5_grad_second_stepalign0.1_iread0.1_bs_64_lr_1e-04_b10.9_b20.98_fp32_init_plateau/run_2/checkpoint-166000,4,8,2.5,-3.0,134.9817352294922,-18.957822799682617,3.4024287742795423e-07,-3.4916592994704843e-06,12
lipschitz-s144,/cephfs/home/mkairov/gradim/energy_shaping/runs/mix-N8-K2V2-V62_1M/energygradmem_llama_L4H4D256_mem8_K2_ilr0.4_energy_lip0.003_L5_grad_second_stepalign0.1_iread0.1_bs_64_lr_1e-04_b10.9_b20.98_fp32_init_plateau/run_2/checkpoint-166000,4,8,3.0,-3.0,145.4982452392578,-8.441302299499512,3.0299011655188224e-07,-3.5289122024551034e-06,12
lipschitz-s144,/cephfs/home/mkairov/gradim/energy_shaping/runs/mix-N8-K2V2-V62_1M/energygradmem_llama_L4H4D256_mem8_K2_ilr0.4_energy_lip0.003_L5_grad_second_stepalign0.1_iread0.1_bs_64_lr_1e-04_b10.9_b20.98_fp32_init_plateau/run_2/checkpoint-166000,4,8,-3.0,-2.5,207.9942626953125,54.05470275878906,0.011459202505648136,0.011455371044576168,12
lipschitz-s144,/cephfs/home/mkairov/gradim/energy_shaping/runs/mix-N8-K2V2-V62_1M/energygradmem_llama_L4H4D256_mem8_K2_ilr0.4_energy_lip0.003_L5_grad_second_stepalign0.1_iread0.1_bs_64_lr_1e-04_b10.9_b20.98_fp32_init_plateau/run_2/checkpoint-166000,4,8,-2.5,-2.5,198.4345245361328,44.494964599609375,0.002903602086007595,0.0028997703921049833,12
lipschitz-s144,/cephfs/home/mkairov/gradim/energy_shaping/runs/mix-N8-K2V2-V62_1M/energygradmem_llama_L4H4D256_mem8_K2_ilr0.4_energy_lip0.003_L5_grad_second_stepalign0.1_iread0.1_bs_64_lr_1e-04_b10.9_b20.98_fp32_init_plateau/run_2/checkpoint-166000,4,8,-2.0,-2.5,189.2093048095703,35.2697639465332,0.0006040605367161334,0.000600228609982878,12
lipschitz-s144,/cephfs/home/mkairov/gradim/energy_shaping/runs/mix-N8-K2V2-V62_1M/energygradmem_llama_L4H4D256_mem8_K2_ilr0.4_energy_lip0.003_L5_grad_second_stepalign0.1_iread0.1_bs_64_lr_1e-04_b10.9_b20.98_fp32_init_plateau/run_2/checkpoint-166000,4,8,-1.5,-2.5,180.28892517089844,26.34937858581543,0.00012531675747595727,0.00012148485984653234,12
lipschitz-s144,/cephfs/home/mkairov/gradim/energy_shaping/runs/mix-N8-K2V2-V62_1M/energygradmem_llama_L4H4D256_mem8_K2_ilr0.4_energy_lip0.003_L5_grad_second_stepalign0.1_iread0.1_bs_64_lr_1e-04_b10.9_b20.98_fp32_init_plateau/run_2/checkpoint-166000,4,8,-1.0,-2.5,171.5841064453125,17.644548416137695,3.0195993531378917e-05,2.6364090444985777e-05,12
lipschitz-s144,/cephfs/home/mkairov/gradim/energy_shaping/runs/mix-N8-K2V2-V62_1M/energygradmem_llama_L4H4D256_mem8_K2_ilr0.4_energy_lip0.003_L5_grad_second_stepalign0.1_iread0.1_bs_64_lr_1e-04_b10.9_b20.98_fp32_init_plateau/run_2/checkpoint-166000,4,8,-0.5,-2.5,162.98153686523438,9.041979789733887,9.307458640250843e-06,5.475556008605054e-06,12
lipschitz-s144,/cephfs/home/mkairov/gradim/energy_shaping/runs/mix-N8-K2V2-V62_1M/energygradmem_llama_L4H4D256_mem8_K2_ilr0.4_energy_lip0.003_L5_grad_second_stepalign0.1_iread0.1_bs_64_lr_1e-04_b10.9_b20.98_fp32_init_plateau/run_2/checkpoint-166000,4,8,0.0,-2.5,154.39146423339844,0.4519081115722656,3.6680055472970707e-06,-1.6389664381222246e-07,12
lipschitz-s144,/cephfs/home/mkairov/gradim/energy_shaping/runs/mix-N8-K2V2-V62_1M/energygradmem_llama_L4H4D256_mem8_K2_ilr0.4_energy_lip0.003_L5_grad_second_stepalign0.1_iread0.1_bs_64_lr_1e-04_b10.9_b20.98_fp32_init_plateau/run_2/checkpoint-166000,4,8,0.5,-2.5,145.6914520263672,-8.248099327087402,1.7607794688956346e-06,-2.0711229353764793e-06,12
lipschitz-s144,/cephfs/home/mkairov/gradim/energy_shaping/runs/mix-N8-K2V2-V62_1M/energygradmem_llama_L4H4D256_mem8_K2_ilr0.4_energy_lip0.003_L5_grad_second_stepalign0.1_iread0.1_bs_64_lr_1e-04_b10.9_b20.98_fp32_init_plateau/run_2/checkpoint-166000,4,8,1.0,-2.5,136.6566925048828,-17.282835006713867,9.735317689774092e-07,-2.8583706352947047e-06,12
lipschitz-s144,/cephfs/home/mkairov/gradim/energy_shaping/runs/mix-N8-K2V2-V62_1M/energygradmem_llama_L4H4D256_mem8_K2_ilr0.4_energy_lip0.003_L5_grad_second_stepalign0.1_iread0.1_bs_64_lr_1e-04_b10.9_b20.98_fp32_init_plateau/run_2/checkpoint-166000,4,8,1.5,-2.5,130.40330505371094,-23.5362491607666,6.084612209633633e-07,-3.2234411264653318e-06,12
lipschitz-s144,/cephfs/home/mkairov/gradim/energy_shaping/runs/mix-N8-K2V2-V62_1M/energygradmem_llama_L4H4D256_mem8_K2_ilr0.4_energy_lip0.003_L5_grad_second_stepalign0.1_iread0.1_bs_64_lr_1e-04_b10.9_b20.98_fp32_init_plateau/run_2/checkpoint-166000,4,8,2.0,-2.5,129.362060546875,-24.57749366760254,4.2716578718682285e-07,-3.4047363897116156e-06,12
lipschitz-s144,/cephfs/home/mkairov/gradim/energy_shaping/runs/mix-N8-K2V2-V62_1M/energygradmem_llama_L4H4D256_mem8_K2_ilr0.4_energy_lip0.003_L5_grad_second_stepalign0.1_iread0.1_bs_64_lr_1e-04_b10.9_b20.98_fp32_init_plateau/run_2/checkpoint-166000,4,8,2.5,-2.5,134.3801727294922,-19.55939483642578,3.377593600362161e-07,-3.4941429021273507e-06,12
lipschitz-s144,/cephfs/home/mkairov/gradim/energy_shaping/runs/mix-N8-K2V2-V62_1M/energygradmem_llama_L4H4D256_mem8_K2_ilr0.4_energy_lip0.003_L5_grad_second_stepalign0.1_iread0.1_bs_64_lr_1e-04_b10.9_b20.98_fp32_init_plateau/run_2/checkpoint-166000,4,8,3.0,-2.5,144.76817321777344,-9.17138385772705,3.0299011655188224e-07,-3.5289122024551034e-06,12
lipschitz-s144,/cephfs/home/mkairov/gradim/energy_shaping/runs/mix-N8-K2V2-V62_1M/energygradmem_llama_L4H4D256_mem8_K2_ilr0.4_energy_lip0.003_L5_grad_second_stepalign0.1_iread0.1_bs_64_lr_1e-04_b10.9_b20.98_fp32_init_plateau/run_2/checkpoint-166000,4,8,-3.0,-2.0,207.8603973388672,53.92083740234375,0.012084816582500935,0.012080985121428967,12
lipschitz-s144,/cephfs/home/mkairov/gradim/energy_shaping/runs/mix-N8-K2V2-V62_1M/energygradmem_llama_L4H4D256_mem8_K2_ilr0.4_energy_lip0.003_L5_grad_second_stepalign0.1_iread0.1_bs_64_lr_1e-04_b10.9_b20.98_fp32_init_plateau/run_2/checkpoint-166000,4,8,-2.5,-2.0,198.29901123046875,44.35945510864258,0.003107147291302681,0.0031033155974000692,12
lipschitz-s144,/cephfs/home/mkairov/gradim/energy_shaping/runs/mix-N8-K2V2-V62_1M/energygradmem_llama_L4H4D256_mem8_K2_ilr0.4_energy_lip0.003_L5_grad_second_stepalign0.1_iread0.1_bs_64_lr_1e-04_b10.9_b20.98_fp32_init_plateau/run_2/checkpoint-166000,4,8,-2.0,-2.0,189.0724334716797,35.13286209106445,0.0006471602828241885,0.0006433283560909331,12
lipschitz-s144,/cephfs/home/mkairov/gradim/energy_shaping/runs/mix-N8-K2V2-V62_1M/energygradmem_llama_L4H4D256_mem8_K2_ilr0.4_energy_lip0.003_L5_grad_second_stepalign0.1_iread0.1_bs_64_lr_1e-04_b10.9_b20.98_fp32_init_plateau/run_2/checkpoint-166000,4,8,-1.5,-2.0,180.1494903564453,26.20993995666504,0.00013245554873719811,0.00012862363655585796,12
lipschitz-s144,/cephfs/home/mkairov/gradim/energy_shaping/runs/mix-N8-K2V2-V62_1M/energygradmem_llama_L4H4D256_mem8_K2_ilr0.4_energy_lip0.003_L5_grad_second_stepalign0.1_iread0.1_bs_64_lr_1e-04_b10.9_b20.98_fp32_init_plateau/run_2/checkpoint-166000,4,8,-1.0,-2.0,171.44044494628906,17.500898361206055,3.1118815968511626e-05,2.7286912882118486e-05,12
lipschitz-s144,/cephfs/home/mkairov/gradim/energy_shaping/runs/mix-N8-K2V2-V62_1M/energygradmem_llama_L4H4D256_mem8_K2_ilr0.4_energy_lip0.003_L5_grad_second_stepalign0.1_iread0.1_bs_64_lr_1e-04_b10.9_b20.98_fp32_init_plateau/run_2/checkpoint-166000,4,8,-0.5,-2.0,162.8316650390625,8.892107009887695,9.374483852297999e-06,5.54258122065221e-06,12
lipschitz-s144,/cephfs/home/mkairov/gradim/energy_shaping/runs/mix-N8-K2V2-V62_1M/energygradmem_llama_L4H4D256_mem8_K2_ilr0.4_energy_lip0.003_L5_grad_second_stepalign0.1_iread0.1_bs_64_lr_1e-04_b10.9_b20.98_fp32_init_plateau/run_2/checkpoint-166000,4,8,0.0,-2.0,154.23004150390625,0.29049745202064514,3.670487558338209e-06,-1.614147748796313e-07,12
lipschitz-s144,/cephfs/home/mkairov/gradim/energy_shaping/runs/mix-N8-K2V2-V62_1M/energygradmem_llama_L4H4D256_mem8_K2_ilr0.4_energy_lip0.003_L5_grad_second_stepalign0.1_iread0.1_bs_64_lr_1e-04_b10.9_b20.98_fp32_init_plateau/run_2/checkpoint-166000,4,8,0.5,-2.0,145.5121612548828,-8.427389144897461,1.7582956388650928e-06,-2.073606765407021e-06,12
lipschitz-s144,/cephfs/home/mkairov/gradim/energy_shaping/runs/mix-N8-K2V2-V62_1M/energygradmem_llama_L4H4D256_mem8_K2_ilr0.4_energy_lip0.003_L5_grad_second_stepalign0.1_iread0.1_bs_64_lr_1e-04_b10.9_b20.98_fp32_init_plateau/run_2/checkpoint-166000,4,8,1.0,-2.0,136.45057678222656,-17.488985061645508,9.76015257947438e-07,-2.8558870326378383e-06,12
lipschitz-s144,/cephfs/home/mkairov/gradim/energy_shaping/runs/mix-N8-K2V2-V62_1M/energygradmem_llama_L4H4D256_mem8_K2_ilr0.4_energy_lip0.003_L5_grad_second_stepalign0.1_iread0.1_bs_64_lr_1e-04_b10.9_b20.98_fp32_init_plateau/run_2/checkpoint-166000,4,8,1.5,-2.0,130.16241455078125,-23.777124404907227,6.109447667768109e-07,-3.2209575238084653e-06,12
lipschitz-s144,/cephfs/home/mkairov/gradim/energy_shaping/runs/mix-N8-K2V2-V62_1M/energygradmem_llama_L4H4D256_mem8_K2_ilr0.4_energy_lip0.003_L5_grad_second_stepalign0.1_iread0.1_bs_64_lr_1e-04_b10.9_b20.98_fp32_init_plateau/run_2/checkpoint-166000,4,8,2.0,-2.0,129.04806518554688,-24.891481399536133,4.2468229821679415e-07,-3.407219992368482e-06,12
lipschitz-s144,/cephfs/home/mkairov/gradim/energy_shaping/runs/mix-N8-K2V2-V62_1M/energygradmem_llama_L4H4D256_mem8_K2_ilr0.4_energy_lip0.003_L5_grad_second_stepalign0.1_iread0.1_bs_64_lr_1e-04_b10.9_b20.98_fp32_init_plateau/run_2/checkpoint-166000,4,8,2.5,-2.0,133.87635803222656,-20.063194274902344,3.3527581422276853e-07,-3.4966262774105417e-06,12
lipschitz-s144,/cephfs/home/mkairov/gradim/energy_shaping/runs/mix-N8-K2V2-V62_1M/energygradmem_llama_L4H4D256_mem8_K2_ilr0.4_energy_lip0.003_L5_grad_second_stepalign0.1_iread0.1_bs_64_lr_1e-04_b10.9_b20.98_fp32_init_plateau/run_2/checkpoint-166000,4,8,3.0,-2.0,144.1449432373047,-9.7946195602417,3.0547363394362037e-07,-3.526428599798237e-06,12
lipschitz-s144,/cephfs/home/mkairov/gradim/energy_shaping/runs/mix-N8-K2V2-V62_1M/energygradmem_llama_L4H4D256_mem8_K2_ilr0.4_energy_lip0.003_L5_grad_second_stepalign0.1_iread0.1_bs_64_lr_1e-04_b10.9_b20.98_fp32_init_plateau/run_2/checkpoint-166000,4,8,-3.0,-1.5,207.74986267089844,53.810302734375,0.01275496557354927,0.012751133181154728,12
lipschitz-s144,/cephfs/home/mkairov/gradim/energy_shaping/runs/mix-N8-K2V2-V62_1M/energygradmem_llama_L4H4D256_mem8_K2_ilr0.4_energy_lip0.003_L5_grad_second_stepalign0.1_iread0.1_bs_64_lr_1e-04_b10.9_b20.98_fp32_init_plateau/run_2/checkpoint-166000,4,8,-2.5,-1.5,198.1880340576172,44.24845504760742,0.003330717794597149,0.003326886100694537,12
lipschitz-s144,/cephfs/home/mkairov/gradim/energy_shaping/runs/mix-N8-K2V2-V62_1M/energygradmem_llama_L4H4D256_mem8_K2_ilr0.4_energy_lip0.003_L5_grad_second_stepalign0.1_iread0.1_bs_64_lr_1e-04_b10.9_b20.98_fp32_init_plateau/run_2/checkpoint-166000,4,8,-2.0,-1.5,188.9612274169922,35.02166748046875,0.0006955759599804878,0.0006917440332472324,12
lipschitz-s144,/cephfs/home/mkairov/gradim/energy_shaping/runs/mix-N8-K2V2-V62_1M/energygradmem_llama_L4H4D256_mem8_K2_ilr0.4_energy_lip0.003_L5_grad_second_stepalign0.1_iread0.1_bs_64_lr_1e-04_b10.9_b20.98_fp32_init_plateau/run_2/checkpoint-166000,4,8,-1.5,-1.5,180.03746032714844,26.097885131835938,0.00014078566164243966,0.00013695376401301473,12
lipschitz-s144,/cephfs/home/mkairov/gradim/energy_shaping/runs/mix-N8-K2V2-V62_1M/energygradmem_llama_L4H4D256_mem8_K2_ilr0.4_energy_lip0.003_L5_grad_second_stepalign0.1_iread0.1_bs_64_lr_1e-04_b10.9_b20.98_fp32_init_plateau/run_2/checkpoint-166000,4,8,-1.0,-1.5,171.3262481689453,17.386690139770508,3.2309588277712464e-05,2.8477685191319324e-05,12
lipschitz-s144,/cephfs/home/mkairov/gradim/energy_shaping/runs/mix-N8-K2V2-V62_1M/energygradmem_llama_L4H4D256_mem8_K2_ilr0.4_energy_lip0.003_L5_grad_second_stepalign0.1_iread0.1_bs_64_lr_1e-04_b10.9_b20.98_fp32_init_plateau/run_2/checkpoint-166000,4,8,-0.5,-1.5,162.71408081054688,8.774524688720703,9.511038115306292e-06,5.679135938407853e-06,12
lipschitz-s144,/cephfs/home/mkairov/gradim/energy_shaping/runs/mix-N8-K2V2-V62_1M/energygradmem_llama_L4H4D256_mem8_K2_ilr0.4_energy_lip0.003_L5_grad_second_stepalign0.1_iread0.1_bs_64_lr_1e-04_b10.9_b20.98_fp32_init_plateau/run_2/checkpoint-166000,4,8,0.0,-1.5,154.10498046875,0.1654389649629593,3.690352968988009e-06,-1.415492221212844e-07,12
lipschitz-s144,/cephfs/home/mkairov/gradim/energy_shaping/runs/mix-N8-K2V2-V62_1M/energygradmem_llama_L4H4D256_mem8_K2_ilr0.4_energy_lip0.003_L5_grad_second_stepalign0.1_iread0.1_bs_64_lr_1e-04_b10.9_b20.98_fp32_init_plateau/run_2/checkpoint-166000,4,8,0.5,-1.5,145.37474060058594,-8.564821243286133,1.7657458784015034e-06,-2.0661564121837728e-06,12
lipschitz-s144,/cephfs/home/mkairov/gradim/energy_shaping/runs/mix-N8-K2V2-V62_1M/energygradmem_llama_L4H4D256_mem8_K2_ilr0.4_energy_lip0.003_L5_grad_second_stepalign0.1_iread0.1_bs_64_lr_1e-04_b10.9_b20.98_fp32_init_plateau/run_2/checkpoint-166000,4,8,1.0,-1.5,136.29493713378906,-17.64461326599121,9.710481663205428e-07,-2.8608540105778957e-06,12
lipschitz-s144,/cephfs/home/mkairov/gradim/energy_shaping/runs/mix-N8-K2V2-V62_1M/energygradmem_llama_L4H4D256_mem8_K2_ilr0.4_energy_lip0.003_L5_grad_second_stepalign0.1_iread0.1_bs_64_lr_1e-04_b10.9_b20.98_fp32_init_plateau/run_2/checkpoint-166000,4,8,1.5,-1.5,129.98321533203125,-23.956335067749023,6.134283125902584e-07,-3.2184741485252744e-06,12
lipschitz-s144,/cephfs/home/mkairov/gradim/energy_shaping/runs/mix-N8-K2V2-V62_1M/energygradmem_llama_L4H4D256_mem8_K2_ilr0.4_energy_lip0.003_L5_grad_second_stepalign0.1_iread0.1_bs_64_lr_1e-04_b10.9_b20.98_fp32_init_plateau/run_2/checkpoint-166000,4,8,2.0,-1.5,128.8138427734375,-25.125722885131836,4.271658156085323e-07,-3.4047363897116156e-06,12
lipschitz-s144,/cephfs/home/mkairov/gradim/energy_shaping/runs/mix-N8-K2V2-V62_1M/energygradmem_llama_L4H4D256_mem8_K2_ilr0.4_energy_lip0.003_L5_grad_second_stepalign0.1_iread0.1_bs_64_lr_1e-04_b10.9_b20.98_fp32_init_plateau/run_2/checkpoint-166000,4,8,2.5,-1.5,133.4709930419922,-20.468557357788086,3.3527581422276853e-07,-3.4966262774105417e-06,12
lipschitz-s144,/cephfs/home/mkairov/gradim/energy_shaping/runs/mix-N8-K2V2-V62_1M/energygradmem_llama_L4H4D256_mem8_K2_ilr0.4_energy_lip0.003_L5_grad_second_stepalign0.1_iread0.1_bs_64_lr_1e-04_b10.9_b20.98_fp32_init_plateau/run_2/checkpoint-166000,4,8,3.0,-1.5,143.6251678466797,-10.314390182495117,2.9802305334669654e-07,-3.533879180395161e-06,12
lipschitz-s144,/cephfs/home/mkairov/gradim/energy_shaping/runs/mix-N8-K2V2-V62_1M/energygradmem_llama_L4H4D256_mem8_K2_ilr0.4_energy_lip0.003_L5_grad_second_stepalign0.1_iread0.1_bs_64_lr_1e-04_b10.9_b20.98_fp32_init_plateau/run_2/checkpoint-166000,4,8,-3.0,-1.0,207.66200256347656,53.72245407104492,0.013472038321197033,0.01346820592880249,12
lipschitz-s144,/cephfs/home/mkairov/gradim/energy_shaping/runs/mix-N8-K2V2-V62_1M/energygradmem_llama_L4H4D256_mem8_K2_ilr0.4_energy_lip0.003_L5_grad_second_stepalign0.1_iread0.1_bs_64_lr_1e-04_b10.9_b20.98_fp32_init_plateau/run_2/checkpoint-166000,4,8,-2.5,-1.0,198.1008758544922,44.16133499145508,0.0035757131408900023,0.003571881214156747,12
lipschitz-s144,/cephfs/home/mkairov/gradim/energy_shaping/runs/mix-N8-K2V2-V62_1M/energygradmem_llama_L4H4D256_mem8_K2_ilr0.4_energy_lip0.003_L5_grad_second_stepalign0.1_iread0.1_bs_64_lr_1e-04_b10.9_b20.98_fp32_init_plateau/run_2/checkpoint-166000,4,8,-2.0,-1.0,188.87510681152344,34.935543060302734,0.0007497468031942844,0.000745914876461029,12
lipschitz-s144,/cephfs/home/mkairov/gradim/energy_shaping/runs/mix-N8-K2V2-V62_1M/energygradmem_llama_L4H4D256_mem8_K2_ilr0.4_energy_lip0.003_L5_grad_second_stepalign0.1_iread0.1_bs_64_lr_1e-04_b10.9_b20.98_fp32_init_plateau/run_2/checkpoint-166000,4,8,-1.5,-1.0,179.95201110839844,26.012460708618164,0.0001503898820374161,0.00014655796985607594,12
lipschitz-s144,/cephfs/home/mkairov/gradim/energy_shaping/runs/mix-N8-K2V2-V62_1M/energygradmem_llama_L4H4D256_mem8_K2_ilr0.4_energy_lip0.003_L5_grad_second_stepalign0.1_iread0.1_bs_64_lr_1e-04_b10.9_b20.98_fp32_init_plateau/run_2/checkpoint-166000,4,8,-1.0,-1.0,171.24070739746094,17.301136016845703,3.378317705937661e-05,2.9951275791972876e-05,12
lipschitz-s144,/cephfs/home/mkairov/gradim/energy_shaping/runs/mix-N8-K2V2-V62_1M/energygradmem_llama_L4H4D256_mem8_K2_ilr0.4_energy_lip0.003_L5_grad_second_stepalign0.1_iread0.1_bs_64_lr_1e-04_b10.9_b20.98_fp32_init_plateau/run_2/checkpoint-166000,4,8,-0.5,-1.0,162.6279754638672,8.688435554504395,9.7220863608527e-06,5.89018372920691e-06,12
lipschitz-s144,/cephfs/home/mkairov/gradim/energy_shaping/runs/mix-N8-K2V2-V62_1M/energygradmem_llama_L4H4D256_mem8_K2_ilr0.4_energy_lip0.003_L5_grad_second_stepalign0.1_iread0.1_bs_64_lr_1e-04_b10.9_b20.98_fp32_init_plateau/run_2/checkpoint-166000,4,8,0.0,-1.0,154.01535034179688,0.07579930871725082,3.7251193134579808e-06,-1.0678318318468882e-07,12
lipschitz-s144,/cephfs/home/mkairov/gradim/energy_shaping/runs/mix-N8-K2V2-V62_1M/energygradmem_llama_L4H4D256_mem8_K2_ilr0.4_energy_lip0.003_L5_grad_second_stepalign0.1_iread0.1_bs_64_lr_1e-04_b10.9_b20.98_fp32_init_plateau/run_2/checkpoint-166000,4,8,0.5,-1.0,145.27818298339844,-8.661360740661621,1.768229026311019e-06,-2.0636732642742572e-06,12
lipschitz-s144,/cephfs/home/mkairov/gradim/energy_shaping/runs/mix-N8-K2V2-V62_1M/energygradmem_llama_L4H4D256_mem8_K2_ilr0.4_energy_lip0.003_L5_grad_second_stepalign0.1_iread0.1_bs_64_lr_1e-04_b10.9_b20.98_fp32_init_plateau/run_2/checkpoint-166000,4,8,1.0,-1.0,136.18865966796875,-17.75088882446289,9.784987469174666e-07,-2.853403429980972e-06,12
lipschitz-s144,/cephfs/home/mkairov/gradim/energy_shaping/runs/mix-N8-K2V2-V62_1M/energygradmem_llama_L4H4D256_mem8_K2_ilr0.4_energy_lip0.003_L5_grad_second_stepalign0.1_iread0.1_bs_64_lr_1e-04_b10.9_b20.98_fp32_init_plateau/run_2/checkpoint-166000,4,8,1.5,-1.0,129.8636932373047,-24.075857162475586,6.134282557468396e-07,-3.2184741485252744e-06,12
lipschitz-s144,/cephfs/home/mkairov/gradim/energy_shaping/runs/mix-N8-K2V2-V62_1M/energygradmem_llama_L4H4D256_mem8_K2_ilr0.4_energy_lip0.003_L5_grad_second_stepalign0.1_iread0.1_bs_64_lr_1e-04_b10.9_b20.98_fp32_init_plateau/run_2/checkpoint-166000,4,8,2.0,-1.0,128.6535186767578,-25.286041259765625,4.271658156085323e-07,-3.4047363897116156e-06,12
lipschitz-s144,/cephfs/home/mkairov/gradim/energy_shaping/runs/mix-N8-K2V2-V62_1M/energygradmem_llama_L4H4D256_mem8_K2_ilr0.4_energy_lip0.003_L5_grad_second_stepalign0.1_iread0.1_bs_64_lr_1e-04_b10.9_b20.98_fp32_init_plateau/run_2/checkpoint-166000,4,8,2.5,-1.0,133.16030883789062,-20.779233932495117,3.377593600362161e-07,-3.4941429021273507e-06,12
lipschitz-s144,/cephfs/home/mkairov/gradim/energy_shaping/runs/mix-N8-K2V2-V62_1M/energygradmem_llama_L4H4D256_mem8_K2_ilr0.4_energy_lip0.003_L5_grad_second_stepalign0.1_iread0.1_bs_64_lr_1e-04_b10.9_b20.98_fp32_init_plateau/run_2/checkpoint-166000,4,8,3.0,-1.0,143.2056121826172,-10.733939170837402,3.005065707384347e-07,-3.53139580511197e-06,12
lipschitz-s144,/cephfs/home/mkairov/gradim/energy_shaping/runs/mix-N8-K2V2-V62_1M/energygradmem_llama_L4H4D256_mem8_K2_ilr0.4_energy_lip0.003_L5_grad_second_stepalign0.1_iread0.1_bs_64_lr_1e-04_b10.9_b20.98_fp32_init_plateau/run_2/checkpoint-166000,4,8,-3.0,-0.5,207.5965576171875,53.65701675415039,0.014239463023841381,0.014235630631446838,12
lipschitz-s144,/cephfs/home/mkairov/gradim/energy_shaping/runs/mix-N8-K2V2-V62_1M/energygradmem_llama_L4H4D256_mem8_K2_ilr0.4_energy_lip0.003_L5_grad_second_stepalign0.1_iread0.1_bs_64_lr_1e-04_b10.9_b20.98_fp32_init_plateau/run_2/checkpoint-166000,4,8,-2.5,-0.5,198.037109375,44.097564697265625,0.003844057908281684,0.0038402259815484285,12
lipschitz-s144,/cephfs/home/mkairov/gradim/energy_shaping/runs/mix-N8-K2V2-V62_1M/energygradmem_llama_L4H4D256_mem8_K2_ilr0.4_energy_lip0.003_L5_grad_second_stepalign0.1_iread0.1_bs_64_lr_1e-04_b10.9_b20.98_fp32_init_plateau/run_2/checkpoint-166000,4,8,-2.0,-0.5,188.81358337402344,34.874019622802734,0.0008101825951598585,0.0008063506684266031,12
lipschitz-s144,/cephfs/home/mkairov/gradim/energy_shaping/runs/mix-N8-K2V2-V62_1M/energygradmem_llama_L4H4D256_mem8_K2_ilr0.4_energy_lip0.003_L5_grad_second_stepalign0.1_iread0.1_bs_64_lr_1e-04_b10.9_b20.98_fp32_init_plateau/run_2/checkpoint-166000,4,8,-1.5,-0.5,179.8926239013672,25.953073501586914,0.00016133318422362208,0.00015750130114611238,12
lipschitz-s144,/cephfs/home/mkairov/gradim/energy_shaping/runs/mix-N8-K2V2-V62_1M/energygradmem_llama_L4H4D256_mem8_K2_ilr0.4_energy_lip0.003_L5_grad_second_stepalign0.1_iread0.1_bs_64_lr_1e-04_b10.9_b20.98_fp32_init_plateau/run_2/checkpoint-166000,4,8,-1.0,-0.5,171.1832733154297,17.243701934814453,3.553704300429672e-05,3.170514173689298e-05,12
lipschitz-s144,/cephfs/home/mkairov/gradim/energy_shaping/runs/mix-N8-K2V2-V62_1M/energygradmem_llama_L4H4D256_mem8_K2_ilr0.4_energy_lip0.003_L5_grad_second_stepalign0.1_iread0.1_bs_64_lr_1e-04_b10.9_b20.98_fp32_init_plateau/run_2/checkpoint-166000,4,8,-0.5,-0.5,162.57275390625,8.633198738098145,9.990244507207535e-06,6.158342785056448e-06,12
lipschitz-s144,/cephfs/home/mkairov/gradim/energy_shaping/runs/mix-N8-K2V2-V62_1M/energygradmem_llama_L4H4D256_mem8_K2_ilr0.4_energy_lip0.003_L5_grad_second_stepalign0.1_iread0.1_bs_64_lr_1e-04_b10.9_b20.98_fp32_init_plateau/run_2/checkpoint-166000,4,8,0.0,-0.5,153.96041870117188,0.0208714809268713,3.772302306970232e-06,-5.959985927006528e-08,12
lipschitz-s144,/cephfs/home/mkairov/gradim/energy_shaping/runs/mix-N8-K2V2-V62_1M/energygradmem_llama_L4H4D256_mem8_K2_ilr0.4_energy_lip0.003_L5_grad_second_stepalign0.1_iread0.1_bs_64_lr_1e-04_b10.9_b20.98_fp32_init_plateau/run_2/checkpoint-166000,4,8,0.5,-0.5,145.22169494628906,-8.717856407165527,1.7831295053838403e-06,-2.0487725578277605e-06,12
lipschitz-s144,/cephfs/home/mkairov/gradim/energy_shaping/runs/mix-N8-K2V2-V62_1M/energygradmem_llama_L4H4D256_mem8_K2_ilr0.4_energy_lip0.003_L5_grad_second_stepalign0.1_iread0.1_bs_64_lr_1e-04_b10.9_b20.98_fp32_init_plateau/run_2/checkpoint-166000,4,8,1.0,-0.5,136.13096618652344,-17.8085994720459,9.83465724857524e-07,-2.8484364520409144e-06,12
lipschitz-s144,/cephfs/home/mkairov/gradim/energy_shaping/runs/mix-N8-K2V2-V62_1M/energygradmem_llama_L4H4D256_mem8_K2_ilr0.4_energy_lip0.003_L5_grad_second_stepalign0.1_iread0.1_bs_64_lr_1e-04_b10.9_b20.98_fp32_init_plateau/run_2/checkpoint-166000,4,8,1.5,-0.5,129.80247497558594,-24.137075424194336,6.183952905303158e-07,-3.2135069432115415e-06,12
lipschitz-s144,/cephfs/home/mkairov/gradim/energy_shaping/runs/mix-N8-K2V2-V62_1M/energygradmem_llama_L4H4D256_mem8_K2_ilr0.4_energy_lip0.003_L5_grad_second_stepalign0.1_iread0.1_bs_64_lr_1e-04_b10.9_b20.98_fp32_init_plateau/run_2/checkpoint-166000,4,8,2.0,-0.5,128.56549072265625,-25.374061584472656,4.346163962054561e-07,-3.397285809114692e-06,12
lipschitz-s144,/cephfs/home/mkairov/gradim/energy_shaping/runs/mix-N8-K2V2-V62_1M/energygradmem_llama_L4H4D256_mem8_K2_ilr0.4_energy_lip0.003_L5_grad_second_stepalign0.1_iread0.1_bs_64_lr_1e-04_b10.9_b20.98_fp32_init_plateau/run_2/checkpoint-166000,4,8,2.5,-0.5,132.9403533935547,-20.999216079711914,3.4024287742795423e-07,-3.4916592994704843e-06,12
lipschitz-s144,/cephfs/home/mkairov/gradim/energy_shaping/runs/mix-N8-K2V2-V62_1M/energygradmem_llama_L4H4D256_mem8_K2_ilr0.4_energy_lip0.003_L5_grad_second_stepalign0.1_iread0.1_bs_64_lr_1e-04_b10.9_b20.98_fp32_init_plateau/run_2/checkpoint-166000,4,8,3.0,-0.5,142.8841094970703,-11.055450439453125,2.9802308176840597e-07,-3.533879180395161e-06,12
lipschitz-s144,/cephfs/home/mkairov/gradim/energy_shaping/runs/mix-N8-K2V2-V62_1M/energygradmem_llama_L4H4D256_mem8_K2_ilr0.4_energy_lip0.003_L5_grad_second_stepalign0.1_iread0.1_bs_64_lr_1e-04_b10.9_b20.98_fp32_init_plateau/run_2/checkpoint-166000,4,8,-3.0,0.0,207.55320739746094,53.613651275634766,0.015061531215906143,0.01505770068615675,12
lipschitz-s144,/cephfs/home/mkairov/gradim/energy_shaping/runs/mix-N8-K2V2-V62_1M/energygradmem_llama_L4H4D256_mem8_K2_ilr0.4_energy_lip0.003_L5_grad_second_stepalign0.1_iread0.1_bs_64_lr_1e-04_b10.9_b20.98_fp32_init_plateau/run_2/checkpoint-166000,4,8,-2.5,0.0,197.99644470214844,44.056880950927734,0.004137748386710882,0.004133916459977627,12
lipschitz-s144,/cephfs/home/mkairov/gradim/energy_shaping/runs/mix-N8-K2V2-V62_1M/energygradmem_llama_L4H4D256_mem8_K2_ilr0.4_energy_lip0.003_L5_grad_second_stepalign0.1_iread0.1_bs_64_lr_1e-04_b10.9_b20.98_fp32_init_plateau/run_2/checkpoint-166000,4,8,-2.0,0.0,188.77635192871094,34.836795806884766,0.0008775170426815748,0.0008736851159483194,12
lipschitz-s144,/cephfs/home/mkairov/gradim/energy_shaping/runs/mix-N8-K2V2-V62_1M/energygradmem_llama_L4H4D256_mem8_K2_ilr0.4_energy_lip0.003_L5_grad_second_stepalign0.1_iread0.1_bs_64_lr_1e-04_b10.9_b20.98_fp32_init_plateau/run_2/checkpoint-166000,4,8,-1.5,0.0,179.8590545654297,25.91948127746582,0.0001737446873448789,0.00016991277516353875,12
lipschitz-s144,/cephfs/home/mkairov/gradim/energy_shaping/runs/mix-N8-K2V2-V62_1M/energygradmem_llama_L4H4D256_mem8_K2_ilr0.4_energy_lip0.003_L5_grad_second_stepalign0.1_iread0.1_bs_64_lr_1e-04_b10.9_b20.98_fp32_init_plateau/run_2/checkpoint-166000,4,8,-1.0,0.0,171.15342712402344,17.2138671875,3.757856393349357e-05,3.374666266608983e-05,12
lipschitz-s144,/cephfs/home/mkairov/gradim/energy_shaping/runs/mix-N8-K2V2-V62_1M/energygradmem_llama_L4H4D256_mem8_K2_ilr0.4_energy_lip0.003_L5_grad_second_stepalign0.1_iread0.1_bs_64_lr_1e-04_b10.9_b20.98_fp32_init_plateau/run_2/checkpoint-166000,4,8,-0.5,0.0,162.5478515625,8.608307838439941,1.0317994565411936e-05,6.486091933766147e-06,12
lipschitz-s144,/cephfs/home/mkairov/gradim/energy_shaping/runs/mix-N8-K2V2-V62_1M/energygradmem_llama_L4H4D256_mem8_K2_ilr0.4_energy_lip0.003_L5_grad_second_stepalign0.1_iread0.1_bs_64_lr_1e-04_b10.9_b20.98_fp32_init_plateau/run_2/checkpoint-166000,4,8,0.0,0.0,153.93955993652344,0.0,3.831902631645789e-06,0.0,12
lipschitz-s144,/cephfs/home/mkairov/gradim/energy_shaping/runs/mix-N8-K2V2-V62_1M/energygradmem_llama_L4H4D256_mem8_K2_ilr0.4_energy_lip0.003_L5_grad_second_stepalign0.1_iread0.1_bs_64_lr_1e-04_b10.9_b20.98_fp32_init_plateau/run_2/checkpoint-166000,4,8,0.5,0.0,145.2046661376953,-8.734907150268555,1.7980300981434993e-06,-2.033872078754939e-06,12
lipschitz-s144,/cephfs/home/mkairov/gradim/energy_shaping/runs/mix-N8-K2V2-V62_1M/energygradmem_llama_L4H4D256_mem8_K2_ilr0.4_energy_lip0.003_L5_grad_second_stepalign0.1_iread0.1_bs_64_lr_1e-04_b10.9_b20.98_fp32_init_plateau/run_2/checkpoint-166000,4,8,1.0,0.0,136.12213134765625,-17.817419052124023,9.884327027975814e-07,-2.8434697014745325e-06,12
lipschitz-s144,/cephfs/home/mkairov/gradim/energy_shaping/runs/mix-N8-K2V2-V62_1M/energygradmem_llama_L4H4D256_mem8_K2_ilr0.4_energy_lip0.003_L5_grad_second_stepalign0.1_iread0.1_bs_64_lr_1e-04_b10.9_b20.98_fp32_init_plateau/run_2/checkpoint-166000,4,8,1.5,0.0,129.79852294921875,-24.141036987304688,6.23362382157211e-07,-3.208539965271484e-06,12
lipschitz-s144,/cephfs/home/mkairov/gradim/energy_shaping/runs/mix-N8-K2V2-V62_1M/energygradmem_llama_L4H4D256_mem8_K2_ilr0.4_energy_lip0.003_L5_grad_second_stepalign0.1_iread0.1_bs_64_lr_1e-04_b10.9_b20.98_fp32_init_plateau/run_2/checkpoint-166000,4,8,2.0,0.0,128.54872131347656,-25.390832901000977,4.420669483806705e-07,-3.389835228517768e-06,12
lipschitz-s144,/cephfs/home/mkairov/gradim/energy_shaping/runs/mix-N8-K2V2-V62_1M/energygradmem_llama_L4H4D256_mem8_K2_ilr0.4_energy_lip0.003_L5_grad_second_stepalign0.1_iread0.1_bs_64_lr_1e-04_b10.9_b20.98_fp32_init_plateau/run_2/checkpoint-166000,4,8,2.5,0.0,132.80958557128906,-21.129955291748047,3.4024287742795423e-07,-3.4916592994704843e-06,12
lipschitz-s144,/cephfs/home/mkairov/gradim/energy_shaping/runs/mix-N8-K2V2-V62_1M/energygradmem_llama_L4H4D256_mem8_K2_ilr0.4_energy_lip0.003_L5_grad_second_stepalign0.1_iread0.1_bs_64_lr_1e-04_b10.9_b20.98_fp32_init_plateau/run_2/checkpoint-166000,4,8,3.0,0.0,142.6595916748047,-11.27995777130127,2.955395359549584e-07,-3.5363627830520272e-06,12
lipschitz-s144,/cephfs/home/mkairov/gradim/energy_shaping/runs/mix-N8-K2V2-V62_1M/energygradmem_llama_L4H4D256_mem8_K2_ilr0.4_energy_lip0.003_L5_grad_second_stepalign0.1_iread0.1_bs_64_lr_1e-04_b10.9_b20.98_fp32_init_plateau/run_2/checkpoint-166000,4,8,-3.0,0.5,207.5319366455078,53.5923957824707,0.015943625941872597,0.01593979261815548,12
lipschitz-s144,/cephfs/home/mkairov/gradim/energy_shaping/runs/mix-N8-K2V2-V62_1M/energygradmem_llama_L4H4D256_mem8_K2_ilr0.4_energy_lip0.003_L5_grad_second_stepalign0.1_iread0.1_bs_64_lr_1e-04_b10.9_b20.98_fp32_init_plateau/run_2/checkpoint-166000,4,8,-2.5,0.5,197.9788818359375,44.0393180847168,0.0044592502526938915,0.004455418325960636,12
lipschitz-s144,/cephfs/home/mkairov/gradim/energy_shaping/runs/mix-N8-K2V2-V62_1M/energygradmem_llama_L4H4D256_mem8_K2_ilr0.4_energy_lip0.003_L5_grad_second_stepalign0.1_iread0.1_bs_64_lr_1e-04_b10.9_b20.98_fp32_init_plateau/run_2/checkpoint-166000,4,8,-2.0,0.5,188.7633056640625,34.823768615722656,0.0009524586494080722,0.0009486267226748168,12
lipschitz-s144,/cephfs/home/mkairov/gradim/energy_shaping/runs/mix-N8-K2V2-V62_1M/energygradmem_llama_L4H4D256_mem8_K2_ilr0.4_energy_lip0.003_L5_grad_second_stepalign0.1_iread0.1_bs_64_lr_1e-04_b10.9_b20.98_fp32_init_plateau/run_2/checkpoint-166000,4,8,-1.5,0.5,179.85093688964844,25.911386489868164,0.00018777277728077024,0.00018394086509943008,12
lipschitz-s144,/cephfs/home/mkairov/gradim/energy_shaping/runs/mix-N8-K2V2-V62_1M/energygradmem_llama_L4H4D256_mem8_K2_ilr0.4_energy_lip0.003_L5_grad_second_stepalign0.1_iread0.1_bs_64_lr_1e-04_b10.9_b20.98_fp32_init_plateau/run_2/checkpoint-166000,4,8,-1.0,0.5,171.15101623535156,17.21146583557129,3.9947375626070425e-05,3.611547072068788e-05,12
lipschitz-s144,/cephfs/home/mkairov/gradim/energy_shaping/runs/mix-N8-K2V2-V62_1M/energygradmem_llama_L4H4D256_mem8_K2_ilr0.4_energy_lip0.003_L5_grad_second_stepalign0.1_iread0.1_bs_64_lr_1e-04_b10.9_b20.98_fp32_init_plateau/run_2/checkpoint-166000,4,8,-0.5,0.5,162.55287170410156,8.613320350646973,1.0717750228650402e-05,6.885847597004613e-06,12
lipschitz-s144,/cephfs/home/mkairov/gradim/energy_shaping/runs/mix-N8-K2V2-V62_1M/energygradmem_llama_L4H4D256_mem8_K2_ilr0.4_energy_lip0.003_L5_grad_second_stepalign0.1_iread0.1_bs_64_lr_1e-04_b10.9_b20.98_fp32_init_plateau/run_2/checkpoint-166000,4,8,0.0,0.5,153.9524383544922,0.01288604736328125,3.906403435394168e-06,7.450103822748133e-08,12
lipschitz-s144,/cephfs/home/mkairov/gradim/energy_shaping/runs/mix-N8-K2V2-V62_1M/energygradmem_llama_L4H4D256_mem8_K2_ilr0.4_energy_lip0.003_L5_grad_second_stepalign0.1_iread0.1_bs_64_lr_1e-04_b10.9_b20.98_fp32_init_plateau/run_2/checkpoint-166000,4,8,0.5,0.5,145.2265625,-8.712997436523438,1.8178976688432158e-06,-2.0140046217420604e-06,12
lipschitz-s144,/cephfs/home/mkairov/gradim/energy_shaping/runs/mix-N8-K2V2-V62_1M/energygradmem_llama_L4H4D256_mem8_K2_ilr0.4_energy_lip0.003_L5_grad_second_stepalign0.1_iread0.1_bs_64_lr_1e-04_b10.9_b20.98_fp32_init_plateau/run_2/checkpoint-166000,4,8,1.0,0.5,136.16334533691406,-17.776216506958008,9.958830560208298e-07,-2.8360191208776087e-06,12
lipschitz-s144,/cephfs/home/mkairov/gradim/energy_shaping/runs/mix-N8-K2V2-V62_1M/energygradmem_llama_L4H4D256_mem8_K2_ilr0.4_energy_lip0.003_L5_grad_second_stepalign0.1_iread0.1_bs_64_lr_1e-04_b10.9_b20.98_fp32_init_plateau/run_2/checkpoint-166000,4,8,1.5,0.5,129.8515625,-24.087980270385742,6.283293600972684e-07,-3.2035729873314267e-06,12
lipschitz-s144,/cephfs/home/mkairov/gradim/energy_shaping/runs/mix-N8-K2V2-V62_1M/energygradmem_llama_L4H4D256_mem8_K2_ilr0.4_energy_lip0.003_L5_grad_second_stepalign0.1_iread0.1_bs_64_lr_1e-04_b10.9_b20.98_fp32_init_plateau/run_2/checkpoint-166000,4,8,2.0,0.5,128.60279846191406,-25.336748123168945,4.470340115858562e-07,-3.3848682505777106e-06,12
lipschitz-s144,/cephfs/home/mkairov/gradim/energy_shaping/runs/mix-N8-K2V2-V62_1M/energygradmem_llama_L4H4D256_mem8_K2_ilr0.4_energy_lip0.003_L5_grad_second_stepalign0.1_iread0.1_bs_64_lr_1e-04_b10.9_b20.98_fp32_init_plateau/run_2/checkpoint-166000,4,8,2.5,0.5,132.76719665527344,-21.172365188598633,3.5017703226003505e-07,-3.481725570964045e-06,12
lipschitz-s144,/cephfs/home/mkairov/gradim/energy_shaping/runs/mix-N8-K2V2-V62_1M/energygradmem_llama_L4H4D256_mem8_K2_ilr0.4_energy_lip0.003_L5_grad_second_stepalign0.1_iread0.1_bs_64_lr_1e-04_b10.9_b20.98_fp32_init_plateau/run_2/checkpoint-166000,4,8,3.0,0.5,142.533203125,-11.406353950500488,2.930560185632203e-07,-3.5388463857088936e-06,12
lipschitz-s144,/cephfs/home/mkairov/gradim/energy_shaping/runs/mix-N8-K2V2-V62_1M/energygradmem_llama_L4H4D256_mem8_K2_ilr0.4_energy_lip0.003_L5_grad_second_stepalign0.1_iread0.1_bs_64_lr_1e-04_b10.9_b20.98_fp32_init_plateau/run_2/checkpoint-166000,4,8,-3.0,1.0,207.5327606201172,53.59320068359375,0.01689213328063488,0.016888301819562912,12
lipschitz-s144,/cephfs/home/mkairov/gradim/energy_shaping/runs/mix-N8-K2V2-V62_1M/energygradmem_llama_L4H4D256_mem8_K2_ilr0.4_energy_lip0.003_L5_grad_second_stepalign0.1_iread0.1_bs_64_lr_1e-04_b10.9_b20.98_fp32_init_plateau/run_2/checkpoint-166000,4,8,-2.5,1.0,197.98439025878906,44.04484558105469,0.004811454098671675,0.004807622637599707,12
lipschitz-s144,/cephfs/home/mkairov/gradim/energy_shaping/runs/mix-N8-K2V2-V62_1M/energygradmem_llama_L4H4D256_mem8_K2_ilr0.4_energy_lip0.003_L5_grad_second_stepalign0.1_iread0.1_bs_64_lr_1e-04_b10.9_b20.98_fp32_init_plateau/run_2/checkpoint-166000,4,8,-2.0,1.0,188.7745361328125,34.83498001098633,0.0010359082370996475,0.0010320763103663921,12
lipschitz-s144,/cephfs/home/mkairov/gradim/energy_shaping/runs/mix-N8-K2V2-V62_1M/energygradmem_llama_L4H4D256_mem8_K2_ilr0.4_energy_lip0.003_L5_grad_second_stepalign0.1_iread0.1_bs_64_lr_1e-04_b10.9_b20.98_fp32_init_plateau/run_2/checkpoint-166000,4,8,-1.5,1.0,179.86839294433594,25.9288387298584,0.00020357260655146092,0.000199740708922036,12
lipschitz-s144,/cephfs/home/mkairov/gradim/energy_shaping/runs/mix-N8-K2V2-V62_1M/energygradmem_llama_L4H4D256_mem8_K2_ilr0.4_energy_lip0.003_L5_grad_second_stepalign0.1_iread0.1_bs_64_lr_1e-04_b10.9_b20.98_fp32_init_plateau/run_2/checkpoint-166000,4,8,-1.0,1.0,171.17596435546875,17.23639678955078,4.265578536433168e-05,3.882388773490675e-05,12
lipschitz-s144,/cephfs/home/mkairov/gradim/energy_shaping/runs/mix-N8-K2V2-V62_1M/energygradmem_llama_L4H4D256_mem8_K2_ilr0.4_energy_lip0.003_L5_grad_second_stepalign0.1_iread0.1_bs_64_lr_1e-04_b10.9_b20.98_fp32_init_plateau/run_2/checkpoint-166000,4,8,-0.5,1.0,162.58778381347656,8.648222923278809,1.1169642675668001e-05,7.337740044022212e-06,12
lipschitz-s144,/cephfs/home/mkairov/gradim/energy_shaping/runs/mix-N8-K2V2-V62_1M/energygradmem_llama_L4H4D256_mem8_K2_ilr0.4_energy_lip0.003_L5_grad_second_stepalign0.1_iread0.1_bs_64_lr_1e-04_b10.9_b20.98_fp32_init_plateau/run_2/checkpoint-166000,4,8,0.0,1.0,153.9987335205078,0.059179943054914474,3.9908372855279595e-06,1.5893495231011912e-07,12
lipschitz-s144,/cephfs/home/mkairov/gradim/energy_shaping/runs/mix-N8-K2V2-V62_1M/energygradmem_llama_L4H4D256_mem8_K2_ilr0.4_energy_lip0.003_L5_grad_second_stepalign0.1_iread0.1_bs_64_lr_1e-04_b10.9_b20.98_fp32_init_plateau/run_2/checkpoint-166000,4,8,0.5,1.0,145.28707885742188,-8.652470588684082,1.8452157064530184e-06,-1.986686584132258e-06,12
lipschitz-s144,/cephfs/home/mkairov/gradim/energy_shaping/runs/mix-N8-K2V2-V62_1M/energygradmem_llama_L4H4D256_mem8_K2_ilr0.4_energy_lip0.003_L5_grad_second_stepalign0.1_iread0.1_bs_64_lr_1e-04_b10.9_b20.98_fp32_init_plateau/run_2/checkpoint-166000,4,8,1.0,1.0,136.25355529785156,-17.685989379882812,1.0083005008709733e-06,-2.823601789714303e-06,12
lipschitz-s144,/cephfs/home/mkairov/gradim/energy_shaping/runs/mix-N8-K2V2-V62_1M/energygradmem_llama_L4H4D256_mem8_K2_ilr0.4_energy_lip0.003_L5_grad_second_stepalign0.1_iread0.1_bs_64_lr_1e-04_b10.9_b20.98_fp32_init_plateau/run_2/checkpoint-166000,4,8,1.5,1.0,129.96177673339844,-23.97777557373047,6.308128490672971e-07,-3.2010893846745603e-06,12
lipschitz-s144,/cephfs/home/mkairov/gradim/energy_shaping/runs/mix-N8-K2V2-V62_1M/energygradmem_llama_L4H4D256_mem8_K2_ilr0.4_energy_lip0.003_L5_grad_second_stepalign0.1_iread0.1_bs_64_lr_1e-04_b10.9_b20.98_fp32_init_plateau/run_2/checkpoint-166000,4,8,2.0,1.0,128.72811889648438,-25.211450576782227,4.4951752897759434e-07,-3.382384647920844e-06,12
lipschitz-s144,/cephfs/home/mkairov/gradim/energy_shaping/runs/mix-N8-K2V2-V62_1M/energygradmem_llama_L4H4D256_mem8_K2_ilr0.4_energy_lip0.003_L5_grad_second_stepalign0.1_iread0.1_bs_64_lr_1e-04_b10.9_b20.98_fp32_init_plateau/run_2/checkpoint-166000,4,8,2.5,1.0,132.81248474121094,-21.1270694732666,3.526605496517732e-07,-3.4792419683071785e-06,12
lipschitz-s144,/cephfs/home/mkairov/gradim/energy_shaping/runs/mix-N8-K2V2-V62_1M/energygradmem_llama_L4H4D256_mem8_K2_ilr0.4_energy_lip0.003_L5_grad_second_stepalign0.1_iread0.1_bs_64_lr_1e-04_b10.9_b20.98_fp32_init_plateau/run_2/checkpoint-166000,4,8,3.0,1.0,142.50650024414062,-11.433056831359863,3.005065991601441e-07,-3.53139580511197e-06,12
lipschitz-s144,/cephfs/home/mkairov/gradim/energy_shaping/runs/mix-N8-K2V2-V62_1M/energygradmem_llama_L4H4D256_mem8_K2_ilr0.4_energy_lip0.003_L5_grad_second_stepalign0.1_iread0.1_bs_64_lr_1e-04_b10.9_b20.98_fp32_init_plateau/run_2/checkpoint-166000,4,8,-3.0,1.5,207.55609130859375,53.61656188964844,0.01791544444859028,0.01791161112487316,12
lipschitz-s144,/cephfs/home/mkairov/gradim/energy_shaping/runs/mix-N8-K2V2-V62_1M/energygradmem_llama_L4H4D256_mem8_K2_ilr0.4_energy_lip0.003_L5_grad_second_stepalign0.1_iread0.1_bs_64_lr_1e-04_b10.9_b20.98_fp32_init_plateau/run_2/checkpoint-166000,4,8,-2.5,1.5,198.01336669921875,44.07381057739258,0.005197605583816767,0.005193773191422224,12
lipschitz-s144,/cephfs/home/mkairov/gradim/energy_shaping/runs/mix-N8-K2V2-V62_1M/energygradmem_llama_L4H4D256_mem8_K2_ilr0.4_energy_lip0.003_L5_grad_second_stepalign0.1_iread0.1_bs_64_lr_1e-04_b10.9_b20.98_fp32_init_plateau/run_2/checkpoint-166000,4,8,-2.0,1.5,188.8103485107422,34.87080001831055,0.001128816045820713,0.0011249842355027795,12
lipschitz-s144,/cephfs/home/mkairov/gradim/energy_shaping/runs/mix-N8-K2V2-V62_1M/energygradmem_llama_L4H4D256_mem8_K2_ilr0.4_energy_lip0.003_L5_grad_second_stepalign0.1_iread0.1_bs_64_lr_1e-04_b10.9_b20.98_fp32_init_plateau/run_2/checkpoint-166000,4,8,-1.5,1.5,179.9114990234375,25.97194480895996,0.00022135813196655363,0.00021752621978521347,12
lipschitz-s144,/cephfs/home/mkairov/gradim/energy_shaping/runs/mix-N8-K2V2-V62_1M/energygradmem_llama_L4H4D256_mem8_K2_ilr0.4_energy_lip0.003_L5_grad_second_stepalign0.1_iread0.1_bs_64_lr_1e-04_b10.9_b20.98_fp32_init_plateau/run_2/checkpoint-166000,4,8,-1.0,1.5,171.2282257080078,17.288684844970703,4.573345722747035e-05,4.1901559598045424e-05,12
lipschitz-s144,/cephfs/home/mkairov/gradim/energy_shaping/runs/mix-N8-K2V2-V62_1M/energygradmem_llama_L4H4D256_mem8_K2_ilr0.4_energy_lip0.003_L5_grad_second_stepalign0.1_iread0.1_bs_64_lr_1e-04_b10.9_b20.98_fp32_init_plateau/run_2/checkpoint-166000,4,8,-0.5,1.5,162.65240478515625,8.712850570678711,1.1696017281792592e-05,7.864116014388856e-06,12
lipschitz-s144,/cephfs/home/mkairov/gradim/energy_shaping/runs/mix-N8-K2V2-V62_1M/energygradmem_llama_L4H4D256_mem8_K2_ilr0.4_energy_lip0.003_L5_grad_second_stepalign0.1_iread0.1_bs_64_lr_1e-04_b10.9_b20.98_fp32_init_plateau/run_2/checkpoint-166000,4,8,0.0,1.5,154.07838439941406,0.1388428956270218,4.090172296855599e-06,2.582700062703225e-07,12
lipschitz-s144,/cephfs/home/mkairov/gradim/energy_shaping/runs/mix-N8-K2V2-V62_1M/energygradmem_llama_L4H4D256_mem8_K2_ilr0.4_energy_lip0.003_L5_grad_second_stepalign0.1_iread0.1_bs_64_lr_1e-04_b10.9_b20.98_fp32_init_plateau/run_2/checkpoint-166000,4,8,0.5,1.5,145.3861541748047,-8.5534029006958,1.872533744062821e-06,-1.95936831914878e-06,12
lipschitz-s144,/cephfs/home/mkairov/gradim/energy_shaping/runs/mix-N8-K2V2-V62_1M/energygradmem_llama_L4H4D256_mem8_K2_ilr0.4_energy_lip0.003_L5_grad_second_stepalign0.1_iread0.1_bs_64_lr_1e-04_b10.9_b20.98_fp32_init_plateau/run_2/checkpoint-166000,4,8,1.0,1.5,136.3926239013672,-17.546937942504883,1.0182344567510881e-06,-2.8136676064605126e-06,12
lipschitz-s144,/cephfs/home/mkairov/gradim/energy_shaping/runs/mix-N8-K2V2-V62_1M/energygradmem_llama_L4H4D256_mem8_K2_ilr0.4_energy_lip0.003_L5_grad_second_stepalign0.1_iread0.1_bs_64_lr_1e-04_b10.9_b20.98_fp32_init_plateau/run_2/checkpoint-166000,4,8,1.5,1.5,130.1299591064453,-23.809585571289062,6.407469186342496e-07,-3.191155656168121e-06,12
lipschitz-s144,/cephfs/home/mkairov/gradim/energy_shaping/runs/mix-N8-K2V2-V62_1M/energygradmem_llama_L4H4D256_mem8_K2_ilr0.4_energy_lip0.003_L5_grad_second_stepalign0.1_iread0.1_bs_64_lr_1e-04_b10.9_b20.98_fp32_init_plateau/run_2/checkpoint-166000,4,8,2.0,1.5,128.92811584472656,-25.011436462402344,4.5200104636933247e-07,-3.379901272637653e-06,12
lipschitz-s144,/cephfs/home/mkairov/gradim/energy_shaping/runs/mix-N8-K2V2-V62_1M/energygradmem_llama_L4H4D256_mem8_K2_ilr0.4_energy_lip0.003_L5_grad_second_stepalign0.1_iread0.1_bs_64_lr_1e-04_b10.9_b20.98_fp32_init_plateau/run_2/checkpoint-166000,4,8,2.5,1.5,132.94541931152344,-20.9941349029541,3.551440386218019e-07,-3.476758365650312e-06,12
lipschitz-s144,/cephfs/home/mkairov/gradim/energy_shaping/runs/mix-N8-K2V2-V62_1M/energygradmem_llama_L4H4D256_mem8_K2_ilr0.4_energy_lip0.003_L5_grad_second_stepalign0.1_iread0.1_bs_64_lr_1e-04_b10.9_b20.98_fp32_init_plateau/run_2/checkpoint-166000,4,8,3.0,1.5,142.5776824951172,-11.361872673034668,3.0795717975706793e-07,-3.523945224515046e-06,12
lipschitz-s144,/cephfs/home/mkairov/gradim/energy_shaping/runs/mix-N8-K2V2-V62_1M/energygradmem_llama_L4H4D256_mem8_K2_ilr0.4_energy_lip0.003_L5_grad_second_stepalign0.1_iread0.1_bs_64_lr_1e-04_b10.9_b20.98_fp32_init_plateau/run_2/checkpoint-166000,4,8,-3.0,2.0,207.6025390625,53.662994384765625,0.01902289129793644,0.01901905983686447,12
lipschitz-s144,/cephfs/home/mkairov/gradim/energy_shaping/runs/mix-N8-K2V2-V62_1M/energygradmem_llama_L4H4D256_mem8_K2_ilr0.4_energy_lip0.003_L5_grad_second_stepalign0.1_iread0.1_bs_64_lr_1e-04_b10.9_b20.98_fp32_init_plateau/run_2/checkpoint-166000,4,8,-2.5,2.0,198.06626892089844,44.1266975402832,0.005621515214443207,0.005617683287709951,12
lipschitz-s144,/cephfs/home/mkairov/gradim/energy_shaping/runs/mix-N8-K2V2-V62_1M/energygradmem_llama_L4H4D256_mem8_K2_ilr0.4_energy_lip0.003_L5_grad_second_stepalign0.1_iread0.1_bs_64_lr_1e-04_b10.9_b20.98_fp32_init_plateau/run_2/checkpoint-166000,4,8,-2.0,2.0,188.8710174560547,34.931461334228516,0.0012323715491220355,0.0012285396223887801,12
lipschitz-s144,/cephfs/home/mkairov/gradim/energy_shaping/runs/mix-N8-K2V2-V62_1M/energygradmem_llama_L4H4D256_mem8_K2_ilr0.4_energy_lip0.003_L5_grad_second_stepalign0.1_iread0.1_bs_64_lr_1e-04_b10.9_b20.98_fp32_init_plateau/run_2/checkpoint-166000,4,8,-1.5,2.0,179.9806365966797,26.04107093811035,0.00024137941363733262,0.0002375475160079077,12
lipschitz-s144,/cephfs/home/mkairov/gradim/energy_shaping/runs/mix-N8-K2V2-V62_1M/energygradmem_llama_L4H4D256_mem8_K2_ilr0.4_energy_lip0.003_L5_grad_second_stepalign0.1_iread0.1_bs_64_lr_1e-04_b10.9_b20.98_fp32_init_plateau/run_2/checkpoint-166000,4,8,-1.0,2.0,171.3082275390625,17.368656158447266,4.922490916214883e-05,4.5393007894745097e-05,12
lipschitz-s144,/cephfs/home/mkairov/gradim/energy_shaping/runs/mix-N8-K2V2-V62_1M/energygradmem_llama_L4H4D256_mem8_K2_ilr0.4_energy_lip0.003_L5_grad_second_stepalign0.1_iread0.1_bs_64_lr_1e-04_b10.9_b20.98_fp32_init_plateau/run_2/checkpoint-166000,4,8,-0.5,2.0,162.7470703125,8.80752182006836,1.2289423466427252e-05,8.457521289528813e-06,12
lipschitz-s144,/cephfs/home/mkairov/gradim/energy_shaping/runs/mix-N8-K2V2-V62_1M/energygradmem_llama_L4H4D256_mem8_K2_ilr0.4_energy_lip0.003_L5_grad_second_stepalign0.1_iread0.1_bs_64_lr_1e-04_b10.9_b20.98_fp32_init_plateau/run_2/checkpoint-166000,4,8,0.0,2.0,154.1914825439453,0.2519207000732422,4.206890935165575e-06,3.749888435322646e-07,12
lipschitz-s144,/cephfs/home/mkairov/gradim/energy_shaping/runs/mix-N8-K2V2-V62_1M/energygradmem_llama_L4H4D256_mem8_K2_ilr0.4_energy_lip0.003_L5_grad_second_stepalign0.1_iread0.1_bs_64_lr_1e-04_b10.9_b20.98_fp32_init_plateau/run_2/checkpoint-166000,4,8,0.5,2.0,145.52383422851562,-8.415724754333496,1.9023351569558145e-06,-1.9295669062557863e-06,12
lipschitz-s144,/cephfs/home/mkairov/gradim/energy_shaping/runs/mix-N8-K2V2-V62_1M/energygradmem_llama_L4H4D256_mem8_K2_ilr0.4_energy_lip0.003_L5_grad_second_stepalign0.1_iread0.1_bs_64_lr_1e-04_b10.9_b20.98_fp32_init_plateau/run_2/checkpoint-166000,4,8,1.0,2.0,136.5810089111328,-17.3585205078125,1.0281685263180407e-06,-2.8037338779540733e-06,12
lipschitz-s144,/cephfs/home/mkairov/gradim/energy_shaping/runs/mix-N8-K2V2-V62_1M/energygradmem_llama_L4H4D256_mem8_K2_ilr0.4_energy_lip0.003_L5_grad_second_stepalign0.1_iread0.1_bs_64_lr_1e-04_b10.9_b20.98_fp32_init_plateau/run_2/checkpoint-166000,4,8,1.5,2.0,130.35760498046875,-23.581947326660156,6.481974992311734e-07,-3.183705075571197e-06,12
lipschitz-s144,/cephfs/home/mkairov/gradim/energy_shaping/runs/mix-N8-K2V2-V62_1M/energygradmem_llama_L4H4D256_mem8_K2_ilr0.4_energy_lip0.003_L5_grad_second_stepalign0.1_iread0.1_bs_64_lr_1e-04_b10.9_b20.98_fp32_init_plateau/run_2/checkpoint-166000,4,8,2.0,2.0,129.2027130126953,-24.736841201782227,4.5200104636933247e-07,-3.379901272637653e-06,12
lipschitz-s144,/cephfs/home/mkairov/gradim/energy_shaping/runs/mix-N8-K2V2-V62_1M/energygradmem_llama_L4H4D256_mem8_K2_ilr0.4_energy_lip0.003_L5_grad_second_stepalign0.1_iread0.1_bs_64_lr_1e-04_b10.9_b20.98_fp32_init_plateau/run_2/checkpoint-166000,4,8,2.5,2.0,133.1669464111328,-20.772607803344727,3.625946192187257e-07,-3.4693077850533882e-06,12
lipschitz-s144,/cephfs/home/mkairov/gradim/energy_shaping/runs/mix-N8-K2V2-V62_1M/energygradmem_llama_L4H4D256_mem8_K2_ilr0.4_energy_lip0.003_L5_grad_second_stepalign0.1_iread0.1_bs_64_lr_1e-04_b10.9_b20.98_fp32_init_plateau/run_2/checkpoint-166000,4,8,3.0,2.0,142.747802734375,-11.191744804382324,3.203747667157586e-07,-3.5115274386043893e-06,12
lipschitz-s144,/cephfs/home/mkairov/gradim/energy_shaping/runs/mix-N8-K2V2-V62_1M/energygradmem_llama_L4H4D256_mem8_K2_ilr0.4_energy_lip0.003_L5_grad_second_stepalign0.1_iread0.1_bs_64_lr_1e-04_b10.9_b20.98_fp32_init_plateau/run_2/checkpoint-166000,4,8,-3.0,2.5,207.67274475097656,53.73320388793945,0.020225102081894875,0.020221268758177757,12
lipschitz-s144,/cephfs/home/mkairov/gradim/energy_shaping/runs/mix-N8-K2V2-V62_1M/energygradmem_llama_L4H4D256_mem8_K2_ilr0.4_energy_lip0.003_L5_grad_second_stepalign0.1_iread0.1_bs_64_lr_1e-04_b10.9_b20.98_fp32_init_plateau/run_2/checkpoint-166000,4,8,-2.5,2.5,198.14369201660156,44.20413589477539,0.00608736090362072,0.0060835289768874645,12
lipschitz-s144,/cephfs/home/mkairov/gradim/energy_shaping/runs/mix-N8-K2V2-V62_1M/energygradmem_llama_L4H4D256_mem8_K2_ilr0.4_energy_lip0.003_L5_grad_second_stepalign0.1_iread0.1_bs_64_lr_1e-04_b10.9_b20.98_fp32_init_plateau/run_2/checkpoint-166000,4,8,-2.0,2.5,188.95733642578125,35.01779556274414,0.001347883720882237,0.0013440517941489816,12
lipschitz-s144,/cephfs/home/mkairov/gradim/energy_shaping/runs/mix-N8-K2V2-V62_1M/energygradmem_llama_L4H4D256_mem8_K2_ilr0.4_energy_lip0.003_L5_grad_second_stepalign0.1_iread0.1_bs_64_lr_1e-04_b10.9_b20.98_fp32_init_plateau/run_2/checkpoint-166000,4,8,-1.5,2.5,180.07635498046875,26.136802673339844,0.00026390267885290086,0.0002600708103273064,12
lipschitz-s144,/cephfs/home/mkairov/gradim/energy_shaping/runs/mix-N8-K2V2-V62_1M/energygradmem_llama_L4H4D256_mem8_K2_ilr0.4_energy_lip0.003_L5_grad_second_stepalign0.1_iread0.1_bs_64_lr_1e-04_b10.9_b20.98_fp32_init_plateau/run_2/checkpoint-166000,4,8,-1.0,2.5,171.4163055419922,17.476749420166016,5.317711111274548e-05,4.934520984534174e-05,12
lipschitz-s144,/cephfs/home/mkairov/gradim/energy_shaping/runs/mix-N8-K2V2-V62_1M/energygradmem_llama_L4H4D256_mem8_K2_ilr0.4_energy_lip0.003_L5_grad_second_stepalign0.1_iread0.1_bs_64_lr_1e-04_b10.9_b20.98_fp32_init_plateau/run_2/checkpoint-166000,4,8,-0.5,2.5,162.8721160888672,8.932547569274902,1.2967234397365246e-05,9.135332220466807e-06,12
lipschitz-s144,/cephfs/home/mkairov/gradim/energy_shaping/runs/mix-N8-K2V2-V62_1M/energygradmem_llama_L4H4D256_mem8_K2_ilr0.4_energy_lip0.003_L5_grad_second_stepalign0.1_iread0.1_bs_64_lr_1e-04_b10.9_b20.98_fp32_init_plateau/run_2/checkpoint-166000,4,8,0.0,2.5,154.3383331298828,0.3987948000431061,4.336026904638857e-06,5.041245572101616e-07,12
lipschitz-s144,/cephfs/home/mkairov/gradim/energy_shaping/runs/mix-N8-K2V2-V62_1M/energygradmem_llama_L4H4D256_mem8_K2_ilr0.4_energy_lip0.003_L5_grad_second_stepalign0.1_iread0.1_bs_64_lr_1e-04_b10.9_b20.98_fp32_init_plateau/run_2/checkpoint-166000,4,8,0.5,2.5,145.70046997070312,-8.239089965820312,1.9296533082524547e-06,-1.902248754959146e-06,12
lipschitz-s144,/cephfs/home/mkairov/gradim/energy_shaping/runs/mix-N8-K2V2-V62_1M/energygradmem_llama_L4H4D256_mem8_K2_ilr0.4_energy_lip0.003_L5_grad_second_stepalign0.1_iread0.1_bs_64_lr_1e-04_b10.9_b20.98_fp32_init_plateau/run_2/checkpoint-166000,4,8,1.0,2.5,136.81956481933594,-17.119991302490234,1.0430695738250506e-06,-2.7888327167602256e-06,12
lipschitz-s144,/cephfs/home/mkairov/gradim/energy_shaping/runs/mix-N8-K2V2-V62_1M/energygradmem_llama_L4H4D256_mem8_K2_ilr0.4_energy_lip0.003_L5_grad_second_stepalign0.1_iread0.1_bs_64_lr_1e-04_b10.9_b20.98_fp32_init_plateau/run_2/checkpoint-166000,4,8,1.5,2.5,130.64662170410156,-23.292938232421875,6.481973855443357e-07,-3.183705075571197e-06,12
lipschitz-s144,/cephfs/home/mkairov/gradim/energy_shaping/runs/mix-N8-K2V2-V62_1M/energygradmem_llama_L4H4D256_mem8_K2_ilr0.4_energy_lip0.003_L5_grad_second_stepalign0.1_iread0.1_bs_64_lr_1e-04_b10.9_b20.98_fp32_init_plateau/run_2/checkpoint-166000,4,8,2.0,2.5,129.5520782470703,-24.387481689453125,4.5200101794762304e-07,-3.379901272637653e-06,12
lipschitz-s144,/cephfs/home/mkairov/gradim/energy_shaping/runs/mix-N8-K2V2-V62_1M/energygradmem_llama_L4H4D256_mem8_K2_ilr0.4_energy_lip0.003_L5_grad_second_stepalign0.1_iread0.1_bs_64_lr_1e-04_b10.9_b20.98_fp32_init_plateau/run_2/checkpoint-166000,4,8,2.5,2.5,133.4838104248047,-20.455745697021484,3.625946192187257e-07,-3.4693077850533882e-06,12
lipschitz-s144,/cephfs/home/mkairov/gradim/energy_shaping/runs/mix-N8-K2V2-V62_1M/energygradmem_llama_L4H4D256_mem8_K2_ilr0.4_energy_lip0.003_L5_grad_second_stepalign0.1_iread0.1_bs_64_lr_1e-04_b10.9_b20.98_fp32_init_plateau/run_2/checkpoint-166000,4,8,3.0,2.5,143.01866149902344,-10.9208984375,3.253418299209443e-07,-3.506560460664332e-06,12
lipschitz-s144,/cephfs/home/mkairov/gradim/energy_shaping/runs/mix-N8-K2V2-V62_1M/energygradmem_llama_L4H4D256_mem8_K2_ilr0.4_energy_lip0.003_L5_grad_second_stepalign0.1_iread0.1_bs_64_lr_1e-04_b10.9_b20.98_fp32_init_plateau/run_2/checkpoint-166000,4,8,-3.0,3.0,207.7676239013672,53.82807540893555,0.021533483639359474,0.021529652178287506,12
lipschitz-s144,/cephfs/home/mkairov/gradim/energy_shaping/runs/mix-N8-K2V2-V62_1M/energygradmem_llama_L4H4D256_mem8_K2_ilr0.4_energy_lip0.003_L5_grad_second_stepalign0.1_iread0.1_bs_64_lr_1e-04_b10.9_b20.98_fp32_init_plateau/run_2/checkpoint-166000,4,8,-2.5,3.0,198.24664306640625,44.30709457397461,0.006599614396691322,0.006595782935619354,12
lipschitz-s144,/cephfs/home/mkairov/gradim/energy_shaping/runs/mix-N8-K2V2-V62_1M/energygradmem_llama_L4H4D256_mem8_K2_ilr0.4_energy_lip0.003_L5_grad_second_stepalign0.1_iread0.1_bs_64_lr_1e-04_b10.9_b20.98_fp32_init_plateau/run_2/checkpoint-166000,4,8,-2.0,3.0,189.0699920654297,35.13044738769531,0.001476781559176743,0.0014729496324434876,12
lipschitz-s144,/cephfs/home/mkairov/gradim/energy_shaping/runs/mix-N8-K2V2-V62_1M/energygradmem_llama_L4H4D256_mem8_K2_ilr0.4_energy_lip0.003_L5_grad_second_stepalign0.1_iread0.1_bs_64_lr_1e-04_b10.9_b20.98_fp32_init_plateau/run_2/checkpoint-166000,4,8,-1.5,3.0,180.19935607910156,26.259801864624023,0.00028923735953867435,0.0002854054619092494,12
lipschitz-s144,/cephfs/home/mkairov/gradim/energy_shaping/runs/mix-N8-K2V2-V62_1M/energygradmem_llama_L4H4D256_mem8_K2_ilr0.4_energy_lip0.003_L5_grad_second_stepalign0.1_iread0.1_bs_64_lr_1e-04_b10.9_b20.98_fp32_init_plateau/run_2/checkpoint-166000,4,8,-1.0,3.0,171.5531005859375,17.613544464111328,5.764939123764634e-05,5.381749360822141e-05,12
lipschitz-s144,/cephfs/home/mkairov/gradim/energy_shaping/runs/mix-N8-K2V2-V62_1M/energygradmem_llama_L4H4D256_mem8_K2_ilr0.4_energy_lip0.003_L5_grad_second_stepalign0.1_iread0.1_bs_64_lr_1e-04_b10.9_b20.98_fp32_init_plateau/run_2/checkpoint-166000,4,8,-0.5,3.0,163.02798461914062,9.088432312011719,1.3739379937760532e-05,9.907477760862093e-06,12
lipschitz-s144,/cephfs/home/mkairov/gradim/energy_shaping/runs/mix-N8-K2V2-V62_1M/energygradmem_llama_L4H4D256_mem8_K2_ilr0.4_energy_lip0.003_L5_grad_second_stepalign0.1_iread0.1_bs_64_lr_1e-04_b10.9_b20.98_fp32_init_plateau/run_2/checkpoint-166000,4,8,0.0,3.0,154.51942443847656,0.5798638463020325,4.480062216316583e-06,6.481600394181442e-07,12
lipschitz-s144,/cephfs/home/mkairov/gradim/energy_shaping/runs/mix-N8-K2V2-V62_1M/energygradmem_llama_L4H4D256_mem8_K2_ilr0.4_energy_lip0.003_L5_grad_second_stepalign0.1_iread0.1_bs_64_lr_1e-04_b10.9_b20.98_fp32_init_plateau/run_2/checkpoint-166000,4,8,0.5,3.0,145.9164581298828,-8.023102760314941,1.9669055291160475e-06,-1.8649967614692287e-06,12
lipschitz-s144,/cephfs/home/mkairov/gradim/energy_shaping/runs/mix-N8-K2V2-V62_1M/energygradmem_llama_L4H4D256_mem8_K2_ilr0.4_energy_lip0.003_L5_grad_second_stepalign0.1_iread0.1_bs_64_lr_1e-04_b10.9_b20.98_fp32_init_plateau/run_2/checkpoint-166000,4,8,1.0,3.0,137.1090087890625,-16.830541610717773,1.0530035297051654e-06,-2.7788985335064353e-06,12
lipschitz-s144,/cephfs/home/mkairov/gradim/energy_shaping/runs/mix-N8-K2V2-V62_1M/energygradmem_llama_L4H4D256_mem8_K2_ilr0.4_energy_lip0.003_L5_grad_second_stepalign0.1_iread0.1_bs_64_lr_1e-04_b10.9_b20.98_fp32_init_plateau/run_2/checkpoint-166000,4,8,1.5,3.0,130.99940490722656,-22.940147399902344,6.556479661412595e-07,-3.1762544949742733e-06,12
lipschitz-s144,/cephfs/home/mkairov/gradim/energy_shaping/runs/mix-N8-K2V2-V62_1M/energygradmem_llama_L4H4D256_mem8_K2_ilr0.4_energy_lip0.003_L5_grad_second_stepalign0.1_iread0.1_bs_64_lr_1e-04_b10.9_b20.98_fp32_init_plateau/run_2/checkpoint-166000,4,8,2.0,3.0,129.9790802001953,-23.960464477539062,4.5945159854454687e-07,-3.3724506920407293e-06,12
lipschitz-s144,/cephfs/home/mkairov/gradim/energy_shaping/runs/mix-N8-K2V2-V62_1M/energygradmem_llama_L4H4D256_mem8_K2_ilr0.4_energy_lip0.003_L5_grad_second_stepalign0.1_iread0.1_bs_64_lr_1e-04_b10.9_b20.98_fp32_init_plateau/run_2/checkpoint-166000,4,8,2.5,3.0,133.89271545410156,-20.046823501586914,3.700451713939401e-07,-3.4618572044564644e-06,12
lipschitz-s144,/cephfs/home/mkairov/gradim/energy_shaping/runs/mix-N8-K2V2-V62_1M/energygradmem_llama_L4H4D256_mem8_K2_ilr0.4_energy_lip0.003_L5_grad_second_stepalign0.1_iread0.1_bs_64_lr_1e-04_b10.9_b20.98_fp32_init_plateau/run_2/checkpoint-166000,4,8,3.0,3.0,143.392578125,-10.54697036743164,3.3775941687963495e-07,-3.4941429021273507e-06,12
lip-search-s144,/cephfs/home/mkairov/gradim/energy_shaping/runs/mix-N8-K2V2-V62_1M/energygradmem_llama_L4H4D256_mem8_K2_ilr0.4_energy_lip0.003_L5_msearch1.0_n4_r0.25_gainema0.99_mingain0.3_grad_second_stepalign0.1_iread0.1_bs_64_lr_1e-04_fp32_init_plateau/run_2/checkpoint-136000,0,1,-3.0,-3.0,793.1246948242188,0.0873158797621727,9.077248573303223,1.639508605003357,12
lip-search-s144,/cephfs/home/mkairov/gradim/energy_shaping/runs/mix-N8-K2V2-V62_1M/energygradmem_llama_L4H4D256_mem8_K2_ilr0.4_energy_lip0.003_L5_msearch1.0_n4_r0.25_gainema0.99_mingain0.3_grad_second_stepalign0.1_iread0.1_bs_64_lr_1e-04_fp32_init_plateau/run_2/checkpoint-136000,0,1,-2.5,-3.0,793.1220092773438,0.0845692977309227,8.620393753051758,1.1826534271240234,12
lip-search-s144,/cephfs/home/mkairov/gradim/energy_shaping/runs/mix-N8-K2V2-V62_1M/energygradmem_llama_L4H4D256_mem8_K2_ilr0.4_energy_lip0.003_L5_msearch1.0_n4_r0.25_gainema0.99_mingain0.3_grad_second_stepalign0.1_iread0.1_bs_64_lr_1e-04_fp32_init_plateau/run_2/checkpoint-136000,0,1,-2.0,-3.0,793.1177368164062,0.0803680419921875,7.938013553619385,0.5002729296684265,12
lip-search-s144,/cephfs/home/mkairov/gradim/energy_shaping/runs/mix-N8-K2V2-V62_1M/energygradmem_llama_L4H4D256_mem8_K2_ilr0.4_energy_lip0.003_L5_msearch1.0_n4_r0.25_gainema0.99_mingain0.3_grad_second_stepalign0.1_iread0.1_bs_64_lr_1e-04_fp32_init_plateau/run_2/checkpoint-136000,0,1,-1.5,-3.0,793.1111450195312,0.0737406387925148,7.677059650421143,0.23931901156902313,12
lip-search-s144,/cephfs/home/mkairov/gradim/energy_shaping/runs/mix-N8-K2V2-V62_1M/energygradmem_llama_L4H4D256_mem8_K2_ilr0.4_energy_lip0.003_L5_msearch1.0_n4_r0.25_gainema0.99_mingain0.3_grad_second_stepalign0.1_iread0.1_bs_64_lr_1e-04_fp32_init_plateau/run_2/checkpoint-136000,0,1,-1.0,-3.0,793.1012573242188,0.0638173446059227,7.079669952392578,-0.35807058215141296,12
lip-search-s144,/cephfs/home/mkairov/gradim/energy_shaping/runs/mix-N8-K2V2-V62_1M/energygradmem_llama_L4H4D256_mem8_K2_ilr0.4_energy_lip0.003_L5_msearch1.0_n4_r0.25_gainema0.99_mingain0.3_grad_second_stepalign0.1_iread0.1_bs_64_lr_1e-04_fp32_init_plateau/run_2/checkpoint-136000,0,1,-0.5,-3.0,793.0864868164062,0.0491129569709301,6.106027126312256,-1.3317140340805054,12
lip-search-s144,/cephfs/home/mkairov/gradim/energy_shaping/runs/mix-N8-K2V2-V62_1M/energygradmem_llama_L4H4D256_mem8_K2_ilr0.4_energy_lip0.003_L5_msearch1.0_n4_r0.25_gainema0.99_mingain0.3_grad_second_stepalign0.1_iread0.1_bs_64_lr_1e-04_fp32_init_plateau/run_2/checkpoint-136000,0,1,0.0,-3.0,793.062744140625,0.02529398538172245,4.256585597991943,-3.181155204772949,12
lip-search-s144,/cephfs/home/mkairov/gradim/energy_shaping/runs/mix-N8-K2V2-V62_1M/energygradmem_llama_L4H4D256_mem8_K2_ilr0.4_energy_lip0.003_L5_msearch1.0_n4_r0.25_gainema0.99_mingain0.3_grad_second_stepalign0.1_iread0.1_bs_64_lr_1e-04_fp32_init_plateau/run_2/checkpoint-136000,0,1,0.5,-3.0,793.0264282226562,-0.010955810546875,3.5639450550079346,-3.873795747756958,12
lip-search-s144,/cephfs/home/mkairov/gradim/energy_shaping/runs/mix-N8-K2V2-V62_1M/energygradmem_llama_L4H4D256_mem8_K2_ilr0.4_energy_lip0.003_L5_msearch1.0_n4_r0.25_gainema0.99_mingain0.3_grad_second_stepalign0.1_iread0.1_bs_64_lr_1e-04_fp32_init_plateau/run_2/checkpoint-136000,0,1,1.0,-3.0,793.0022583007812,-0.0350901298224926,2.0680153369903564,-5.369725704193115,12
lip-search-s144,/cephfs/home/mkairov/gradim/energy_shaping/runs/mix-N8-K2V2-V62_1M/energygradmem_llama_L4H4D256_mem8_K2_ilr0.4_energy_lip0.003_L5_msearch1.0_n4_r0.25_gainema0.99_mingain0.3_grad_second_stepalign0.1_iread0.1_bs_64_lr_1e-04_fp32_init_plateau/run_2/checkpoint-136000,0,1,1.5,-3.0,792.9871215820312,-0.0502675361931324,1.9989031553268433,-5.43883752822876,12
lip-search-s144,/cephfs/home/mkairov/gradim/energy_shaping/runs/mix-N8-K2V2-V62_1M/energygradmem_llama_L4H4D256_mem8_K2_ilr0.4_energy_lip0.003_L5_msearch1.0_n4_r0.25_gainema0.99_mingain0.3_grad_second_stepalign0.1_iread0.1_bs_64_lr_1e-04_fp32_init_plateau/run_2/checkpoint-136000,0,1,2.0,-3.0,792.976806640625,-0.0606180839240551,1.7516015768051147,-5.68613862991333,12
lip-search-s144,/cephfs/home/mkairov/gradim/energy_shaping/runs/mix-N8-K2V2-V62_1M/energygradmem_llama_L4H4D256_mem8_K2_ilr0.4_energy_lip0.003_L5_msearch1.0_n4_r0.25_gainema0.99_mingain0.3_grad_second_stepalign0.1_iread0.1_bs_64_lr_1e-04_fp32_init_plateau/run_2/checkpoint-136000,0,1,2.5,-3.0,792.973388671875,-0.0640207901597023,1.5462493896484375,-5.891490936279297,12
lip-search-s144,/cephfs/home/mkairov/gradim/energy_shaping/runs/mix-N8-K2V2-V62_1M/energygradmem_llama_L4H4D256_mem8_K2_ilr0.4_energy_lip0.003_L5_msearch1.0_n4_r0.25_gainema0.99_mingain0.3_grad_second_stepalign0.1_iread0.1_bs_64_lr_1e-04_fp32_init_plateau/run_2/checkpoint-136000,0,1,3.0,-3.0,792.971923828125,-0.0654347762465477,1.4445304870605469,-5.9932098388671875,12
lip-search-s144,/cephfs/home/mkairov/gradim/energy_shaping/runs/mix-N8-K2V2-V62_1M/energygradmem_llama_L4H4D256_mem8_K2_ilr0.4_energy_lip0.003_L5_msearch1.0_n4_r0.25_gainema0.99_mingain0.3_grad_second_stepalign0.1_iread0.1_bs_64_lr_1e-04_fp32_init_plateau/run_2/checkpoint-136000,0,1,-3.0,-2.5,793.13134765625,0.0938873291015625,9.170252799987793,1.7325125932693481,12
lip-search-s144,/cephfs/home/mkairov/gradim/energy_shaping/runs/mix-N8-K2V2-V62_1M/energygradmem_llama_L4H4D256_mem8_K2_ilr0.4_energy_lip0.003_L5_msearch1.0_n4_r0.25_gainema0.99_mingain0.3_grad_second_stepalign0.1_iread0.1_bs_64_lr_1e-04_fp32_init_plateau/run_2/checkpoint-136000,0,1,-2.5,-2.5,793.12939453125,0.092041015625,9.198094367980957,1.760353922843933,12
lip-search-s144,/cephfs/home/mkairov/gradim/energy_shaping/runs/mix-N8-K2V2-V62_1M/energygradmem_llama_L4H4D256_mem8_K2_ilr0.4_energy_lip0.003_L5_msearch1.0_n4_r0.25_gainema0.99_mingain0.3_grad_second_stepalign0.1_iread0.1_bs_64_lr_1e-04_fp32_init_plateau/run_2/checkpoint-136000,0,1,-2.0,-2.5,793.1259765625,0.0885264053940773,8.526841163635254,1.0891000032424927,12
lip-search-s144,/cephfs/home/mkairov/gradim/energy_shaping/runs/mix-N8-K2V2-V62_1M/energygradmem_llama_L4H4D256_mem8_K2_ilr0.4_energy_lip0.003_L5_msearch1.0_n4_r0.25_gainema0.99_mingain0.3_grad_second_stepalign0.1_iread0.1_bs_64_lr_1e-04_fp32_init_plateau/run_2/checkpoint-136000,0,1,-1.5,-2.5,793.119873046875,0.0824076309800148,7.918328762054443,0.48058831691741943,12
lip-search-s144,/cephfs/home/mkairov/gradim/energy_shaping/runs/mix-N8-K2V2-V62_1M/energygradmem_llama_L4H4D256_mem8_K2_ilr0.4_energy_lip0.003_L5_msearch1.0_n4_r0.25_gainema0.99_mingain0.3_grad_second_stepalign0.1_iread0.1_bs_64_lr_1e-04_fp32_init_plateau/run_2/checkpoint-136000,0,1,-1.0,-2.5,793.1094360351562,0.0720265731215477,7.670072078704834,0.2323310375213623,12
lip-search-s144,/cephfs/home/mkairov/gradim/energy_shaping/runs/mix-N8-K2V2-V62_1M/energygradmem_llama_L4H4D256_mem8_K2_ilr0.4_energy_lip0.003_L5_msearch1.0_n4_r0.25_gainema0.99_mingain0.3_grad_second_stepalign0.1_iread0.1_bs_64_lr_1e-04_fp32_init_plateau/run_2/checkpoint-136000,0,1,-0.5,-2.5,793.0940551757812,0.0566457100212574,6.474833965301514,-0.9629066586494446,12
lip-search-s144,/cephfs/home/mkairov/gradim/energy_shaping/runs/mix-N8-K2V2-V62_1M/energygradmem_llama_L4H4D256_mem8_K2_ilr0.4_energy_lip0.003_L5_msearch1.0_n4_r0.25_gainema0.99_mingain0.3_grad_second_stepalign0.1_iread0.1_bs_64_lr_1e-04_fp32_init_plateau/run_2/checkpoint-136000,0,1,0.0,-2.5,793.0640258789062,0.02666219137609005,4.397963523864746,-3.0397770404815674,12
lip-search-s144,/cephfs/home/mkairov/gradim/energy_shaping/runs/mix-N8-K2V2-V62_1M/energygradmem_llama_L4H4D256_mem8_K2_ilr0.4_energy_lip0.003_L5_msearch1.0_n4_r0.25_gainema0.99_mingain0.3_grad_second_stepalign0.1_iread0.1_bs_64_lr_1e-04_fp32_init_plateau/run_2/checkpoint-136000,0,1,0.5,-2.5,793.0192260742188,-0.01813252829015255,3.268348455429077,-4.169392108917236,12
lip-search-s144,/cephfs/home/mkairov/gradim/energy_shaping/runs/mix-N8-K2V2-V62_1M/energygradmem_llama_L4H4D256_mem8_K2_ilr0.4_energy_lip0.003_L5_msearch1.0_n4_r0.25_gainema0.99_mingain0.3_grad_second_stepalign0.1_iread0.1_bs_64_lr_1e-04_fp32_init_plateau/run_2/checkpoint-136000,0,1,1.0,-2.5,792.9926147460938,-0.0447896309196949,1.9899893999099731,-5.447751522064209,12
lip-search-s144,/cephfs/home/mkairov/gradim/energy_shaping/runs/mix-N8-K2V2-V62_1M/energygradmem_llama_L4H4D256_mem8_K2_ilr0.4_energy_lip0.003_L5_msearch1.0_n4_r0.25_gainema0.99_mingain0.3_grad_second_stepalign0.1_iread0.1_bs_64_lr_1e-04_fp32_init_plateau/run_2/checkpoint-136000,0,1,1.5,-2.5,792.9767456054688,-0.060638427734375,1.7311558723449707,-5.706584930419922,12
lip-search-s144,/cephfs/home/mkairov/gradim/energy_shaping/runs/mix-N8-K2V2-V62_1M/energygradmem_llama_L4H4D256_mem8_K2_ilr0.4_energy_lip0.003_L5_msearch1.0_n4_r0.25_gainema0.99_mingain0.3_grad_second_stepalign0.1_iread0.1_bs_64_lr_1e-04_fp32_init_plateau/run_2/checkpoint-136000,0,1,2.0,-2.5,792.9705200195312,-0.06689453125,1.4486323595046997,-5.989108562469482,12
lip-search-s144,/cephfs/home/mkairov/gradim/energy_shaping/runs/mix-N8-K2V2-V62_1M/energygradmem_llama_L4H4D256_mem8_K2_ilr0.4_energy_lip0.003_L5_msearch1.0_n4_r0.25_gainema0.99_mingain0.3_grad_second_stepalign0.1_iread0.1_bs_64_lr_1e-04_fp32_init_plateau/run_2/checkpoint-136000,0,1,2.5,-2.5,792.9684448242188,-0.0689544677734375,1.2228630781173706,-6.214878082275391,12
lip-search-s144,/cephfs/home/mkairov/gradim/energy_shaping/runs/mix-N8-K2V2-V62_1M/energygradmem_llama_L4H4D256_mem8_K2_ilr0.4_energy_lip0.003_L5_msearch1.0_n4_r0.25_gainema0.99_mingain0.3_grad_second_stepalign0.1_iread0.1_bs_64_lr_1e-04_fp32_init_plateau/run_2/checkpoint-136000,0,1,3.0,-2.5,792.9680786132812,-0.0693461075425148,1.177091360092163,-6.26064920425415,12
lip-search-s144,/cephfs/home/mkairov/gradim/energy_shaping/runs/mix-N8-K2V2-V62_1M/energygradmem_llama_L4H4D256_mem8_K2_ilr0.4_energy_lip0.003_L5_msearch1.0_n4_r0.25_gainema0.99_mingain0.3_grad_second_stepalign0.1_iread0.1_bs_64_lr_1e-04_fp32_init_plateau/run_2/checkpoint-136000,0,1,-3.0,-2.0,793.1375122070312,0.1001129150390625,9.567641258239746,2.1299002170562744,12
lip-search-s144,/cephfs/home/mkairov/gradim/energy_shaping/runs/mix-N8-K2V2-V62_1M/energygradmem_llama_L4H4D256_mem8_K2_ilr0.4_energy_lip0.003_L5_msearch1.0_n4_r0.25_gainema0.99_mingain0.3_grad_second_stepalign0.1_iread0.1_bs_64_lr_1e-04_fp32_init_plateau/run_2/checkpoint-136000,0,1,-2.5,-2.0,793.1370239257812,0.0996348038315773,9.570111274719238,2.132370710372925,12
lip-search-s144,/cephfs/home/mkairov/gradim/energy_shaping/runs/mix-N8-K2V2-V62_1M/energygradmem_llama_L4H4D256_mem8_K2_ilr0.4_energy_lip0.003_L5_msearch1.0_n4_r0.25_gainema0.99_mingain0.3_grad_second_stepalign0.1_iread0.1_bs_64_lr_1e-04_fp32_init_plateau/run_2/checkpoint-136000,0,1,-2.0,-2.0,793.135009765625,0.0975443497300148,8.899140357971191,1.4614003896713257,12
lip-search-s144,/cephfs/home/mkairov/gradim/energy_shaping/runs/mix-N8-K2V2-V62_1M/energygradmem_llama_L4H4D256_mem8_K2_ilr0.4_energy_lip0.003_L5_msearch1.0_n4_r0.25_gainema0.99_mingain0.3_grad_second_stepalign0.1_iread0.1_bs_64_lr_1e-04_fp32_init_plateau/run_2/checkpoint-136000,0,1,-1.5,-2.0,793.130859375,0.09344482421875,8.668634414672852,1.2308934926986694,12
lip-search-s144,/cephfs/home/mkairov/gradim/energy_shaping/runs/mix-N8-K2V2-V62_1M/energygradmem_llama_L4H4D256_mem8_K2_ilr0.4_energy_lip0.003_L5_msearch1.0_n4_r0.25_gainema0.99_mingain0.3_grad_second_stepalign0.1_iread0.1_bs_64_lr_1e-04_fp32_init_plateau/run_2/checkpoint-136000,0,1,-1.0,-2.0,793.12158203125,0.0841217041015625,7.7502055168151855,0.31246447563171387,12
lip-search-s144,/cephfs/home/mkairov/gradim/energy_shaping/runs/mix-N8-K2V2-V62_1M/energygradmem_llama_L4H4D256_mem8_K2_ilr0.4_energy_lip0.003_L5_msearch1.0_n4_r0.25_gainema0.99_mingain0.3_grad_second_stepalign0.1_iread0.1_bs_64_lr_1e-04_fp32_init_plateau/run_2/checkpoint-136000,0,1,-0.5,-2.0,793.1027221679688,0.0653533935546875,6.660045623779297,-0.77769535779953,12
lip-search-s144,/cephfs/home/mkairov/gradim/energy_shaping/runs/mix-N8-K2V2-V62_1M/energygradmem_llama_L4H4D256_mem8_K2_ilr0.4_energy_lip0.003_L5_msearch1.0_n4_r0.25_gainema0.99_mingain0.3_grad_second_stepalign0.1_iread0.1_bs_64_lr_1e-04_fp32_init_plateau/run_2/checkpoint-136000,0,1,0.0,-2.0,793.067138671875,0.02972412109375,4.451134204864502,-2.9866065979003906,12
lip-search-s144,/cephfs/home/mkairov/gradim/energy_shaping/runs/mix-N8-K2V2-V62_1M/energygradmem_llama_L4H4D256_mem8_K2_ilr0.4_energy_lip0.003_L5_msearch1.0_n4_r0.25_gainema0.99_mingain0.3_grad_second_stepalign0.1_iread0.1_bs_64_lr_1e-04_fp32_init_plateau/run_2/checkpoint-136000,0,1,0.5,-2.0,793.0095825195312,-0.02784220315515995,2.6126809120178223,-4.82505989074707,12
lip-search-s144,/cephfs/home/mkairov/gradim/energy_shaping/runs/mix-N8-K2V2-V62_1M/energygradmem_llama_L4H4D256_mem8_K2_ilr0.4_energy_lip0.003_L5_msearch1.0_n4_r0.25_gainema0.99_mingain0.3_grad_second_stepalign0.1_iread0.1_bs_64_lr_1e-04_fp32_init_plateau/run_2/checkpoint-136000,0,1,1.0,-2.0,792.9810180664062,-0.0564066581428051,1.8501394987106323,-5.587601184844971,12
lip-search-s144,/cephfs/home/mkairov/gradim/energy_shaping/runs/mix-N8-K2V2-V62_1M/energygradmem_llama_L4H4D256_mem8_K2_ilr0.4_energy_lip0.003_L5_msearch1.0_n4_r0.25_gainema0.99_mingain0.3_grad_second_stepalign0.1_iread0.1_bs_64_lr_1e-04_fp32_init_plateau/run_2/checkpoint-136000,0,1,1.5,-2.0,792.9683227539062,-0.0690561905503273,1.4183861017227173,-6.019355297088623,12
lip-search-s144,/cephfs/home/mkairov/gradim/energy_shaping/runs/mix-N8-K2V2-V62_1M/energygradmem_llama_L4H4D256_mem8_K2_ilr0.4_energy_lip0.003_L5_msearch1.0_n4_r0.25_gainema0.99_mingain0.3_grad_second_stepalign0.1_iread0.1_bs_64_lr_1e-04_fp32_init_plateau/run_2/checkpoint-136000,0,1,2.0,-2.0,792.9646606445312,-0.0727132186293602,1.012265682220459,-6.425475597381592,12
lip-search-s144,/cephfs/home/mkairov/gradim/energy_shaping/runs/mix-N8-K2V2-V62_1M/energygradmem_llama_L4H4D256_mem8_K2_ilr0.4_energy_lip0.003_L5_msearch1.0_n4_r0.25_gainema0.99_mingain0.3_grad_second_stepalign0.1_iread0.1_bs_64_lr_1e-04_fp32_init_plateau/run_2/checkpoint-136000,0,1,2.5,-2.0,792.9640502929688,-0.0733693465590477,0.9337132573127747,-6.5040283203125,12
lip-search-s144,/cephfs/home/mkairov/gradim/energy_shaping/runs/mix-N8-K2V2-V62_1M/energygradmem_llama_L4H4D256_mem8_K2_ilr0.4_energy_lip0.003_L5_msearch1.0_n4_r0.25_gainema0.99_mingain0.3_grad_second_stepalign0.1_iread0.1_bs_64_lr_1e-04_fp32_init_plateau/run_2/checkpoint-136000,0,1,3.0,-2.0,792.9646606445312,-0.072723388671875,0.775108814239502,-6.662631988525391,12
lip-search-s144,/cephfs/home/mkairov/gradim/energy_shaping/runs/mix-N8-K2V2-V62_1M/energygradmem_llama_L4H4D256_mem8_K2_ilr0.4_energy_lip0.003_L5_msearch1.0_n4_r0.25_gainema0.99_mingain0.3_grad_second_stepalign0.1_iread0.1_bs_64_lr_1e-04_fp32_init_plateau/run_2/checkpoint-136000,0,1,-3.0,-1.5,793.14501953125,0.1075642928481102,10.72876262664795,3.2910220623016357,12
lip-search-s144,/cephfs/home/mkairov/gradim/energy_shaping/runs/mix-N8-K2V2-V62_1M/energygradmem_llama_L4H4D256_mem8_K2_ilr0.4_energy_lip0.003_L5_msearch1.0_n4_r0.25_gainema0.99_mingain0.3_grad_second_stepalign0.1_iread0.1_bs_64_lr_1e-04_fp32_init_plateau/run_2/checkpoint-136000,0,1,-2.5,-1.5,793.1458129882812,0.1083984375,10.552721977233887,3.1149814128875732,12
lip-search-s144,/cephfs/home/mkairov/gradim/energy_shaping/runs/mix-N8-K2V2-V62_1M/energygradmem_llama_L4H4D256_mem8_K2_ilr0.4_energy_lip0.003_L5_msearch1.0_n4_r0.25_gainema0.99_mingain0.3_grad_second_stepalign0.1_iread0.1_bs_64_lr_1e-04_fp32_init_plateau/run_2/checkpoint-136000,0,1,-2.0,-1.5,793.1445922851562,0.1071879044175148,9.837210655212402,2.399470567703247,12
lip-search-s144,/cephfs/home/mkairov/gradim/energy_shaping/runs/mix-N8-K2V2-V62_1M/energygradmem_llama_L4H4D256_mem8_K2_ilr0.4_energy_lip0.003_L5_msearch1.0_n4_r0.25_gainema0.99_mingain0.3_grad_second_stepalign0.1_iread0.1_bs_64_lr_1e-04_fp32_init_plateau/run_2/checkpoint-136000,0,1,-1.5,-1.5,793.1428833007812,0.1055196151137352,9.413052558898926,1.9753122329711914,12
lip-search-s144,/cephfs/home/mkairov/gradim/energy_shaping/runs/mix-N8-K2V2-V62_1M/energygradmem_llama_L4H4D256_mem8_K2_ilr0.4_energy_lip0.003_L5_msearch1.0_n4_r0.25_gainema0.99_mingain0.3_grad_second_stepalign0.1_iread0.1_bs_64_lr_1e-04_fp32_init_plateau/run_2/checkpoint-136000,0,1,-1.0,-1.5,793.13671875,0.0993296280503273,8.609030723571777,1.171290636062622,12
lip-search-s144,/cephfs/home/mkairov/gradim/energy_shaping/runs/mix-N8-K2V2-V62_1M/energygradmem_llama_L4H4D256_mem8_K2_ilr0.4_energy_lip0.003_L5_msearch1.0_n4_r0.25_gainema0.99_mingain0.3_grad_second_stepalign0.1_iread0.1_bs_64_lr_1e-04_fp32_init_plateau/run_2/checkpoint-136000,0,1,-0.5,-1.5,793.1166381835938,0.0791829451918602,6.956205368041992,-0.48153623938560486,12
lip-search-s144,/cephfs/home/mkairov/gradim/energy_shaping/runs/mix-N8-K2V2-V62_1M/energygradmem_llama_L4H4D256_mem8_K2_ilr0.4_energy_lip0.003_L5_msearch1.0_n4_r0.25_gainema0.99_mingain0.3_grad_second_stepalign0.1_iread0.1_bs_64_lr_1e-04_fp32_init_plateau/run_2/checkpoint-136000,0,1,0.0,-1.5,793.070068359375,0.0326385498046875,4.642794132232666,-2.7949466705322266,12
lip-search-s144,/cephfs/home/mkairov/gradim/energy_shaping/runs/mix-N8-K2V2-V62_1M/energygradmem_llama_L4H4D256_mem8_K2_ilr0.4_energy_lip0.003_L5_msearch1.0_n4_r0.25_gainema0.99_mingain0.3_grad_second_stepalign0.1_iread0.1_bs_64_lr_1e-04_fp32_init_plateau/run_2/checkpoint-136000,0,1,0.5,-1.5,792.9989624023438,-0.0384674072265625,2.2908036708831787,-5.146936893463135,12
lip-search-s144,/cephfs/home/mkairov/gradim/energy_shaping/runs/mix-N8-K2V2-V62_1M/energygradmem_llama_L4H4D256_mem8_K2_ilr0.4_energy_lip0.003_L5_msearch1.0_n4_r0.25_gainema0.99_mingain0.3_grad_second_stepalign0.1_iread0.1_bs_64_lr_1e-04_fp32_init_plateau/run_2/checkpoint-136000,0,1,1.0,-1.5,792.9695434570312,-0.0677846297621727,1.5303515195846558,-5.907389163970947,12
lip-search-s144,/cephfs/home/mkairov/gradim/energy_shaping/runs/mix-N8-K2V2-V62_1M/energygradmem_llama_L4H4D256_mem8_K2_ilr0.4_energy_lip0.003_L5_msearch1.0_n4_r0.25_gainema0.99_mingain0.3_grad_second_stepalign0.1_iread0.1_bs_64_lr_1e-04_fp32_init_plateau/run_2/checkpoint-136000,0,1,1.5,-1.5,792.96142578125,-0.07598876953125,0.7785163521766663,-6.659224033355713,12
lip-search-s144,/cephfs/home/mkairov/gradim/energy_shaping/runs/mix-N8-K2V2-V62_1M/energygradmem_llama_L4H4D256_mem8_K2_ilr0.4_energy_lip0.003_L5_msearch1.0_n4_r0.25_gainema0.99_mingain0.3_grad_second_stepalign0.1_iread0.1_bs_64_lr_1e-04_fp32_init_plateau/run_2/checkpoint-136000,0,1,2.0,-1.5,792.9600219726562,-0.0773874893784523,0.4538288414478302,-6.983911514282227,12
lip-search-s144,/cephfs/home/mkairov/gradim/energy_shaping/runs/mix-N8-K2V2-V62_1M/energygradmem_llama_L4H4D256_mem8_K2_ilr0.4_energy_lip0.003_L5_msearch1.0_n4_r0.25_gainema0.99_mingain0.3_grad_second_stepalign0.1_iread0.1_bs_64_lr_1e-04_fp32_init_plateau/run_2/checkpoint-136000,0,1,2.5,-1.5,792.960693359375,-0.076629638671875,0.37145161628723145,-7.066288471221924,12
lip-search-s144,/cephfs/home/mkairov/gradim/energy_shaping/runs/mix-N8-K2V2-V62_1M/energygradmem_llama_L4H4D256_mem8_K2_ilr0.4_energy_lip0.003_L5_msearch1.0_n4_r0.25_gainema0.99_mingain0.3_grad_second_stepalign0.1_iread0.1_bs_64_lr_1e-04_fp32_init_plateau/run_2/checkpoint-136000,0,1,3.0,-1.5,792.9622192382812,-0.075164794921875,0.46531274914741516,-6.972427845001221,12
lip-search-s144,/cephfs/home/mkairov/gradim/energy_shaping/runs/mix-N8-K2V2-V62_1M/energygradmem_llama_L4H4D256_mem8_K2_ilr0.4_energy_lip0.003_L5_msearch1.0_n4_r0.25_gainema0.99_mingain0.3_grad_second_stepalign0.1_iread0.1_bs_64_lr_1e-04_fp32_init_plateau/run_2/checkpoint-136000,0,1,-3.0,-1.0,793.0482788085938,0.010843913070857525,10.773896217346191,3.336155652999878,12
lip-search-s144,/cephfs/home/mkairov/gradim/energy_shaping/runs/mix-N8-K2V2-V62_1M/energygradmem_llama_L4H4D256_mem8_K2_ilr0.4_energy_lip0.003_L5_msearch1.0_n4_r0.25_gainema0.99_mingain0.3_grad_second_stepalign0.1_iread0.1_bs_64_lr_1e-04_fp32_init_plateau/run_2/checkpoint-136000,0,1,-2.5,-1.0,792.5382690429688,-0.49908447265625,10.978991508483887,3.541250228881836,12
lip-search-s144,/cephfs/home/mkairov/gradim/energy_shaping/runs/mix-N8-K2V2-V62_1M/energygradmem_llama_L4H4D256_mem8_K2_ilr0.4_energy_lip0.003_L5_msearch1.0_n4_r0.25_gainema0.99_mingain0.3_grad_second_stepalign0.1_iread0.1_bs_64_lr_1e-04_fp32_init_plateau/run_2/checkpoint-136000,0,1,-2.0,-1.0,792.4758911132812,-0.561431884765625,10.45422649383545,3.0164852142333984,12
lip-search-s144,/cephfs/home/mkairov/gradim/energy_shaping/runs/mix-N8-K2V2-V62_1M/energygradmem_llama_L4H4D256_mem8_K2_ilr0.4_energy_lip0.003_L5_msearch1.0_n4_r0.25_gainema0.99_mingain0.3_grad_second_stepalign0.1_iread0.1_bs_64_lr_1e-04_fp32_init_plateau/run_2/checkpoint-136000,0,1,-1.5,-1.0,792.88330078125,-0.1541035920381546,9.450379371643066,2.0126397609710693,12
lip-search-s144,/cephfs/home/mkairov/gradim/energy_shaping/runs/mix-N8-K2V2-V62_1M/energygradmem_llama_L4H4D256_mem8_K2_ilr0.4_energy_lip0.003_L5_msearch1.0_n4_r0.25_gainema0.99_mingain0.3_grad_second_stepalign0.1_iread0.1_bs_64_lr_1e-04_fp32_init_plateau/run_2/checkpoint-136000,0,1,-1.0,-1.0,793.153564453125,0.1161702498793602,8.908407211303711,1.4706659317016602,12
lip-search-s144,/cephfs/home/mkairov/gradim/energy_shaping/runs/mix-N8-K2V2-V62_1M/energygradmem_llama_L4H4D256_mem8_K2_ilr0.4_energy_lip0.003_L5_msearch1.0_n4_r0.25_gainema0.99_mingain0.3_grad_second_stepalign0.1_iread0.1_bs_64_lr_1e-04_fp32_init_plateau/run_2/checkpoint-136000,0,1,-0.5,-1.0,793.135986328125,0.0985463485121727,7.3864312171936035,-0.05130887031555176,12
lip-search-s144,/cephfs/home/mkairov/gradim/energy_shaping/runs/mix-N8-K2V2-V62_1M/energygradmem_llama_L4H4D256_mem8_K2_ilr0.4_energy_lip0.003_L5_msearch1.0_n4_r0.25_gainema0.99_mingain0.3_grad_second_stepalign0.1_iread0.1_bs_64_lr_1e-04_fp32_init_plateau/run_2/checkpoint-136000,0,1,0.0,-1.0,793.06396484375,0.02663167379796505,5.514957427978516,-1.9227834939956665,12
lip-search-s144,/cephfs/home/mkairov/gradim/energy_shaping/runs/mix-N8-K2V2-V62_1M/energygradmem_llama_L4H4D256_mem8_K2_ilr0.4_energy_lip0.003_L5_msearch1.0_n4_r0.25_gainema0.99_mingain0.3_grad_second_stepalign0.1_iread0.1_bs_64_lr_1e-04_fp32_init_plateau/run_2/checkpoint-136000,0,1,0.5,-1.0,792.9861450195312,-0.0511372871696949,1.486229419708252,-5.951510906219482,12
lip-search-s144,/cephfs/home/mkairov/gradim/energy_shaping/runs/mix-N8-K2V2-V62_1M/energygradmem_llama_L4H4D256_mem8_K2_ilr0.4_energy_lip0.003_L5_msearch1.0_n4_r0.25_gainema0.99_mingain0.3_grad_second_stepalign0.1_iread0.1_bs_64_lr_1e-04_fp32_init_plateau/run_2/checkpoint-136000,0,1,1.0,-1.0,792.9606323242188,-0.0767822265625,0.515019416809082,-6.922720432281494,12
lip-search-s144,/cephfs/home/mkairov/gradim/energy_shaping/runs/mix-N8-K2V2-V62_1M/energygradmem_llama_L4H4D256_mem8_K2_ilr0.4_energy_lip0.003_L5_msearch1.0_n4_r0.25_gainema0.99_mingain0.3_grad_second_stepalign0.1_iread0.1_bs_64_lr_1e-04_fp32_init_plateau/run_2/checkpoint-136000,0,1,1.5,-1.0,792.9564819335938,-0.0809885635972023,0.21232467889785767,-7.22541618347168,12
lip-search-s144,/cephfs/home/mkairov/gradim/energy_shaping/runs/mix-N8-K2V2-V62_1M/energygradmem_llama_L4H4D256_mem8_K2_ilr0.4_energy_lip0.003_L5_msearch1.0_n4_r0.25_gainema0.99_mingain0.3_grad_second_stepalign0.1_iread0.1_bs_64_lr_1e-04_fp32_init_plateau/run_2/checkpoint-136000,0,1,2.0,-1.0,792.9568481445312,-0.080535888671875,0.10540276020765305,-7.332337856292725,12
lip-search-s144,/cephfs/home/mkairov/gradim/energy_shaping/runs/mix-N8-K2V2-V62_1M/energygradmem_llama_L4H4D256_mem8_K2_ilr0.4_energy_lip0.003_L5_msearch1.0_n4_r0.25_gainema0.99_mingain0.3_grad_second_stepalign0.1_iread0.1_bs_64_lr_1e-04_fp32_init_plateau/run_2/checkpoint-136000,0,1,2.5,-1.0,792.9586791992188,-0.078704833984375,0.1978987455368042,-7.239841938018799,12
lip-search-s144,/cephfs/home/mkairov/gradim/energy_shaping/runs/mix-N8-K2V2-V62_1M/energygradmem_llama_L4H4D256_mem8_K2_ilr0.4_energy_lip0.003_L5_msearch1.0_n4_r0.25_gainema0.99_mingain0.3_grad_second_stepalign0.1_iread0.1_bs_64_lr_1e-04_fp32_init_plateau/run_2/checkpoint-136000,0,1,3.0,-1.0,792.9607543945312,-0.0766194686293602,0.3274948298931122,-7.110245227813721,12
lip-search-s144,/cephfs/home/mkairov/gradim/energy_shaping/runs/mix-N8-K2V2-V62_1M/energygradmem_llama_L4H4D256_mem8_K2_ilr0.4_energy_lip0.003_L5_msearch1.0_n4_r0.25_gainema0.99_mingain0.3_grad_second_stepalign0.1_iread0.1_bs_64_lr_1e-04_fp32_init_plateau/run_2/checkpoint-136000,0,1,-3.0,-0.5,792.2551879882812,-0.7821705937385559,10.96807861328125,3.5303382873535156,12
lip-search-s144,/cephfs/home/mkairov/gradim/energy_shaping/runs/mix-N8-K2V2-V62_1M/energygradmem_llama_L4H4D256_mem8_K2_ilr0.4_energy_lip0.003_L5_msearch1.0_n4_r0.25_gainema0.99_mingain0.3_grad_second_stepalign0.1_iread0.1_bs_64_lr_1e-04_fp32_init_plateau/run_2/checkpoint-136000,0,1,-2.5,-0.5,792.1024780273438,-0.9349161982536316,11.218626976013184,3.78088641166687,12
lip-search-s144,/cephfs/home/mkairov/gradim/energy_shaping/runs/mix-N8-K2V2-V62_1M/energygradmem_llama_L4H4D256_mem8_K2_ilr0.4_energy_lip0.003_L5_msearch1.0_n4_r0.25_gainema0.99_mingain0.3_grad_second_stepalign0.1_iread0.1_bs_64_lr_1e-04_fp32_init_plateau/run_2/checkpoint-136000,0,1,-2.0,-0.5,791.7532348632812,-1.2841949462890625,10.633281707763672,3.1955416202545166,12
lip-search-s144,/cephfs/home/mkairov/gradim/energy_shaping/runs/mix-N8-K2V2-V62_1M/energygradmem_llama_L4H4D256_mem8_K2_ilr0.4_energy_lip0.003_L5_msearch1.0_n4_r0.25_gainema0.99_mingain0.3_grad_second_stepalign0.1_iread0.1_bs_64_lr_1e-04_fp32_init_plateau/run_2/checkpoint-136000,0,1,-1.5,-0.5,791.7061157226562,-1.3312734365463257,10.051968574523926,2.6142280101776123,12
lip-search-s144,/cephfs/home/mkairov/gradim/energy_shaping/runs/mix-N8-K2V2-V62_1M/energygradmem_llama_L4H4D256_mem8_K2_ilr0.4_energy_lip0.003_L5_msearch1.0_n4_r0.25_gainema0.99_mingain0.3_grad_second_stepalign0.1_iread0.1_bs_64_lr_1e-04_fp32_init_plateau/run_2/checkpoint-136000,0,1,-1.0,-0.5,791.8047485351562,-1.2326101064682007,8.824040412902832,1.3862996101379395,12
lip-search-s144,/cephfs/home/mkairov/gradim/energy_shaping/runs/mix-N8-K2V2-V62_1M/energygradmem_llama_L4H4D256_mem8_K2_ilr0.4_energy_lip0.003_L5_msearch1.0_n4_r0.25_gainema0.99_mingain0.3_grad_second_stepalign0.1_iread0.1_bs_64_lr_1e-04_fp32_init_plateau/run_2/checkpoint-136000,0,1,-0.5,-0.5,793.1541137695312,0.1168009415268898,8.545557975769043,1.1078170537948608,12
lip-search-s144,/cephfs/home/mkairov/gradim/energy_shaping/runs/mix-N8-K2V2-V62_1M/energygradmem_llama_L4H4D256_mem8_K2_ilr0.4_energy_lip0.003_L5_msearch1.0_n4_r0.25_gainema0.99_mingain0.3_grad_second_stepalign0.1_iread0.1_bs_64_lr_1e-04_fp32_init_plateau/run_2/checkpoint-136000,0,1,0.0,-0.5,793.0484008789062,0.011042277328670025,7.01378059387207,-0.4239598512649536,12
lip-search-s144,/cephfs/home/mkairov/gradim/energy_shaping/runs/mix-N8-K2V2-V62_1M/energygradmem_llama_L4H4D256_mem8_K2_ilr0.4_energy_lip0.003_L5_msearch1.0_n4_r0.25_gainema0.99_mingain0.3_grad_second_stepalign0.1_iread0.1_bs_64_lr_1e-04_fp32_init_plateau/run_2/checkpoint-136000,0,1,0.5,-0.5,792.9760131835938,-0.0613047294318676,0.9895411133766174,-6.4481987953186035,12
lip-search-s144,/cephfs/home/mkairov/gradim/energy_shaping/runs/mix-N8-K2V2-V62_1M/energygradmem_llama_L4H4D256_mem8_K2_ilr0.4_energy_lip0.003_L5_msearch1.0_n4_r0.25_gainema0.99_mingain0.3_grad_second_stepalign0.1_iread0.1_bs_64_lr_1e-04_fp32_init_plateau/run_2/checkpoint-136000,0,1,1.0,-0.5,792.9556274414062,-0.081695556640625,0.035557568073272705,-7.402182102203369,12
lip-search-s144,/cephfs/home/mkairov/gradim/energy_shaping/runs/mix-N8-K2V2-V62_1M/energygradmem_llama_L4H4D256_mem8_K2_ilr0.4_energy_lip0.003_L5_msearch1.0_n4_r0.25_gainema0.99_mingain0.3_grad_second_stepalign0.1_iread0.1_bs_64_lr_1e-04_fp32_init_plateau/run_2/checkpoint-136000,0,1,1.5,-0.5,792.9537963867188,-0.0835774764418602,0.04539436474442482,-7.3923468589782715,12
lip-search-s144,/cephfs/home/mkairov/gradim/energy_shaping/runs/mix-N8-K2V2-V62_1M/energygradmem_llama_L4H4D256_mem8_K2_ilr0.4_energy_lip0.003_L5_msearch1.0_n4_r0.25_gainema0.99_mingain0.3_grad_second_stepalign0.1_iread0.1_bs_64_lr_1e-04_fp32_init_plateau/run_2/checkpoint-136000,0,1,2.0,-0.5,792.955322265625,-0.0820566788315773,0.1485883742570877,-7.289152145385742,12
lip-search-s144,/cephfs/home/mkairov/gradim/energy_shaping/runs/mix-N8-K2V2-V62_1M/energygradmem_llama_L4H4D256_mem8_K2_ilr0.4_energy_lip0.003_L5_msearch1.0_n4_r0.25_gainema0.99_mingain0.3_grad_second_stepalign0.1_iread0.1_bs_64_lr_1e-04_fp32_init_plateau/run_2/checkpoint-136000,0,1,2.5,-0.5,792.9577026367188,-0.0797271728515625,0.2681020200252533,-7.1696391105651855,12
lip-search-s144,/cephfs/home/mkairov/gradim/energy_shaping/runs/mix-N8-K2V2-V62_1M/energygradmem_llama_L4H4D256_mem8_K2_ilr0.4_energy_lip0.003_L5_msearch1.0_n4_r0.25_gainema0.99_mingain0.3_grad_second_stepalign0.1_iread0.1_bs_64_lr_1e-04_fp32_init_plateau/run_2/checkpoint-136000,0,1,3.0,-0.5,792.9601440429688,-0.0773264542222023,0.397779256105423,-7.039961338043213,12
lip-search-s144,/cephfs/home/mkairov/gradim/energy_shaping/runs/mix-N8-K2V2-V62_1M/energygradmem_llama_L4H4D256_mem8_K2_ilr0.4_energy_lip0.003_L5_msearch1.0_n4_r0.25_gainema0.99_mingain0.3_grad_second_stepalign0.1_iread0.1_bs_64_lr_1e-04_fp32_init_plateau/run_2/checkpoint-136000,0,1,-3.0,0.0,792.347900390625,-0.6895497441291809,11.281638145446777,3.843897581100464,12
lip-search-s144,/cephfs/home/mkairov/gradim/energy_shaping/runs/mix-N8-K2V2-V62_1M/energygradmem_llama_L4H4D256_mem8_K2_ilr0.4_energy_lip0.003_L5_msearch1.0_n4_r0.25_gainema0.99_mingain0.3_grad_second_stepalign0.1_iread0.1_bs_64_lr_1e-04_fp32_init_plateau/run_2/checkpoint-136000,0,1,-2.5,0.0,791.9462280273438,-1.0912069082260132,12.157126426696777,4.719383716583252,12
lip-search-s144,/cephfs/home/mkairov/gradim/energy_shaping/runs/mix-N8-K2V2-V62_1M/energygradmem_llama_L4H4D256_mem8_K2_ilr0.4_energy_lip0.003_L5_msearch1.0_n4_r0.25_gainema0.99_mingain0.3_grad_second_stepalign0.1_iread0.1_bs_64_lr_1e-04_fp32_init_plateau/run_2/checkpoint-136000,0,1,-2.0,0.0,791.65673828125,-1.3806966543197632,11.545360565185547,4.107618808746338,12
lip-search-s144,/cephfs/home/mkairov/gradim/energy_shaping/runs/mix-N8-K2V2-V62_1M/energygradmem_llama_L4H4D256_mem8_K2_ilr0.4_energy_lip0.003_L5_msearch1.0_n4_r0.25_gainema0.99_mingain0.3_grad_second_stepalign0.1_iread0.1_bs_64_lr_1e-04_fp32_init_plateau/run_2/checkpoint-136000,0,1,-1.5,0.0,791.565185546875,-1.4722086191177368,10.567322731018066,3.1295814514160156,12
lip-search-s144,/cephfs/home/mkairov/gradim/energy_shaping/runs/mix-N8-K2V2-V62_1M/energygradmem_llama_L4H4D256_mem8_K2_ilr0.4_energy_lip0.003_L5_msearch1.0_n4_r0.25_gainema0.99_mingain0.3_grad_second_stepalign0.1_iread0.1_bs_64_lr_1e-04_fp32_init_plateau/run_2/checkpoint-136000,0,1,-1.0,0.0,791.716552734375,-1.3208669424057007,9.2346773147583,1.7969363927841187,12
lip-search-s144,/cephfs/home/mkairov/gradim/energy_shaping/runs/mix-N8-K2V2-V62_1M/energygradmem_llama_L4H4D256_mem8_K2_ilr0.4_energy_lip0.003_L5_msearch1.0_n4_r0.25_gainema0.99_mingain0.3_grad_second_stepalign0.1_iread0.1_bs_64_lr_1e-04_fp32_init_plateau/run_2/checkpoint-136000,0,1,-0.5,0.0,793.1614379882812,0.1240336075425148,9.11136531829834,1.6736243963241577,12
lip-search-s144,/cephfs/home/mkairov/gradim/energy_shaping/runs/mix-N8-K2V2-V62_1M/energygradmem_llama_L4H4D256_mem8_K2_ilr0.4_energy_lip0.003_L5_msearch1.0_n4_r0.25_gainema0.99_mingain0.3_grad_second_stepalign0.1_iread0.1_bs_64_lr_1e-04_fp32_init_plateau/run_2/checkpoint-136000,0,1,0.0,0.0,793.0374145507812,0.0,7.437740325927734,0.0,12
lip-search-s144,/cephfs/home/mkairov/gradim/energy_shaping/runs/mix-N8-K2V2-V62_1M/energygradmem_llama_L4H4D256_mem8_K2_ilr0.4_energy_lip0.003_L5_msearch1.0_n4_r0.25_gainema0.99_mingain0.3_grad_second_stepalign0.1_iread0.1_bs_64_lr_1e-04_fp32_init_plateau/run_2/checkpoint-136000,0,1,0.5,0.0,792.972900390625,-0.0644429549574852,1.1036615371704102,-6.334079265594482,12
lip-search-s144,/cephfs/home/mkairov/gradim/energy_shaping/runs/mix-N8-K2V2-V62_1M/energygradmem_llama_L4H4D256_mem8_K2_ilr0.4_energy_lip0.003_L5_msearch1.0_n4_r0.25_gainema0.99_mingain0.3_grad_second_stepalign0.1_iread0.1_bs_64_lr_1e-04_fp32_init_plateau/run_2/checkpoint-136000,0,1,1.0,0.0,792.95458984375,-0.0827433243393898,0.005049505736678839,-7.43269157409668,12
lip-search-s144,/cephfs/home/mkairov/gradim/energy_shaping/runs/mix-N8-K2V2-V62_1M/energygradmem_llama_L4H4D256_mem8_K2_ilr0.4_energy_lip0.003_L5_msearch1.0_n4_r0.25_gainema0.99_mingain0.3_grad_second_stepalign0.1_iread0.1_bs_64_lr_1e-04_fp32_init_plateau/run_2/checkpoint-136000,0,1,1.5,0.0,792.953369140625,-0.0840352401137352,0.03501236066222191,-7.4027276039123535,12
lip-search-s144,/cephfs/home/mkairov/gradim/energy_shaping/runs/mix-N8-K2V2-V62_1M/energygradmem_llama_L4H4D256_mem8_K2_ilr0.4_energy_lip0.003_L5_msearch1.0_n4_r0.25_gainema0.99_mingain0.3_grad_second_stepalign0.1_iread0.1_bs_64_lr_1e-04_fp32_init_plateau/run_2/checkpoint-136000,0,1,2.0,0.0,792.9550170898438,-0.0823313370347023,0.11615899950265884,-7.3215813636779785,12
lip-search-s144,/cephfs/home/mkairov/gradim/energy_shaping/runs/mix-N8-K2V2-V62_1M/energygradmem_llama_L4H4D256_mem8_K2_ilr0.4_energy_lip0.003_L5_msearch1.0_n4_r0.25_gainema0.99_mingain0.3_grad_second_stepalign0.1_iread0.1_bs_64_lr_1e-04_fp32_init_plateau/run_2/checkpoint-136000,0,1,2.5,0.0,792.9574584960938,-0.0799967423081398,0.2463216781616211,-7.1914191246032715,12
lip-search-s144,/cephfs/home/mkairov/gradim/energy_shaping/runs/mix-N8-K2V2-V62_1M/energygradmem_llama_L4H4D256_mem8_K2_ilr0.4_energy_lip0.003_L5_msearch1.0_n4_r0.25_gainema0.99_mingain0.3_grad_second_stepalign0.1_iread0.1_bs_64_lr_1e-04_fp32_init_plateau/run_2/checkpoint-136000,0,1,3.0,0.0,792.9598999023438,-0.0774739608168602,0.3730981647968292,-7.064642429351807,12
lip-search-s144,/cephfs/home/mkairov/gradim/energy_shaping/runs/mix-N8-K2V2-V62_1M/energygradmem_llama_L4H4D256_mem8_K2_ilr0.4_energy_lip0.003_L5_msearch1.0_n4_r0.25_gainema0.99_mingain0.3_grad_second_stepalign0.1_iread0.1_bs_64_lr_1e-04_fp32_init_plateau/run_2/checkpoint-136000,0,1,-3.0,0.5,792.459716796875,-0.5777232050895691,11.562885284423828,4.125144958496094,12
lip-search-s144,/cephfs/home/mkairov/gradim/energy_shaping/runs/mix-N8-K2V2-V62_1M/energygradmem_llama_L4H4D256_mem8_K2_ilr0.4_energy_lip0.003_L5_msearch1.0_n4_r0.25_gainema0.99_mingain0.3_grad_second_stepalign0.1_iread0.1_bs_64_lr_1e-04_fp32_init_plateau/run_2/checkpoint-136000,0,1,-2.5,0.5,792.4072265625,-0.6301676630973816,11.90659236907959,4.468851089477539,12
lip-search-s144,/cephfs/home/mkairov/gradim/energy_shaping/runs/mix-N8-K2V2-V62_1M/energygradmem_llama_L4H4D256_mem8_K2_ilr0.4_energy_lip0.003_L5_msearch1.0_n4_r0.25_gainema0.99_mingain0.3_grad_second_stepalign0.1_iread0.1_bs_64_lr_1e-04_fp32_init_plateau/run_2/checkpoint-136000,0,1,-2.0,0.5,791.8108520507812,-1.2265878915786743,11.381458282470703,3.9437172412872314,12
lip-search-s144,/cephfs/home/mkairov/gradim/energy_shaping/runs/mix-N8-K2V2-V62_1M/energygradmem_llama_L4H4D256_mem8_K2_ilr0.4_energy_lip0.003_L5_msearch1.0_n4_r0.25_gainema0.99_mingain0.3_grad_second_stepalign0.1_iread0.1_bs_64_lr_1e-04_fp32_init_plateau/run_2/checkpoint-136000,0,1,-1.5,0.5,792.0067749023438,-1.0306192636489868,10.275609016418457,2.837867498397827,12
lip-search-s144,/cephfs/home/mkairov/gradim/energy_shaping/runs/mix-N8-K2V2-V62_1M/energygradmem_llama_L4H4D256_mem8_K2_ilr0.4_energy_lip0.003_L5_msearch1.0_n4_r0.25_gainema0.99_mingain0.3_grad_second_stepalign0.1_iread0.1_bs_64_lr_1e-04_fp32_init_plateau/run_2/checkpoint-136000,0,1,-1.0,0.5,792.4470825195312,-0.590301513671875,9.445416450500488,2.0076751708984375,12
lip-search-s144,/cephfs/home/mkairov/gradim/energy_shaping/runs/mix-N8-K2V2-V62_1M/energygradmem_llama_L4H4D256_mem8_K2_ilr0.4_energy_lip0.003_L5_msearch1.0_n4_r0.25_gainema0.99_mingain0.3_grad_second_stepalign0.1_iread0.1_bs_64_lr_1e-04_fp32_init_plateau/run_2/checkpoint-136000,0,1,-0.5,0.5,793.1552734375,0.117828369140625,8.856535911560059,1.418795108795166,12
lip-search-s144,/cephfs/home/mkairov/gradim/energy_shaping/runs/mix-N8-K2V2-V62_1M/energygradmem_llama_L4H4D256_mem8_K2_ilr0.4_energy_lip0.003_L5_msearch1.0_n4_r0.25_gainema0.99_mingain0.3_grad_second_stepalign0.1_iread0.1_bs_64_lr_1e-04_fp32_init_plateau/run_2/checkpoint-136000,0,1,0.0,0.5,793.04931640625,0.011927287094295025,6.476108074188232,-0.9616323113441467,12
lip-search-s144,/cephfs/home/mkairov/gradim/energy_shaping/runs/mix-N8-K2V2-V62_1M/energygradmem_llama_L4H4D256_mem8_K2_ilr0.4_energy_lip0.003_L5_msearch1.0_n4_r0.25_gainema0.99_mingain0.3_grad_second_stepalign0.1_iread0.1_bs_64_lr_1e-04_fp32_init_plateau/run_2/checkpoint-136000,0,1,0.5,0.5,792.97802734375,-0.0594075508415699,1.86854887008667,-5.5691914558410645,12
lip-search-s144,/cephfs/home/mkairov/gradim/energy_shaping/runs/mix-N8-K2V2-V62_1M/energygradmem_llama_L4H4D256_mem8_K2_ilr0.4_energy_lip0.003_L5_msearch1.0_n4_r0.25_gainema0.99_mingain0.3_grad_second_stepalign0.1_iread0.1_bs_64_lr_1e-04_fp32_init_plateau/run_2/checkpoint-136000,0,1,1.0,0.5,792.9560546875,-0.0813242569565773,0.011928367428481579,-7.4258131980896,12
lip-search-s144,/cephfs/home/mkairov/gradim/energy_shaping/runs/mix-N8-K2V2-V62_1M/energygradmem_llama_L4H4D256_mem8_K2_ilr0.4_energy_lip0.003_L5_msearch1.0_n4_r0.25_gainema0.99_mingain0.3_grad_second_stepalign0.1_iread0.1_bs_64_lr_1e-04_fp32_init_plateau/run_2/checkpoint-136000,0,1,1.5,0.5,792.9540405273438,-0.0833841934800148,0.04160879924893379,-7.396131992340088,12
lip-search-s144,/cephfs/home/mkairov/gradim/energy_shaping/runs/mix-N8-K2V2-V62_1M/energygradmem_llama_L4H4D256_mem8_K2_ilr0.4_energy_lip0.003_L5_msearch1.0_n4_r0.25_gainema0.99_mingain0.3_grad_second_stepalign0.1_iread0.1_bs_64_lr_1e-04_fp32_init_plateau/run_2/checkpoint-136000,0,1,2.0,0.5,792.9555053710938,-0.0819244384765625,0.07859592139720917,-7.359144687652588,12
lip-search-s144,/cephfs/home/mkairov/gradim/energy_shaping/runs/mix-N8-K2V2-V62_1M/energygradmem_llama_L4H4D256_mem8_K2_ilr0.4_energy_lip0.003_L5_msearch1.0_n4_r0.25_gainema0.99_mingain0.3_grad_second_stepalign0.1_iread0.1_bs_64_lr_1e-04_fp32_init_plateau/run_2/checkpoint-136000,0,1,2.5,0.5,792.957763671875,-0.0796101912856102,0.1801455169916153,-7.257595539093018,12
lip-search-s144,/cephfs/home/mkairov/gradim/energy_shaping/runs/mix-N8-K2V2-V62_1M/energygradmem_llama_L4H4D256_mem8_K2_ilr0.4_energy_lip0.003_L5_msearch1.0_n4_r0.25_gainema0.99_mingain0.3_grad_second_stepalign0.1_iread0.1_bs_64_lr_1e-04_fp32_init_plateau/run_2/checkpoint-136000,0,1,3.0,0.5,792.9602661132812,-0.0771687850356102,0.30770692229270935,-7.13003396987915,12
lip-search-s144,/cephfs/home/mkairov/gradim/energy_shaping/runs/mix-N8-K2V2-V62_1M/energygradmem_llama_L4H4D256_mem8_K2_ilr0.4_energy_lip0.003_L5_msearch1.0_n4_r0.25_gainema0.99_mingain0.3_grad_second_stepalign0.1_iread0.1_bs_64_lr_1e-04_fp32_init_plateau/run_2/checkpoint-136000,0,1,-3.0,1.0,792.5195922851562,-0.5177459716796875,11.565367698669434,4.127626419067383,12
lip-search-s144,/cephfs/home/mkairov/gradim/energy_shaping/runs/mix-N8-K2V2-V62_1M/energygradmem_llama_L4H4D256_mem8_K2_ilr0.4_energy_lip0.003_L5_msearch1.0_n4_r0.25_gainema0.99_mingain0.3_grad_second_stepalign0.1_iread0.1_bs_64_lr_1e-04_fp32_init_plateau/run_2/checkpoint-136000,0,1,-2.5,1.0,792.4686889648438,-0.5687103271484375,11.226971626281738,3.789231061935425,12
lip-search-s144,/cephfs/home/mkairov/gradim/energy_shaping/runs/mix-N8-K2V2-V62_1M/energygradmem_llama_L4H4D256_mem8_K2_ilr0.4_energy_lip0.003_L5_msearch1.0_n4_r0.25_gainema0.99_mingain0.3_grad_second_stepalign0.1_iread0.1_bs_64_lr_1e-04_fp32_init_plateau/run_2/checkpoint-136000,0,1,-2.0,1.0,792.455810546875,-0.5815531611442566,10.857771873474121,3.4200308322906494,12
lip-search-s144,/cephfs/home/mkairov/gradim/energy_shaping/runs/mix-N8-K2V2-V62_1M/energygradmem_llama_L4H4D256_mem8_K2_ilr0.4_energy_lip0.003_L5_msearch1.0_n4_r0.25_gainema0.99_mingain0.3_grad_second_stepalign0.1_iread0.1_bs_64_lr_1e-04_fp32_init_plateau/run_2/checkpoint-136000,0,1,-1.5,1.0,792.5702514648438,-0.4671274721622467,10.499041557312012,3.0613012313842773,12
lip-search-s144,/cephfs/home/mkairov/gradim/energy_shaping/runs/mix-N8-K2V2-V62_1M/energygradmem_llama_L4H4D256_mem8_K2_ilr0.4_energy_lip0.003_L5_msearch1.0_n4_r0.25_gainema0.99_mingain0.3_grad_second_stepalign0.1_iread0.1_bs_64_lr_1e-04_fp32_init_plateau/run_2/checkpoint-136000,0,1,-1.0,1.0,793.15478515625,0.1173960343003273,9.476035118103027,2.038294553756714,12
lip-search-s144,/cephfs/home/mkairov/gradim/energy_shaping/runs/mix-N8-K2V2-V62_1M/energygradmem_llama_L4H4D256_mem8_K2_ilr0.4_energy_lip0.003_L5_msearch1.0_n4_r0.25_gainema0.99_mingain0.3_grad_second_stepalign0.1_iread0.1_bs_64_lr_1e-04_fp32_init_plateau/run_2/checkpoint-136000,0,1,-0.5,1.0,793.1392211914062,0.1018778458237648,8.469213485717773,1.0314732789993286,12
lip-search-s144,/cephfs/home/mkairov/gradim/energy_shaping/runs/mix-N8-K2V2-V62_1M/energygradmem_llama_L4H4D256_mem8_K2_ilr0.4_energy_lip0.003_L5_msearch1.0_n4_r0.25_gainema0.99_mingain0.3_grad_second_stepalign0.1_iread0.1_bs_64_lr_1e-04_fp32_init_plateau/run_2/checkpoint-136000,0,1,0.0,1.0,793.0676879882812,0.03028360940515995,6.2957916259765625,-1.1419490575790405,12
lip-search-s144,/cephfs/home/mkairov/gradim/energy_shaping/runs/mix-N8-K2V2-V62_1M/energygradmem_llama_L4H4D256_mem8_K2_ilr0.4_energy_lip0.003_L5_msearch1.0_n4_r0.25_gainema0.99_mingain0.3_grad_second_stepalign0.1_iread0.1_bs_64_lr_1e-04_fp32_init_plateau/run_2/checkpoint-136000,0,1,0.5,1.0,792.9918823242188,-0.0455881766974926,2.1910688877105713,-5.2466721534729,12
lip-search-s144,/cephfs/home/mkairov/gradim/energy_shaping/runs/mix-N8-K2V2-V62_1M/energygradmem_llama_L4H4D256_mem8_K2_ilr0.4_energy_lip0.003_L5_msearch1.0_n4_r0.25_gainema0.99_mingain0.3_grad_second_stepalign0.1_iread0.1_bs_64_lr_1e-04_fp32_init_plateau/run_2/checkpoint-136000,0,1,1.0,1.0,792.961669921875,-0.0758158341050148,0.6424422860145569,-6.795298099517822,12
lip-search-s144,/cephfs/home/mkairov/gradim/energy_shaping/runs/mix-N8-K2V2-V62_1M/energygradmem_llama_L4H4D256_mem8_K2_ilr0.4_energy_lip0.003_L5_msearch1.0_n4_r0.25_gainema0.99_mingain0.3_grad_second_stepalign0.1_iread0.1_bs_64_lr_1e-04_fp32_init_plateau/run_2/checkpoint-136000,0,1,1.5,1.0,792.95703125,-0.0803426131606102,0.1389109194278717,-7.298829555511475,12
lip-search-s144,/cephfs/home/mkairov/gradim/energy_shaping/runs/mix-N8-K2V2-V62_1M/energygradmem_llama_L4H4D256_mem8_K2_ilr0.4_energy_lip0.003_L5_msearch1.0_n4_r0.25_gainema0.99_mingain0.3_grad_second_stepalign0.1_iread0.1_bs_64_lr_1e-04_fp32_init_plateau/run_2/checkpoint-136000,0,1,2.0,1.0,792.9573364257812,-0.080108642578125,0.14054442942142487,-7.297195911407471,12
lip-search-s144,/cephfs/home/mkairov/gradim/energy_shaping/runs/mix-N8-K2V2-V62_1M/energygradmem_llama_L4H4D256_mem8_K2_ilr0.4_energy_lip0.003_L5_msearch1.0_n4_r0.25_gainema0.99_mingain0.3_grad_second_stepalign0.1_iread0.1_bs_64_lr_1e-04_fp32_init_plateau/run_2/checkpoint-136000,0,1,2.5,1.0,792.9591674804688,-0.0782877579331398,0.1771252155303955,-7.26061487197876,12
lip-search-s144,/cephfs/home/mkairov/gradim/energy_shaping/runs/mix-N8-K2V2-V62_1M/energygradmem_llama_L4H4D256_mem8_K2_ilr0.4_energy_lip0.003_L5_msearch1.0_n4_r0.25_gainema0.99_mingain0.3_grad_second_stepalign0.1_iread0.1_bs_64_lr_1e-04_fp32_init_plateau/run_2/checkpoint-136000,0,1,3.0,1.0,792.9612426757812,-0.0761769637465477,0.2810131013393402,-7.156728267669678,12
lip-search-s144,/cephfs/home/mkairov/gradim/energy_shaping/runs/mix-N8-K2V2-V62_1M/energygradmem_llama_L4H4D256_mem8_K2_ilr0.4_energy_lip0.003_L5_msearch1.0_n4_r0.25_gainema0.99_mingain0.3_grad_second_stepalign0.1_iread0.1_bs_64_lr_1e-04_fp32_init_plateau/run_2/checkpoint-136000,0,1,-3.0,1.5,793.150634765625,0.113189697265625,11.220061302185059,3.782320737838745,12
lip-search-s144,/cephfs/home/mkairov/gradim/energy_shaping/runs/mix-N8-K2V2-V62_1M/energygradmem_llama_L4H4D256_mem8_K2_ilr0.4_energy_lip0.003_L5_msearch1.0_n4_r0.25_gainema0.99_mingain0.3_grad_second_stepalign0.1_iread0.1_bs_64_lr_1e-04_fp32_init_plateau/run_2/checkpoint-136000,0,1,-2.5,1.5,793.1531372070312,0.1157175675034523,11.086369514465332,3.6486289501190186,12
lip-search-s144,/cephfs/home/mkairov/gradim/energy_shaping/runs/mix-N8-K2V2-V62_1M/energygradmem_llama_L4H4D256_mem8_K2_ilr0.4_energy_lip0.003_L5_msearch1.0_n4_r0.25_gainema0.99_mingain0.3_grad_second_stepalign0.1_iread0.1_bs_64_lr_1e-04_fp32_init_plateau/run_2/checkpoint-136000,0,1,-2.0,1.5,793.1484375,0.110992431640625,10.416426658630371,2.9786860942840576,12
lip-search-s144,/cephfs/home/mkairov/gradim/energy_shaping/runs/mix-N8-K2V2-V62_1M/energygradmem_llama_L4H4D256_mem8_K2_ilr0.4_energy_lip0.003_L5_msearch1.0_n4_r0.25_gainema0.99_mingain0.3_grad_second_stepalign0.1_iread0.1_bs_64_lr_1e-04_fp32_init_plateau/run_2/checkpoint-136000,0,1,-1.5,1.5,793.1447143554688,0.1072845458984375,10.296354293823242,2.858613967895508,12
lip-search-s144,/cephfs/home/mkairov/gradim/energy_shaping/runs/mix-N8-K2V2-V62_1M/energygradmem_llama_L4H4D256_mem8_K2_ilr0.4_energy_lip0.003_L5_msearch1.0_n4_r0.25_gainema0.99_mingain0.3_grad_second_stepalign0.1_iread0.1_bs_64_lr_1e-04_fp32_init_plateau/run_2/checkpoint-136000,0,1,-1.0,1.5,793.1399536132812,0.1025797501206398,9.966522216796875,2.5287816524505615,12
lip-search-s144,/cephfs/home/mkairov/gradim/energy_shaping/runs/mix-N8-K2V2-V62_1M/energygradmem_llama_L4H4D256_mem8_K2_ilr0.4_energy_lip0.003_L5_msearch1.0_n4_r0.25_gainema0.99_mingain0.3_grad_second_stepalign0.1_iread0.1_bs_64_lr_1e-04_fp32_init_plateau/run_2/checkpoint-136000,0,1,-0.5,1.5,793.1222534179688,0.0848032608628273,8.255615234375,0.8178744912147522,12
lip-search-s144,/cephfs/home/mkairov/gradim/energy_shaping/runs/mix-N8-K2V2-V62_1M/energygradmem_llama_L4H4D256_mem8_K2_ilr0.4_energy_lip0.003_L5_msearch1.0_n4_r0.25_gainema0.99_mingain0.3_grad_second_stepalign0.1_iread0.1_bs_64_lr_1e-04_fp32_init_plateau/run_2/checkpoint-136000,0,1,0.0,1.5,793.0764770507812,0.039154052734375,6.191047191619873,-1.2466936111450195,12
lip-search-s144,/cephfs/home/mkairov/gradim/energy_shaping/runs/mix-N8-K2V2-V62_1M/energygradmem_llama_L4H4D256_mem8_K2_ilr0.4_energy_lip0.003_L5_msearch1.0_n4_r0.25_gainema0.99_mingain0.3_grad_second_stepalign0.1_iread0.1_bs_64_lr_1e-04_fp32_init_plateau/run_2/checkpoint-136000,0,1,0.5,1.5,793.0077514648438,-0.02970377542078495,2.6479673385620117,-4.789772987365723,12
lip-search-s144,/cephfs/home/mkairov/gradim/energy_shaping/runs/mix-N8-K2V2-V62_1M/energygradmem_llama_L4H4D256_mem8_K2_ilr0.4_energy_lip0.003_L5_msearch1.0_n4_r0.25_gainema0.99_mingain0.3_grad_second_stepalign0.1_iread0.1_bs_64_lr_1e-04_fp32_init_plateau/run_2/checkpoint-136000,0,1,1.0,1.5,792.9703979492188,-0.0669453963637352,1.6727584600448608,-5.7649827003479,12
lip-search-s144,/cephfs/home/mkairov/gradim/energy_shaping/runs/mix-N8-K2V2-V62_1M/energygradmem_llama_L4H4D256_mem8_K2_ilr0.4_energy_lip0.003_L5_msearch1.0_n4_r0.25_gainema0.99_mingain0.3_grad_second_stepalign0.1_iread0.1_bs_64_lr_1e-04_fp32_init_plateau/run_2/checkpoint-136000,0,1,1.5,1.5,792.9628295898438,-0.0746307373046875,0.785336971282959,-6.652403354644775,12
lip-search-s144,/cephfs/home/mkairov/gradim/energy_shaping/runs/mix-N8-K2V2-V62_1M/energygradmem_llama_L4H4D256_mem8_K2_ilr0.4_energy_lip0.003_L5_msearch1.0_n4_r0.25_gainema0.99_mingain0.3_grad_second_stepalign0.1_iread0.1_bs_64_lr_1e-04_fp32_init_plateau/run_2/checkpoint-136000,0,1,2.0,1.5,792.9611206054688,-0.0763397216796875,0.4015561640262604,-7.036183834075928,12
lip-search-s144,/cephfs/home/mkairov/gradim/energy_shaping/runs/mix-N8-K2V2-V62_1M/energygradmem_llama_L4H4D256_mem8_K2_ilr0.4_energy_lip0.003_L5_msearch1.0_n4_r0.25_gainema0.99_mingain0.3_grad_second_stepalign0.1_iread0.1_bs_64_lr_1e-04_fp32_init_plateau/run_2/checkpoint-136000,0,1,2.5,1.5,792.961669921875,-0.0757395401597023,0.4223783016204834,-7.01536226272583,12
lip-search-s144,/cephfs/home/mkairov/gradim/energy_shaping/runs/mix-N8-K2V2-V62_1M/energygradmem_llama_L4H4D256_mem8_K2_ilr0.4_energy_lip0.003_L5_msearch1.0_n4_r0.25_gainema0.99_mingain0.3_grad_second_stepalign0.1_iread0.1_bs_64_lr_1e-04_fp32_init_plateau/run_2/checkpoint-136000,0,1,3.0,1.5,792.962890625,-0.074462890625,0.49641168117523193,-6.941328525543213,12
lip-search-s144,/cephfs/home/mkairov/gradim/energy_shaping/runs/mix-N8-K2V2-V62_1M/energygradmem_llama_L4H4D256_mem8_K2_ilr0.4_energy_lip0.003_L5_msearch1.0_n4_r0.25_gainema0.99_mingain0.3_grad_second_stepalign0.1_iread0.1_bs_64_lr_1e-04_fp32_init_plateau/run_2/checkpoint-136000,0,1,-3.0,2.0,793.1395874023438,0.102142333984375,10.552508354187012,3.114767074584961,12
lip-search-s144,/cephfs/home/mkairov/gradim/energy_shaping/runs/mix-N8-K2V2-V62_1M/energygradmem_llama_L4H4D256_mem8_K2_ilr0.4_energy_lip0.003_L5_msearch1.0_n4_r0.25_gainema0.99_mingain0.3_grad_second_stepalign0.1_iread0.1_bs_64_lr_1e-04_fp32_init_plateau/run_2/checkpoint-136000,0,1,-2.5,2.0,793.1373901367188,0.0999196395277977,10.404858589172363,2.967116594314575,12
lip-search-s144,/cephfs/home/mkairov/gradim/energy_shaping/runs/mix-N8-K2V2-V62_1M/energygradmem_llama_L4H4D256_mem8_K2_ilr0.4_energy_lip0.003_L5_msearch1.0_n4_r0.25_gainema0.99_mingain0.3_grad_second_stepalign0.1_iread0.1_bs_64_lr_1e-04_fp32_init_plateau/run_2/checkpoint-136000,0,1,-2.0,2.0,793.1360473632812,0.0987447127699852,10.077996253967285,2.6402547359466553,12
lip-search-s144,/cephfs/home/mkairov/gradim/energy_shaping/runs/mix-N8-K2V2-V62_1M/energygradmem_llama_L4H4D256_mem8_K2_ilr0.4_energy_lip0.003_L5_msearch1.0_n4_r0.25_gainema0.99_mingain0.3_grad_second_stepalign0.1_iread0.1_bs_64_lr_1e-04_fp32_init_plateau/run_2/checkpoint-136000,0,1,-1.5,2.0,793.1337280273438,0.0963287353515625,10.005003929138184,2.567263126373291,12
lip-search-s144,/cephfs/home/mkairov/gradim/energy_shaping/runs/mix-N8-K2V2-V62_1M/energygradmem_llama_L4H4D256_mem8_K2_ilr0.4_energy_lip0.003_L5_msearch1.0_n4_r0.25_gainema0.99_mingain0.3_grad_second_stepalign0.1_iread0.1_bs_64_lr_1e-04_fp32_init_plateau/run_2/checkpoint-136000,0,1,-1.0,2.0,793.1261596679688,0.0888112410902977,9.562628746032715,2.1248888969421387,12
lip-search-s144,/cephfs/home/mkairov/gradim/energy_shaping/runs/mix-N8-K2V2-V62_1M/energygradmem_llama_L4H4D256_mem8_K2_ilr0.4_energy_lip0.003_L5_msearch1.0_n4_r0.25_gainema0.99_mingain0.3_grad_second_stepalign0.1_iread0.1_bs_64_lr_1e-04_fp32_init_plateau/run_2/checkpoint-136000,0,1,-0.5,2.0,793.1094360351562,0.072113037109375,8.11628246307373,0.6785426139831543,12
lip-search-s144,/cephfs/home/mkairov/gradim/energy_shaping/runs/mix-N8-K2V2-V62_1M/energygradmem_llama_L4H4D256_mem8_K2_ilr0.4_energy_lip0.003_L5_msearch1.0_n4_r0.25_gainema0.99_mingain0.3_grad_second_stepalign0.1_iread0.1_bs_64_lr_1e-04_fp32_init_plateau/run_2/checkpoint-136000,0,1,0.0,2.0,793.0768432617188,0.0393320731818676,5.931151866912842,-1.5065888166427612,12
lip-search-s144,/cephfs/home/mkairov/gradim/energy_shaping/runs/mix-N8-K2V2-V62_1M/energygradmem_llama_L4H4D256_mem8_K2_ilr0.4_energy_lip0.003_L5_msearch1.0_n4_r0.25_gainema0.99_mingain0.3_grad_second_stepalign0.1_iread0.1_bs_64_lr_1e-04_fp32_init_plateau/run_2/checkpoint-136000,0,1,0.5,2.0,793.020263671875,-0.01720682717859745,2.994359254837036,-4.4433817863464355,12
lip-search-s144,/cephfs/home/mkairov/gradim/energy_shaping/runs/mix-N8-K2V2-V62_1M/energygradmem_llama_L4H4D256_mem8_K2_ilr0.4_energy_lip0.003_L5_msearch1.0_n4_r0.25_gainema0.99_mingain0.3_grad_second_stepalign0.1_iread0.1_bs_64_lr_1e-04_fp32_init_plateau/run_2/checkpoint-136000,0,1,1.0,2.0,792.9799194335938,-0.057525634765625,2.20216703414917,-5.2355732917785645,12
lip-search-s144,/cephfs/home/mkairov/gradim/energy_shaping/runs/mix-N8-K2V2-V62_1M/energygradmem_llama_L4H4D256_mem8_K2_ilr0.4_energy_lip0.003_L5_msearch1.0_n4_r0.25_gainema0.99_mingain0.3_grad_second_stepalign0.1_iread0.1_bs_64_lr_1e-04_fp32_init_plateau/run_2/checkpoint-136000,0,1,1.5,2.0,792.9696655273438,-0.0677642822265625,1.5169047117233276,-5.920835971832275,12
lip-search-s144,/cephfs/home/mkairov/gradim/energy_shaping/runs/mix-N8-K2V2-V62_1M/energygradmem_llama_L4H4D256_mem8_K2_ilr0.4_energy_lip0.003_L5_msearch1.0_n4_r0.25_gainema0.99_mingain0.3_grad_second_stepalign0.1_iread0.1_bs_64_lr_1e-04_fp32_init_plateau/run_2/checkpoint-136000,0,1,2.0,2.0,792.9660034179688,-0.0713958740234375,1.0970263481140137,-6.340713977813721,12
lip-search-s144,/cephfs/home/mkairov/gradim/energy_shaping/runs/mix-N8-K2V2-V62_1M/energygradmem_llama_L4H4D256_mem8_K2_ilr0.4_energy_lip0.003_L5_msearch1.0_n4_r0.25_gainema0.99_mingain0.3_grad_second_stepalign0.1_iread0.1_bs_64_lr_1e-04_fp32_init_plateau/run_2/checkpoint-136000,0,1,2.5,2.0,792.965087890625,-0.072296142578125,0.8681976199150085,-6.569542407989502,12
lip-search-s144,/cephfs/home/mkairov/gradim/energy_shaping/runs/mix-N8-K2V2-V62_1M/energygradmem_llama_L4H4D256_mem8_K2_ilr0.4_energy_lip0.003_L5_msearch1.0_n4_r0.25_gainema0.99_mingain0.3_grad_second_stepalign0.1_iread0.1_bs_64_lr_1e-04_fp32_init_plateau/run_2/checkpoint-136000,0,1,3.0,2.0,792.9653930664062,-0.07196044921875,0.8376157283782959,-6.600125789642334,12
lip-search-s144,/cephfs/home/mkairov/gradim/energy_shaping/runs/mix-N8-K2V2-V62_1M/energygradmem_llama_L4H4D256_mem8_K2_ilr0.4_energy_lip0.003_L5_msearch1.0_n4_r0.25_gainema0.99_mingain0.3_grad_second_stepalign0.1_iread0.1_bs_64_lr_1e-04_fp32_init_plateau/run_2/checkpoint-136000,0,1,-3.0,2.5,793.1317749023438,0.0943094864487648,10.312243461608887,2.874502420425415,12
lip-search-s144,/cephfs/home/mkairov/gradim/energy_shaping/runs/mix-N8-K2V2-V62_1M/energygradmem_llama_L4H4D256_mem8_K2_ilr0.4_energy_lip0.003_L5_msearch1.0_n4_r0.25_gainema0.99_mingain0.3_grad_second_stepalign0.1_iread0.1_bs_64_lr_1e-04_fp32_init_plateau/run_2/checkpoint-136000,0,1,-2.5,2.5,793.1301879882812,0.092803955078125,9.926094055175781,2.488353729248047,12
lip-search-s144,/cephfs/home/mkairov/gradim/energy_shaping/runs/mix-N8-K2V2-V62_1M/energygradmem_llama_L4H4D256_mem8_K2_ilr0.4_energy_lip0.003_L5_msearch1.0_n4_r0.25_gainema0.99_mingain0.3_grad_second_stepalign0.1_iread0.1_bs_64_lr_1e-04_fp32_init_plateau/run_2/checkpoint-136000,0,1,-2.0,2.5,793.1283569335938,0.0908711776137352,9.878077507019043,2.440337896347046,12
lip-search-s144,/cephfs/home/mkairov/gradim/energy_shaping/runs/mix-N8-K2V2-V62_1M/energygradmem_llama_L4H4D256_mem8_K2_ilr0.4_energy_lip0.003_L5_msearch1.0_n4_r0.25_gainema0.99_mingain0.3_grad_second_stepalign0.1_iread0.1_bs_64_lr_1e-04_fp32_init_plateau/run_2/checkpoint-136000,0,1,-1.5,2.5,793.1242065429688,0.086761474609375,9.972612380981445,2.5348703861236572,12
lip-search-s144,/cephfs/home/mkairov/gradim/energy_shaping/runs/mix-N8-K2V2-V62_1M/energygradmem_llama_L4H4D256_mem8_K2_ilr0.4_energy_lip0.003_L5_msearch1.0_n4_r0.25_gainema0.99_mingain0.3_grad_second_stepalign0.1_iread0.1_bs_64_lr_1e-04_fp32_init_plateau/run_2/checkpoint-136000,0,1,-1.0,2.5,793.1156616210938,0.0782724991440773,9.284855842590332,1.8471145629882812,12
lip-search-s144,/cephfs/home/mkairov/gradim/energy_shaping/runs/mix-N8-K2V2-V62_1M/energygradmem_llama_L4H4D256_mem8_K2_ilr0.4_energy_lip0.003_L5_msearch1.0_n4_r0.25_gainema0.99_mingain0.3_grad_second_stepalign0.1_iread0.1_bs_64_lr_1e-04_fp32_init_plateau/run_2/checkpoint-136000,0,1,-0.5,2.5,793.1013793945312,0.0640614852309227,8.043846130371094,0.6061056852340698,12
lip-search-s144,/cephfs/home/mkairov/gradim/energy_shaping/runs/mix-N8-K2V2-V62_1M/energygradmem_llama_L4H4D256_mem8_K2_ilr0.4_energy_lip0.003_L5_msearch1.0_n4_r0.25_gainema0.99_mingain0.3_grad_second_stepalign0.1_iread0.1_bs_64_lr_1e-04_fp32_init_plateau/run_2/checkpoint-136000,0,1,0.0,2.5,793.07421875,0.036834716796875,5.730715274810791,-1.7070249319076538,12
lip-search-s144,/cephfs/home/mkairov/gradim/energy_shaping/runs/mix-N8-K2V2-V62_1M/energygradmem_llama_L4H4D256_mem8_K2_ilr0.4_energy_lip0.003_L5_msearch1.0_n4_r0.25_gainema0.99_mingain0.3_grad_second_stepalign0.1_iread0.1_bs_64_lr_1e-04_fp32_init_plateau/run_2/checkpoint-136000,0,1,0.5,2.5,793.0289916992188,-0.008392333984375,3.092336893081665,-4.345403671264648,12
lip-search-s144,/cephfs/home/mkairov/gradim/energy_shaping/runs/mix-N8-K2V2-V62_1M/energygradmem_llama_L4H4D256_mem8_K2_ilr0.4_energy_lip0.003_L5_msearch1.0_n4_r0.25_gainema0.99_mingain0.3_grad_second_stepalign0.1_iread0.1_bs_64_lr_1e-04_fp32_init_plateau/run_2/checkpoint-136000,0,1,1.0,2.5,792.9917602539062,-0.0456136055290699,2.366818428039551,-5.070922374725342,12
lip-search-s144,/cephfs/home/mkairov/gradim/energy_shaping/runs/mix-N8-K2V2-V62_1M/energygradmem_llama_L4H4D256_mem8_K2_ilr0.4_energy_lip0.003_L5_msearch1.0_n4_r0.25_gainema0.99_mingain0.3_grad_second_stepalign0.1_iread0.1_bs_64_lr_1e-04_fp32_init_plateau/run_2/checkpoint-136000,0,1,1.5,2.5,792.9765014648438,-0.0609080009162426,2.3626439571380615,-5.075096607208252,12
lip-search-s144,/cephfs/home/mkairov/gradim/energy_shaping/runs/mix-N8-K2V2-V62_1M/energygradmem_llama_L4H4D256_mem8_K2_ilr0.4_energy_lip0.003_L5_msearch1.0_n4_r0.25_gainema0.99_mingain0.3_grad_second_stepalign0.1_iread0.1_bs_64_lr_1e-04_fp32_init_plateau/run_2/checkpoint-136000,0,1,2.0,2.5,792.9714965820312,-0.06591796875,2.0209004878997803,-5.416839599609375,12
lip-search-s144,/cephfs/home/mkairov/gradim/energy_shaping/runs/mix-N8-K2V2-V62_1M/energygradmem_llama_L4H4D256_mem8_K2_ilr0.4_energy_lip0.003_L5_msearch1.0_n4_r0.25_gainema0.99_mingain0.3_grad_second_stepalign0.1_iread0.1_bs_64_lr_1e-04_fp32_init_plateau/run_2/checkpoint-136000,0,1,2.5,2.5,792.9694213867188,-0.0680440291762352,1.555396556854248,-5.882343769073486,12
lip-search-s144,/cephfs/home/mkairov/gradim/energy_shaping/runs/mix-N8-K2V2-V62_1M/energygradmem_llama_L4H4D256_mem8_K2_ilr0.4_energy_lip0.003_L5_msearch1.0_n4_r0.25_gainema0.99_mingain0.3_grad_second_stepalign0.1_iread0.1_bs_64_lr_1e-04_fp32_init_plateau/run_2/checkpoint-136000,0,1,3.0,2.5,792.96875,-0.06866455078125,1.3203227519989014,-6.11741828918457,12
lip-search-s144,/cephfs/home/mkairov/gradim/energy_shaping/runs/mix-N8-K2V2-V62_1M/energygradmem_llama_L4H4D256_mem8_K2_ilr0.4_energy_lip0.003_L5_msearch1.0_n4_r0.25_gainema0.99_mingain0.3_grad_second_stepalign0.1_iread0.1_bs_64_lr_1e-04_fp32_init_plateau/run_2/checkpoint-136000,0,1,-3.0,3.0,793.1262817382812,0.0889129638671875,9.833809852600098,2.396068811416626,12
lip-search-s144,/cephfs/home/mkairov/gradim/energy_shaping/runs/mix-N8-K2V2-V62_1M/energygradmem_llama_L4H4D256_mem8_K2_ilr0.4_energy_lip0.003_L5_msearch1.0_n4_r0.25_gainema0.99_mingain0.3_grad_second_stepalign0.1_iread0.1_bs_64_lr_1e-04_fp32_init_plateau/run_2/checkpoint-136000,0,1,-2.5,3.0,793.1243286132812,0.0869700089097023,9.676298141479492,2.2385568618774414,12
lip-search-s144,/cephfs/home/mkairov/gradim/energy_shaping/runs/mix-N8-K2V2-V62_1M/energygradmem_llama_L4H4D256_mem8_K2_ilr0.4_energy_lip0.003_L5_msearch1.0_n4_r0.25_gainema0.99_mingain0.3_grad_second_stepalign0.1_iread0.1_bs_64_lr_1e-04_fp32_init_plateau/run_2/checkpoint-136000,0,1,-2.0,3.0,793.1217651367188,0.084320068359375,9.771627426147461,2.33388614654541,12
lip-search-s144,/cephfs/home/mkairov/gradim/energy_shaping/runs/mix-N8-K2V2-V62_1M/energygradmem_llama_L4H4D256_mem8_K2_ilr0.4_energy_lip0.003_L5_msearch1.0_n4_r0.25_gainema0.99_mingain0.3_grad_second_stepalign0.1_iread0.1_bs_64_lr_1e-04_fp32_init_plateau/run_2/checkpoint-136000,0,1,-1.5,3.0,793.116455078125,0.0790354385972023,9.596890449523926,2.159149169921875,12
lip-search-s144,/cephfs/home/mkairov/gradim/energy_shaping/runs/mix-N8-K2V2-V62_1M/energygradmem_llama_L4H4D256_mem8_K2_ilr0.4_energy_lip0.003_L5_msearch1.0_n4_r0.25_gainema0.99_mingain0.3_grad_second_stepalign0.1_iread0.1_bs_64_lr_1e-04_fp32_init_plateau/run_2/checkpoint-136000,0,1,-1.0,3.0,793.10791015625,0.0705362930893898,9.048314094543457,1.6105737686157227,12
lip-search-s144,/cephfs/home/mkairov/gradim/energy_shaping/runs/mix-N8-K2V2-V62_1M/energygradmem_llama_L4H4D256_mem8_K2_ilr0.4_energy_lip0.003_L5_msearch1.0_n4_r0.25_gainema0.99_mingain0.3_grad_second_stepalign0.1_iread0.1_bs_64_lr_1e-04_fp32_init_plateau/run_2/checkpoint-136000,0,1,-0.5,3.0,793.0960083007812,0.058624267578125,7.766603469848633,0.32886216044425964,12
lip-search-s144,/cephfs/home/mkairov/gradim/energy_shaping/runs/mix-N8-K2V2-V62_1M/energygradmem_llama_L4H4D256_mem8_K2_ilr0.4_energy_lip0.003_L5_msearch1.0_n4_r0.25_gainema0.99_mingain0.3_grad_second_stepalign0.1_iread0.1_bs_64_lr_1e-04_fp32_init_plateau/run_2/checkpoint-136000,0,1,0.0,3.0,793.0718383789062,0.0344950370490551,5.880953311920166,-1.556787133216858,12
lip-search-s144,/cephfs/home/mkairov/gradim/energy_shaping/runs/mix-N8-K2V2-V62_1M/energygradmem_llama_L4H4D256_mem8_K2_ilr0.4_energy_lip0.003_L5_msearch1.0_n4_r0.25_gainema0.99_mingain0.3_grad_second_stepalign0.1_iread0.1_bs_64_lr_1e-04_fp32_init_plateau/run_2/checkpoint-136000,0,1,0.5,3.0,793.03466796875,-0.0027109782677143812,3.420264959335327,-4.017475605010986,12
lip-search-s144,/cephfs/home/mkairov/gradim/energy_shaping/runs/mix-N8-K2V2-V62_1M/energygradmem_llama_L4H4D256_mem8_K2_ilr0.4_energy_lip0.003_L5_msearch1.0_n4_r0.25_gainema0.99_mingain0.3_grad_second_stepalign0.1_iread0.1_bs_64_lr_1e-04_fp32_init_plateau/run_2/checkpoint-136000,0,1,1.0,3.0,793.001953125,-0.0354461669921875,2.853428840637207,-4.584312438964844,12
lip-search-s144,/cephfs/home/mkairov/gradim/energy_shaping/runs/mix-N8-K2V2-V62_1M/energygradmem_llama_L4H4D256_mem8_K2_ilr0.4_energy_lip0.003_L5_msearch1.0_n4_r0.25_gainema0.99_mingain0.3_grad_second_stepalign0.1_iread0.1_bs_64_lr_1e-04_fp32_init_plateau/run_2/checkpoint-136000,0,1,1.5,3.0,792.9839477539062,-0.0534210205078125,2.3307855129241943,-5.106955051422119,12
lip-search-s144,/cephfs/home/mkairov/gradim/energy_shaping/runs/mix-N8-K2V2-V62_1M/energygradmem_llama_L4H4D256_mem8_K2_ilr0.4_energy_lip0.003_L5_msearch1.0_n4_r0.25_gainema0.99_mingain0.3_grad_second_stepalign0.1_iread0.1_bs_64_lr_1e-04_fp32_init_plateau/run_2/checkpoint-136000,0,1,2.0,3.0,792.9771118164062,-0.0602569580078125,2.5740654468536377,-4.863675594329834,12
lip-search-s144,/cephfs/home/mkairov/gradim/energy_shaping/runs/mix-N8-K2V2-V62_1M/energygradmem_llama_L4H4D256_mem8_K2_ilr0.4_energy_lip0.003_L5_msearch1.0_n4_r0.25_gainema0.99_mingain0.3_grad_second_stepalign0.1_iread0.1_bs_64_lr_1e-04_fp32_init_plateau/run_2/checkpoint-136000,0,1,2.5,3.0,792.9740600585938,-0.0634104385972023,2.3358376026153564,-5.101903438568115,12
lip-search-s144,/cephfs/home/mkairov/gradim/energy_shaping/runs/mix-N8-K2V2-V62_1M/energygradmem_llama_L4H4D256_mem8_K2_ilr0.4_energy_lip0.003_L5_msearch1.0_n4_r0.25_gainema0.99_mingain0.3_grad_second_stepalign0.1_iread0.1_bs_64_lr_1e-04_fp32_init_plateau/run_2/checkpoint-136000,0,1,3.0,3.0,792.9724731445312,-0.0647989884018898,1.962750792503357,-5.474989414215088,12
lip-search-s144,/cephfs/home/mkairov/gradim/energy_shaping/runs/mix-N8-K2V2-V62_1M/energygradmem_llama_L4H4D256_mem8_K2_ilr0.4_energy_lip0.003_L5_msearch1.0_n4_r0.25_gainema0.99_mingain0.3_grad_second_stepalign0.1_iread0.1_bs_64_lr_1e-04_fp32_init_plateau/run_2/checkpoint-136000,1,2,-3.0,-3.0,792.9998168945312,0.0450948067009449,1.1726521253585815,1.1676026582717896,12
lip-search-s144,/cephfs/home/mkairov/gradim/energy_shaping/runs/mix-N8-K2V2-V62_1M/energygradmem_llama_L4H4D256_mem8_K2_ilr0.4_energy_lip0.003_L5_msearch1.0_n4_r0.25_gainema0.99_mingain0.3_grad_second_stepalign0.1_iread0.1_bs_64_lr_1e-04_fp32_init_plateau/run_2/checkpoint-136000,1,2,-2.5,-3.0,792.9946899414062,0.0400746650993824,0.8658864498138428,0.860836923122406,12
lip-search-s144,/cephfs/home/mkairov/gradim/energy_shaping/runs/mix-N8-K2V2-V62_1M/energygradmem_llama_L4H4D256_mem8_K2_ilr0.4_energy_lip0.003_L5_msearch1.0_n4_r0.25_gainema0.99_mingain0.3_grad_second_stepalign0.1_iread0.1_bs_64_lr_1e-04_fp32_init_plateau/run_2/checkpoint-136000,1,2,-2.0,-3.0,792.9883422851562,0.0336964912712574,0.5044013857841492,0.49935194849967957,12
lip-search-s144,/cephfs/home/mkairov/gradim/energy_shaping/runs/mix-N8-K2V2-V62_1M/energygradmem_llama_L4H4D256_mem8_K2_ilr0.4_energy_lip0.003_L5_msearch1.0_n4_r0.25_gainema0.99_mingain0.3_grad_second_stepalign0.1_iread0.1_bs_64_lr_1e-04_fp32_init_plateau/run_2/checkpoint-136000,1,2,-1.5,-3.0,792.980712890625,0.0260772705078125,0.2558823525905609,0.25083282589912415,12
lip-search-s144,/cephfs/home/mkairov/gradim/energy_shaping/runs/mix-N8-K2V2-V62_1M/energygradmem_llama_L4H4D256_mem8_K2_ilr0.4_energy_lip0.003_L5_msearch1.0_n4_r0.25_gainema0.99_mingain0.3_grad_second_stepalign0.1_iread0.1_bs_64_lr_1e-04_fp32_init_plateau/run_2/checkpoint-136000,1,2,-1.0,-3.0,792.972412109375,0.01783243753015995,0.1846197098493576,0.17957019805908203,12
lip-search-s144,/cephfs/home/mkairov/gradim/energy_shaping/runs/mix-N8-K2V2-V62_1M/energygradmem_llama_L4H4D256_mem8_K2_ilr0.4_energy_lip0.003_L5_msearch1.0_n4_r0.25_gainema0.99_mingain0.3_grad_second_stepalign0.1_iread0.1_bs_64_lr_1e-04_fp32_init_plateau/run_2/checkpoint-136000,1,2,-0.5,-3.0,792.9640502929688,0.0093994140625,0.09379766136407852,0.08874815702438354,12
lip-search-s144,/cephfs/home/mkairov/gradim/energy_shaping/runs/mix-N8-K2V2-V62_1M/energygradmem_llama_L4H4D256_mem8_K2_ilr0.4_energy_lip0.003_L5_msearch1.0_n4_r0.25_gainema0.99_mingain0.3_grad_second_stepalign0.1_iread0.1_bs_64_lr_1e-04_fp32_init_plateau/run_2/checkpoint-136000,1,2,0.0,-3.0,792.9562377929688,0.0015462239971384406,0.010566036216914654,0.00551652954891324,12
lip-search-s144,/cephfs/home/mkairov/gradim/energy_shaping/runs/mix-N8-K2V2-V62_1M/energygradmem_llama_L4H4D256_mem8_K2_ilr0.4_energy_lip0.003_L5_msearch1.0_n4_r0.25_gainema0.99_mingain0.3_grad_second_stepalign0.1_iread0.1_bs_64_lr_1e-04_fp32_init_plateau/run_2/checkpoint-136000,1,2,0.5,-3.0,792.9497680664062,-0.0049082436598837376,0.0037264504935592413,-0.0013230560580268502,12
lip-search-s144,/cephfs/home/mkairov/gradim/energy_shaping/runs/mix-N8-K2V2-V62_1M/energygradmem_llama_L4H4D256_mem8_K2_ilr0.4_energy_lip0.003_L5_msearch1.0_n4_r0.25_gainema0.99_mingain0.3_grad_second_stepalign0.1_iread0.1_bs_64_lr_1e-04_fp32_init_plateau/run_2/checkpoint-136000,1,2,1.0,-3.0,792.9453125,-0.009389241226017475,0.013146820478141308,0.008097315207123756,12
lip-search-s144,/cephfs/home/mkairov/gradim/energy_shaping/runs/mix-N8-K2V2-V62_1M/energygradmem_llama_L4H4D256_mem8_K2_ilr0.4_energy_lip0.003_L5_msearch1.0_n4_r0.25_gainema0.99_mingain0.3_grad_second_stepalign0.1_iread0.1_bs_64_lr_1e-04_fp32_init_plateau/run_2/checkpoint-136000,1,2,1.5,-3.0,792.9430541992188,-0.011627197265625,0.05945533886551857,0.054405827075242996,12
lip-search-s144,/cephfs/home/mkairov/gradim/energy_shaping/runs/mix-N8-K2V2-V62_1M/energygradmem_llama_L4H4D256_mem8_K2_ilr0.4_energy_lip0.003_L5_msearch1.0_n4_r0.25_gainema0.99_mingain0.3_grad_second_stepalign0.1_iread0.1_bs_64_lr_1e-04_fp32_init_plateau/run_2/checkpoint-136000,1,2,2.0,-3.0,792.94287109375,-0.0118255615234375,0.14676038920879364,0.14171087741851807,12
lip-search-s144,/cephfs/home/mkairov/gradim/energy_shaping/runs/mix-N8-K2V2-V62_1M/energygradmem_llama_L4H4D256_mem8_K2_ilr0.4_energy_lip0.003_L5_msearch1.0_n4_r0.25_gainema0.99_mingain0.3_grad_second_stepalign0.1_iread0.1_bs_64_lr_1e-04_fp32_init_plateau/run_2/checkpoint-136000,1,2,2.5,-3.0,792.9445190429688,-0.0101776123046875,0.4894578456878662,0.48440828919410706,12
lip-search-s144,/cephfs/home/mkairov/gradim/energy_shaping/runs/mix-N8-K2V2-V62_1M/energygradmem_llama_L4H4D256_mem8_K2_ilr0.4_energy_lip0.003_L5_msearch1.0_n4_r0.25_gainema0.99_mingain0.3_grad_second_stepalign0.1_iread0.1_bs_64_lr_1e-04_fp32_init_plateau/run_2/checkpoint-136000,1,2,3.0,-3.0,792.948486328125,-0.0061798095703125,1.998265266418457,1.9932160377502441,12
lip-search-s144,/cephfs/home/mkairov/gradim/energy_shaping/runs/mix-N8-K2V2-V62_1M/energygradmem_llama_L4H4D256_mem8_K2_ilr0.4_energy_lip0.003_L5_msearch1.0_n4_r0.25_gainema0.99_mingain0.3_grad_second_stepalign0.1_iread0.1_bs_64_lr_1e-04_fp32_init_plateau/run_2/checkpoint-136000,1,2,-3.0,-2.5,792.9998168945312,0.045196533203125,1.1467782258987427,1.1417287588119507,12
lip-search-s144,/cephfs/home/mkairov/gradim/energy_shaping/runs/mix-N8-K2V2-V62_1M/energygradmem_llama_L4H4D256_mem8_K2_ilr0.4_energy_lip0.003_L5_msearch1.0_n4_r0.25_gainema0.99_mingain0.3_grad_second_stepalign0.1_iread0.1_bs_64_lr_1e-04_fp32_init_plateau/run_2/checkpoint-136000,1,2,-2.5,-2.5,792.9948120117188,0.0402069091796875,0.8188769221305847,0.8138274550437927,12
lip-search-s144,/cephfs/home/mkairov/gradim/energy_shaping/runs/mix-N8-K2V2-V62_1M/energygradmem_llama_L4H4D256_mem8_K2_ilr0.4_energy_lip0.003_L5_msearch1.0_n4_r0.25_gainema0.99_mingain0.3_grad_second_stepalign0.1_iread0.1_bs_64_lr_1e-04_fp32_init_plateau/run_2/checkpoint-136000,1,2,-2.0,-2.5,792.9884643554688,0.0337982177734375,0.49015986919403076,0.48511043190956116,12
lip-search-s144,/cephfs/home/mkairov/gradim/energy_shaping/runs/mix-N8-K2V2-V62_1M/energygradmem_llama_L4H4D256_mem8_K2_ilr0.4_energy_lip0.003_L5_msearch1.0_n4_r0.25_gainema0.99_mingain0.3_grad_second_stepalign0.1_iread0.1_bs_64_lr_1e-04_fp32_init_plateau/run_2/checkpoint-136000,1,2,-1.5,-2.5,792.980712890625,0.0260772705078125,0.22062529623508453,0.21557576954364777,12
lip-search-s144,/cephfs/home/mkairov/gradim/energy_shaping/runs/mix-N8-K2V2-V62_1M/energygradmem_llama_L4H4D256_mem8_K2_ilr0.4_energy_lip0.003_L5_msearch1.0_n4_r0.25_gainema0.99_mingain0.3_grad_second_stepalign0.1_iread0.1_bs_64_lr_1e-04_fp32_init_plateau/run_2/checkpoint-136000,1,2,-1.0,-2.5,792.9723510742188,0.0177154541015625,0.15096934139728546,0.14591984450817108,12
lip-search-s144,/cephfs/home/mkairov/gradim/energy_shaping/runs/mix-N8-K2V2-V62_1M/energygradmem_llama_L4H4D256_mem8_K2_ilr0.4_energy_lip0.003_L5_msearch1.0_n4_r0.25_gainema0.99_mingain0.3_grad_second_stepalign0.1_iread0.1_bs_64_lr_1e-04_fp32_init_plateau/run_2/checkpoint-136000,1,2,-0.5,-2.5,792.9636840820312,0.009084065444767475,0.0649554431438446,0.05990593507885933,12
lip-search-s144,/cephfs/home/mkairov/gradim/energy_shaping/runs/mix-N8-K2V2-V62_1M/energygradmem_llama_L4H4D256_mem8_K2_ilr0.4_energy_lip0.003_L5_msearch1.0_n4_r0.25_gainema0.99_mingain0.3_grad_second_stepalign0.1_iread0.1_bs_64_lr_1e-04_fp32_init_plateau/run_2/checkpoint-136000,1,2,0.0,-2.5,792.9556274414062,0.0009867349872365594,0.0038284456823021173,-0.0012210594723001122,12
lip-search-s144,/cephfs/home/mkairov/gradim/energy_shaping/runs/mix-N8-K2V2-V62_1M/energygradmem_llama_L4H4D256_mem8_K2_ilr0.4_energy_lip0.003_L5_msearch1.0_n4_r0.25_gainema0.99_mingain0.3_grad_second_stepalign0.1_iread0.1_bs_64_lr_1e-04_fp32_init_plateau/run_2/checkpoint-136000,1,2,0.5,-2.5,792.948974609375,-0.00567626953125,0.0009399378322996199,-0.00410956796258688,12
lip-search-s144,/cephfs/home/mkairov/gradim/energy_shaping/runs/mix-N8-K2V2-V62_1M/energygradmem_llama_L4H4D256_mem8_K2_ilr0.4_energy_lip0.003_L5_msearch1.0_n4_r0.25_gainema0.99_mingain0.3_grad_second_stepalign0.1_iread0.1_bs_64_lr_1e-04_fp32_init_plateau/run_2/checkpoint-136000,1,2,1.0,-2.5,792.9443969726562,-0.0102996826171875,0.001588356215506792,-0.0034611497540026903,12
lip-search-s144,/cephfs/home/mkairov/gradim/energy_shaping/runs/mix-N8-K2V2-V62_1M/energygradmem_llama_L4H4D256_mem8_K2_ilr0.4_energy_lip0.003_L5_msearch1.0_n4_r0.25_gainema0.99_mingain0.3_grad_second_stepalign0.1_iread0.1_bs_64_lr_1e-04_fp32_init_plateau/run_2/checkpoint-136000,1,2,1.5,-2.5,792.9420776367188,-0.0126495361328125,0.006173435132950544,0.0011239285813644528,12
lip-search-s144,/cephfs/home/mkairov/gradim/energy_shaping/runs/mix-N8-K2V2-V62_1M/energygradmem_llama_L4H4D256_mem8_K2_ilr0.4_energy_lip0.003_L5_msearch1.0_n4_r0.25_gainema0.99_mingain0.3_grad_second_stepalign0.1_iread0.1_bs_64_lr_1e-04_fp32_init_plateau/run_2/checkpoint-136000,1,2,2.0,-2.5,792.9417114257812,-0.0128936767578125,0.04245699942111969,0.037407491356134415,12
lip-search-s144,/cephfs/home/mkairov/gradim/energy_shaping/runs/mix-N8-K2V2-V62_1M/energygradmem_llama_L4H4D256_mem8_K2_ilr0.4_energy_lip0.003_L5_msearch1.0_n4_r0.25_gainema0.99_mingain0.3_grad_second_stepalign0.1_iread0.1_bs_64_lr_1e-04_fp32_init_plateau/run_2/checkpoint-136000,1,2,2.5,-2.5,792.9431762695312,-0.011464436538517475,0.1281178742647171,0.12306836992502213,12
lip-search-s144,/cephfs/home/mkairov/gradim/energy_shaping/runs/mix-N8-K2V2-V62_1M/energygradmem_llama_L4H4D256_mem8_K2_ilr0.4_energy_lip0.003_L5_msearch1.0_n4_r0.25_gainema0.99_mingain0.3_grad_second_stepalign0.1_iread0.1_bs_64_lr_1e-04_fp32_init_plateau/run_2/checkpoint-136000,1,2,3.0,-2.5,792.9472045898438,-0.0074615478515625,1.789798617362976,1.7847490310668945,12
lip-search-s144,/cephfs/home/mkairov/gradim/energy_shaping/runs/mix-N8-K2V2-V62_1M/energygradmem_llama_L4H4D256_mem8_K2_ilr0.4_energy_lip0.003_L5_msearch1.0_n4_r0.25_gainema0.99_mingain0.3_grad_second_stepalign0.1_iread0.1_bs_64_lr_1e-04_fp32_init_plateau/run_2/checkpoint-136000,1,2,-3.0,-2.0,793.0,0.0453084297478199,1.1068929433822632,1.1018434762954712,12
lip-search-s144,/cephfs/home/mkairov/gradim/energy_shaping/runs/mix-N8-K2V2-V62_1M/energygradmem_llama_L4H4D256_mem8_K2_ilr0.4_energy_lip0.003_L5_msearch1.0_n4_r0.25_gainema0.99_mingain0.3_grad_second_stepalign0.1_iread0.1_bs_64_lr_1e-04_fp32_init_plateau/run_2/checkpoint-136000,1,2,-2.5,-2.0,792.9949340820312,0.0403391532599926,0.8091012835502625,0.8040518164634705,12
lip-search-s144,/cephfs/home/mkairov/gradim/energy_shaping/runs/mix-N8-K2V2-V62_1M/energygradmem_llama_L4H4D256_mem8_K2_ilr0.4_energy_lip0.003_L5_msearch1.0_n4_r0.25_gainema0.99_mingain0.3_grad_second_stepalign0.1_iread0.1_bs_64_lr_1e-04_fp32_init_plateau/run_2/checkpoint-136000,1,2,-2.0,-2.0,792.9885864257812,0.0339457206428051,0.4794043004512787,0.4743548333644867,12
lip-search-s144,/cephfs/home/mkairov/gradim/energy_shaping/runs/mix-N8-K2V2-V62_1M/energygradmem_llama_L4H4D256_mem8_K2_ilr0.4_energy_lip0.003_L5_msearch1.0_n4_r0.25_gainema0.99_mingain0.3_grad_second_stepalign0.1_iread0.1_bs_64_lr_1e-04_fp32_init_plateau/run_2/checkpoint-136000,1,2,-1.5,-2.0,792.9807739257812,0.0261383056640625,0.19666685163974762,0.19161735475063324,12
lip-search-s144,/cephfs/home/mkairov/gradim/energy_shaping/runs/mix-N8-K2V2-V62_1M/energygradmem_llama_L4H4D256_mem8_K2_ilr0.4_energy_lip0.003_L5_msearch1.0_n4_r0.25_gainema0.99_mingain0.3_grad_second_stepalign0.1_iread0.1_bs_64_lr_1e-04_fp32_init_plateau/run_2/checkpoint-136000,1,2,-1.0,-2.0,792.9723510742188,0.01767476461827755,0.12645231187343597,0.12140282243490219,12
lip-search-s144,/cephfs/home/mkairov/gradim/energy_shaping/runs/mix-N8-K2V2-V62_1M/energygradmem_llama_L4H4D256_mem8_K2_ilr0.4_energy_lip0.003_L5_msearch1.0_n4_r0.25_gainema0.99_mingain0.3_grad_second_stepalign0.1_iread0.1_bs_64_lr_1e-04_fp32_init_plateau/run_2/checkpoint-136000,1,2,-0.5,-2.0,792.9635620117188,0.008860270492732525,0.04557149484753609,0.04052198678255081,12
lip-search-s144,/cephfs/home/mkairov/gradim/energy_shaping/runs/mix-N8-K2V2-V62_1M/energygradmem_llama_L4H4D256_mem8_K2_ilr0.4_energy_lip0.003_L5_msearch1.0_n4_r0.25_gainema0.99_mingain0.3_grad_second_stepalign0.1_iread0.1_bs_64_lr_1e-04_fp32_init_plateau/run_2/checkpoint-136000,1,2,0.0,-2.0,792.9552612304688,0.000579833984375,0.001871992484666407,-0.00317751313559711,12
lip-search-s144,/cephfs/home/mkairov/gradim/energy_shaping/runs/mix-N8-K2V2-V62_1M/energygradmem_llama_L4H4D256_mem8_K2_ilr0.4_energy_lip0.003_L5_msearch1.0_n4_r0.25_gainema0.99_mingain0.3_grad_second_stepalign0.1_iread0.1_bs_64_lr_1e-04_fp32_init_plateau/run_2/checkpoint-136000,1,2,0.5,-2.0,792.9483032226562,-0.0062967934645712376,0.00030232054996304214,-0.00474718539044261,12
lip-search-s144,/cephfs/home/mkairov/gradim/energy_shaping/runs/mix-N8-K2V2-V62_1M/energygradmem_llama_L4H4D256_mem8_K2_ilr0.4_energy_lip0.003_L5_msearch1.0_n4_r0.25_gainema0.99_mingain0.3_grad_second_stepalign0.1_iread0.1_bs_64_lr_1e-04_fp32_init_plateau/run_2/checkpoint-136000,1,2,1.0,-2.0,792.943603515625,-0.01104736328125,0.00017768570978660136,-0.0048718200996518135,12
lip-search-s144,/cephfs/home/mkairov/gradim/energy_shaping/runs/mix-N8-K2V2-V62_1M/energygradmem_llama_L4H4D256_mem8_K2_ilr0.4_energy_lip0.003_L5_msearch1.0_n4_r0.25_gainema0.99_mingain0.3_grad_second_stepalign0.1_iread0.1_bs_64_lr_1e-04_fp32_init_plateau/run_2/checkpoint-136000,1,2,1.5,-2.0,792.9412231445312,-0.013463337905704975,0.0006287076394073665,-0.004420797806233168,12
lip-search-s144,/cephfs/home/mkairov/gradim/energy_shaping/runs/mix-N8-K2V2-V62_1M/energygradmem_llama_L4H4D256_mem8_K2_ilr0.4_energy_lip0.003_L5_msearch1.0_n4_r0.25_gainema0.99_mingain0.3_grad_second_stepalign0.1_iread0.1_bs_64_lr_1e-04_fp32_init_plateau/run_2/checkpoint-136000,1,2,2.0,-2.0,792.9409790039062,-0.013727824203670025,0.0041480581276118755,-0.0009014473180286586,12
lip-search-s144,/cephfs/home/mkairov/gradim/energy_shaping/runs/mix-N8-K2V2-V62_1M/energygradmem_llama_L4H4D256_mem8_K2_ilr0.4_energy_lip0.003_L5_msearch1.0_n4_r0.25_gainema0.99_mingain0.3_grad_second_stepalign0.1_iread0.1_bs_64_lr_1e-04_fp32_init_plateau/run_2/checkpoint-136000,1,2,2.5,-2.0,792.9423217773438,-0.0124053955078125,0.041003525257110596,0.03595401719212532,12
lip-search-s144,/cephfs/home/mkairov/gradim/energy_shaping/runs/mix-N8-K2V2-V62_1M/energygradmem_llama_L4H4D256_mem8_K2_ilr0.4_energy_lip0.003_L5_msearch1.0_n4_r0.25_gainema0.99_mingain0.3_grad_second_stepalign0.1_iread0.1_bs_64_lr_1e-04_fp32_init_plateau/run_2/checkpoint-136000,1,2,3.0,-2.0,792.946044921875,-0.008570353500545025,1.4407473802566528,1.4356979131698608,12
lip-search-s144,/cephfs/home/mkairov/gradim/energy_shaping/runs/mix-N8-K2V2-V62_1M/energygradmem_llama_L4H4D256_mem8_K2_ilr0.4_energy_lip0.003_L5_msearch1.0_n4_r0.25_gainema0.99_mingain0.3_grad_second_stepalign0.1_iread0.1_bs_64_lr_1e-04_fp32_init_plateau/run_2/checkpoint-136000,1,2,-3.0,-1.5,793.0000610351562,0.0454559326171875,1.0811985731124878,1.0761488676071167,12
lip-search-s144,/cephfs/home/mkairov/gradim/energy_shaping/runs/mix-N8-K2V2-V62_1M/energygradmem_llama_L4H4D256_mem8_K2_ilr0.4_energy_lip0.003_L5_msearch1.0_n4_r0.25_gainema0.99_mingain0.3_grad_second_stepalign0.1_iread0.1_bs_64_lr_1e-04_fp32_init_plateau/run_2/checkpoint-136000,1,2,-2.5,-1.5,792.9951171875,0.0404561348259449,0.8169183135032654,0.8118688464164734,12
lip-search-s144,/cephfs/home/mkairov/gradim/energy_shaping/runs/mix-N8-K2V2-V62_1M/energygradmem_llama_L4H4D256_mem8_K2_ilr0.4_energy_lip0.003_L5_msearch1.0_n4_r0.25_gainema0.99_mingain0.3_grad_second_stepalign0.1_iread0.1_bs_64_lr_1e-04_fp32_init_plateau/run_2/checkpoint-136000,1,2,-2.0,-1.5,792.9887084960938,0.0340220145881176,0.48411253094673157,0.4790630340576172,12
lip-search-s144,/cephfs/home/mkairov/gradim/energy_shaping/runs/mix-N8-K2V2-V62_1M/energygradmem_llama_L4H4D256_mem8_K2_ilr0.4_energy_lip0.003_L5_msearch1.0_n4_r0.25_gainema0.99_mingain0.3_grad_second_stepalign0.1_iread0.1_bs_64_lr_1e-04_fp32_init_plateau/run_2/checkpoint-136000,1,2,-1.5,-1.5,792.9808959960938,0.02623494528234005,0.18020565807819366,0.17515616118907928,12
lip-search-s144,/cephfs/home/mkairov/gradim/energy_shaping/runs/mix-N8-K2V2-V62_1M/energygradmem_llama_L4H4D256_mem8_K2_ilr0.4_energy_lip0.003_L5_msearch1.0_n4_r0.25_gainema0.99_mingain0.3_grad_second_stepalign0.1_iread0.1_bs_64_lr_1e-04_fp32_init_plateau/run_2/checkpoint-136000,1,2,-1.0,-1.5,792.9723510742188,0.01769002340734005,0.10844940692186356,0.10339991003274918,12
lip-search-s144,/cephfs/home/mkairov/gradim/energy_shaping/runs/mix-N8-K2V2-V62_1M/energygradmem_llama_L4H4D256_mem8_K2_ilr0.4_energy_lip0.003_L5_msearch1.0_n4_r0.25_gainema0.99_mingain0.3_grad_second_stepalign0.1_iread0.1_bs_64_lr_1e-04_fp32_init_plateau/run_2/checkpoint-136000,1,2,-0.5,-1.5,792.9634399414062,0.008738200180232525,0.03429235517978668,0.029242848977446556,12
lip-search-s144,/cephfs/home/mkairov/gradim/energy_shaping/runs/mix-N8-K2V2-V62_1M/energygradmem_llama_L4H4D256_mem8_K2_ilr0.4_energy_lip0.003_L5_msearch1.0_n4_r0.25_gainema0.99_mingain0.3_grad_second_stepalign0.1_iread0.1_bs_64_lr_1e-04_fp32_init_plateau/run_2/checkpoint-136000,1,2,0.0,-1.5,792.9550170898438,0.00031534829759038985,0.0013155663618817925,-0.0037339392583817244,12
lip-search-s144,/cephfs/home/mkairov/gradim/energy_shaping/runs/mix-N8-K2V2-V62_1M/energygradmem_llama_L4H4D256_mem8_K2_ilr0.4_energy_lip0.003_L5_msearch1.0_n4_r0.25_gainema0.99_mingain0.3_grad_second_stepalign0.1_iread0.1_bs_64_lr_1e-04_fp32_init_plateau/run_2/checkpoint-136000,1,2,0.5,-1.5,792.9479370117188,-0.0067036948166787624,0.0001094238759833388,-0.004940081853419542,12
lip-search-s144,/cephfs/home/mkairov/gradim/energy_shaping/runs/mix-N8-K2V2-V62_1M/energygradmem_llama_L4H4D256_mem8_K2_ilr0.4_energy_lip0.003_L5_msearch1.0_n4_r0.25_gainema0.99_mingain0.3_grad_second_stepalign0.1_iread0.1_bs_64_lr_1e-04_fp32_init_plateau/run_2/checkpoint-136000,1,2,1.0,-1.5,792.9430541992188,-0.011606852523982525,2.8706383091048338e-05,-0.005020799580961466,12
lip-search-s144,/cephfs/home/mkairov/gradim/energy_shaping/runs/mix-N8-K2V2-V62_1M/energygradmem_llama_L4H4D256_mem8_K2_ilr0.4_energy_lip0.003_L5_msearch1.0_n4_r0.25_gainema0.99_mingain0.3_grad_second_stepalign0.1_iread0.1_bs_64_lr_1e-04_fp32_init_plateau/run_2/checkpoint-136000,1,2,1.5,-1.5,792.9406127929688,-0.014129638671875,9.330953616881743e-05,-0.004956196062266827,12
lip-search-s144,/cephfs/home/mkairov/gradim/energy_shaping/runs/mix-N8-K2V2-V62_1M/energygradmem_llama_L4H4D256_mem8_K2_ilr0.4_energy_lip0.003_L5_msearch1.0_n4_r0.25_gainema0.99_mingain0.3_grad_second_stepalign0.1_iread0.1_bs_64_lr_1e-04_fp32_init_plateau/run_2/checkpoint-136000,1,2,2.0,-1.5,792.9402465820312,-0.014378865249454975,0.0006918666767887771,-0.004357639234513044,12
lip-search-s144,/cephfs/home/mkairov/gradim/energy_shaping/runs/mix-N8-K2V2-V62_1M/energygradmem_llama_L4H4D256_mem8_K2_ilr0.4_energy_lip0.003_L5_msearch1.0_n4_r0.25_gainema0.99_mingain0.3_grad_second_stepalign0.1_iread0.1_bs_64_lr_1e-04_fp32_init_plateau/run_2/checkpoint-136000,1,2,2.5,-1.5,792.941650390625,-0.013066609390079975,0.009640033356845379,0.00459052762016654,12
lip-search-s144,/cephfs/home/mkairov/gradim/energy_shaping/runs/mix-N8-K2V2-V62_1M/energygradmem_llama_L4H4D256_mem8_K2_ilr0.4_energy_lip0.003_L5_msearch1.0_n4_r0.25_gainema0.99_mingain0.3_grad_second_stepalign0.1_iread0.1_bs_64_lr_1e-04_fp32_init_plateau/run_2/checkpoint-136000,1,2,3.0,-1.5,792.9451293945312,-0.009450276382267475,1.069395899772644,1.0643465518951416,12
lip-search-s144,/cephfs/home/mkairov/gradim/energy_shaping/runs/mix-N8-K2V2-V62_1M/energygradmem_llama_L4H4D256_mem8_K2_ilr0.4_energy_lip0.003_L5_msearch1.0_n4_r0.25_gainema0.99_mingain0.3_grad_second_stepalign0.1_iread0.1_bs_64_lr_1e-04_fp32_init_plateau/run_2/checkpoint-136000,1,2,-3.0,-1.0,793.0001831054688,0.045562744140625,1.1280503273010254,1.1230008602142334,12
lip-search-s144,/cephfs/home/mkairov/gradim/energy_shaping/runs/mix-N8-K2V2-V62_1M/energygradmem_llama_L4H4D256_mem8_K2_ilr0.4_energy_lip0.003_L5_msearch1.0_n4_r0.25_gainema0.99_mingain0.3_grad_second_stepalign0.1_iread0.1_bs_64_lr_1e-04_fp32_init_plateau/run_2/checkpoint-136000,1,2,-2.5,-1.0,792.995361328125,0.04058837890625,0.8280903697013855,0.823040783405304,12
lip-search-s144,/cephfs/home/mkairov/gradim/energy_shaping/runs/mix-N8-K2V2-V62_1M/energygradmem_llama_L4H4D256_mem8_K2_ilr0.4_energy_lip0.003_L5_msearch1.0_n4_r0.25_gainema0.99_mingain0.3_grad_second_stepalign0.1_iread0.1_bs_64_lr_1e-04_fp32_init_plateau/run_2/checkpoint-136000,1,2,-2.0,-1.0,792.98876953125,0.0341033935546875,0.5060696005821228,0.501020073890686,12
lip-search-s144,/cephfs/home/mkairov/gradim/energy_shaping/runs/mix-N8-K2V2-V62_1M/energygradmem_llama_L4H4D256_mem8_K2_ilr0.4_energy_lip0.003_L5_msearch1.0_n4_r0.25_gainema0.99_mingain0.3_grad_second_stepalign0.1_iread0.1_bs_64_lr_1e-04_fp32_init_plateau/run_2/checkpoint-136000,1,2,-1.5,-1.0,792.9810180664062,0.026336669921875,0.17098955810070038,0.1659400463104248,12
lip-search-s144,/cephfs/home/mkairov/gradim/energy_shaping/runs/mix-N8-K2V2-V62_1M/energygradmem_llama_L4H4D256_mem8_K2_ilr0.4_energy_lip0.003_L5_msearch1.0_n4_r0.25_gainema0.99_mingain0.3_grad_second_stepalign0.1_iread0.1_bs_64_lr_1e-04_fp32_init_plateau/run_2/checkpoint-136000,1,2,-1.0,-1.0,792.9723510742188,0.01772562600672245,0.09636383503675461,0.09131432324647903,12
lip-search-s144,/cephfs/home/mkairov/gradim/energy_shaping/runs/mix-N8-K2V2-V62_1M/energygradmem_llama_L4H4D256_mem8_K2_ilr0.4_energy_lip0.003_L5_msearch1.0_n4_r0.25_gainema0.99_mingain0.3_grad_second_stepalign0.1_iread0.1_bs_64_lr_1e-04_fp32_init_plateau/run_2/checkpoint-136000,1,2,-0.5,-1.0,792.9633178710938,0.008677165023982525,0.027654370293021202,0.022604862228035927,12
lip-search-s144,/cephfs/home/mkairov/gradim/energy_shaping/runs/mix-N8-K2V2-V62_1M/energygradmem_llama_L4H4D256_mem8_K2_ilr0.4_energy_lip0.003_L5_msearch1.0_n4_r0.25_gainema0.99_mingain0.3_grad_second_stepalign0.1_iread0.1_bs_64_lr_1e-04_fp32_init_plateau/run_2/checkpoint-136000,1,2,0.0,-1.0,792.954833984375,0.00013224284339230508,0.0014713653363287449,-0.003578140400350094,12
lip-search-s144,/cephfs/home/mkairov/gradim/energy_shaping/runs/mix-N8-K2V2-V62_1M/energygradmem_llama_L4H4D256_mem8_K2_ilr0.4_energy_lip0.003_L5_msearch1.0_n4_r0.25_gainema0.99_mingain0.3_grad_second_stepalign0.1_iread0.1_bs_64_lr_1e-04_fp32_init_plateau/run_2/checkpoint-136000,1,2,0.5,-1.0,792.9476928710938,-0.006988525390625,5.012084511690773e-05,-0.004999385215342045,12
lip-search-s144,/cephfs/home/mkairov/gradim/energy_shaping/runs/mix-N8-K2V2-V62_1M/energygradmem_llama_L4H4D256_mem8_K2_ilr0.4_energy_lip0.003_L5_msearch1.0_n4_r0.25_gainema0.99_mingain0.3_grad_second_stepalign0.1_iread0.1_bs_64_lr_1e-04_fp32_init_plateau/run_2/checkpoint-136000,1,2,1.0,-1.0,792.942626953125,-0.011998494155704975,8.734208677196875e-06,-0.005040771793574095,12
lip-search-s144,/cephfs/home/mkairov/gradim/energy_shaping/runs/mix-N8-K2V2-V62_1M/energygradmem_llama_L4H4D256_mem8_K2_ilr0.4_energy_lip0.003_L5_msearch1.0_n4_r0.25_gainema0.99_mingain0.3_grad_second_stepalign0.1_iread0.1_bs_64_lr_1e-04_fp32_init_plateau/run_2/checkpoint-136000,1,2,1.5,-1.0,792.9400024414062,-0.014577229507267475,2.4036946342675947e-05,-0.0050254687666893005,12
lip-search-s144,/cephfs/home/mkairov/gradim/energy_shaping/runs/mix-N8-K2V2-V62_1M/energygradmem_llama_L4H4D256_mem8_K2_ilr0.4_energy_lip0.003_L5_msearch1.0_n4_r0.25_gainema0.99_mingain0.3_grad_second_stepalign0.1_iread0.1_bs_64_lr_1e-04_fp32_init_plateau/run_2/checkpoint-136000,1,2,2.0,-1.0,792.9398803710938,-0.014841715805232525,0.0002480157418176532,-0.004801489878445864,12
lip-search-s144,/cephfs/home/mkairov/gradim/energy_shaping/runs/mix-N8-K2V2-V62_1M/energygradmem_llama_L4H4D256_mem8_K2_ilr0.4_energy_lip0.003_L5_msearch1.0_n4_r0.25_gainema0.99_mingain0.3_grad_second_stepalign0.1_iread0.1_bs_64_lr_1e-04_fp32_init_plateau/run_2/checkpoint-136000,1,2,2.5,-1.0,792.9411010742188,-0.0135650634765625,0.005385769065469503,0.00033626353251747787,12
lip-search-s144,/cephfs/home/mkairov/gradim/energy_shaping/runs/mix-N8-K2V2-V62_1M/energygradmem_llama_L4H4D256_mem8_K2_ilr0.4_energy_lip0.003_L5_msearch1.0_n4_r0.25_gainema0.99_mingain0.3_grad_second_stepalign0.1_iread0.1_bs_64_lr_1e-04_fp32_init_plateau/run_2/checkpoint-136000,1,2,3.0,-1.0,792.944580078125,-0.010075886733829975,0.8331530690193176,0.8281033635139465,12
lip-search-s144,/cephfs/home/mkairov/gradim/energy_shaping/runs/mix-N8-K2V2-V62_1M/energygradmem_llama_L4H4D256_mem8_K2_ilr0.4_energy_lip0.003_L5_msearch1.0_n4_r0.25_gainema0.99_mingain0.3_grad_second_stepalign0.1_iread0.1_bs_64_lr_1e-04_fp32_init_plateau/run_2/checkpoint-136000,1,2,-3.0,-0.5,793.0003051757812,0.0456339530646801,1.226652979850769,1.221603274345398,12
lip-search-s144,/cephfs/home/mkairov/gradim/energy_shaping/runs/mix-N8-K2V2-V62_1M/energygradmem_llama_L4H4D256_mem8_K2_ilr0.4_energy_lip0.003_L5_msearch1.0_n4_r0.25_gainema0.99_mingain0.3_grad_second_stepalign0.1_iread0.1_bs_64_lr_1e-04_fp32_init_plateau/run_2/checkpoint-136000,1,2,-2.5,-0.5,792.9953002929688,0.0406036376953125,0.8390775322914124,0.8340280055999756,12
lip-search-s144,/cephfs/home/mkairov/gradim/energy_shaping/runs/mix-N8-K2V2-V62_1M/energygradmem_llama_L4H4D256_mem8_K2_ilr0.4_energy_lip0.003_L5_msearch1.0_n4_r0.25_gainema0.99_mingain0.3_grad_second_stepalign0.1_iread0.1_bs_64_lr_1e-04_fp32_init_plateau/run_2/checkpoint-136000,1,2,-2.0,-0.5,792.98876953125,0.0341695137321949,0.542856752872467,0.537807285785675,12
lip-search-s144,/cephfs/home/mkairov/gradim/energy_shaping/runs/mix-N8-K2V2-V62_1M/energygradmem_llama_L4H4D256_mem8_K2_ilr0.4_energy_lip0.003_L5_msearch1.0_n4_r0.25_gainema0.99_mingain0.3_grad_second_stepalign0.1_iread0.1_bs_64_lr_1e-04_fp32_init_plateau/run_2/checkpoint-136000,1,2,-1.5,-0.5,792.9810180664062,0.026397705078125,0.16997016966342926,0.1649206578731537,12
lip-search-s144,/cephfs/home/mkairov/gradim/energy_shaping/runs/mix-N8-K2V2-V62_1M/energygradmem_llama_L4H4D256_mem8_K2_ilr0.4_energy_lip0.003_L5_msearch1.0_n4_r0.25_gainema0.99_mingain0.3_grad_second_stepalign0.1_iread0.1_bs_64_lr_1e-04_fp32_init_plateau/run_2/checkpoint-136000,1,2,-1.0,-0.5,792.9723510742188,0.01772054098546505,0.0935201421380043,0.08847064524888992,12
lip-search-s144,/cephfs/home/mkairov/gradim/energy_shaping/runs/mix-N8-K2V2-V62_1M/energygradmem_llama_L4H4D256_mem8_K2_ilr0.4_energy_lip0.003_L5_msearch1.0_n4_r0.25_gainema0.99_mingain0.3_grad_second_stepalign0.1_iread0.1_bs_64_lr_1e-04_fp32_init_plateau/run_2/checkpoint-136000,1,2,-0.5,-0.5,792.96337890625,0.0086669921875,0.025609200820326805,0.02055969275534153,12
lip-search-s144,/cephfs/home/mkairov/gradim/energy_shaping/runs/mix-N8-K2V2-V62_1M/energygradmem_llama_L4H4D256_mem8_K2_ilr0.4_energy_lip0.003_L5_msearch1.0_n4_r0.25_gainema0.99_mingain0.3_grad_second_stepalign0.1_iread0.1_bs_64_lr_1e-04_fp32_init_plateau/run_2/checkpoint-136000,1,2,0.0,-0.5,792.9547729492188,4.069010537932627e-05,0.0024819562677294016,-0.002567549701780081,12
lip-search-s144,/cephfs/home/mkairov/gradim/energy_shaping/runs/mix-N8-K2V2-V62_1M/energygradmem_llama_L4H4D256_mem8_K2_ilr0.4_energy_lip0.003_L5_msearch1.0_n4_r0.25_gainema0.99_mingain0.3_grad_second_stepalign0.1_iread0.1_bs_64_lr_1e-04_fp32_init_plateau/run_2/checkpoint-136000,1,2,0.5,-0.5,792.9474487304688,-0.00714111328125,4.472768341656774e-05,-0.005004778038710356,12
lip-search-s144,/cephfs/home/mkairov/gradim/energy_shaping/runs/mix-N8-K2V2-V62_1M/energygradmem_llama_L4H4D256_mem8_K2_ilr0.4_energy_lip0.003_L5_msearch1.0_n4_r0.25_gainema0.99_mingain0.3_grad_second_stepalign0.1_iread0.1_bs_64_lr_1e-04_fp32_init_plateau/run_2/checkpoint-136000,1,2,1.0,-0.5,792.9423828125,-0.012227375991642475,6.074621069274144e-06,-0.005043431185185909,12
lip-search-s144,/cephfs/home/mkairov/gradim/energy_shaping/runs/mix-N8-K2V2-V62_1M/energygradmem_llama_L4H4D256_mem8_K2_ilr0.4_energy_lip0.003_L5_msearch1.0_n4_r0.25_gainema0.99_mingain0.3_grad_second_stepalign0.1_iread0.1_bs_64_lr_1e-04_fp32_init_plateau/run_2/checkpoint-136000,1,2,1.5,-0.5,792.9398803710938,-0.014867146499454975,1.506151875219075e-05,-0.005034444388002157,12
lip-search-s144,/cephfs/home/mkairov/gradim/energy_shaping/runs/mix-N8-K2V2-V62_1M/energygradmem_llama_L4H4D256_mem8_K2_ilr0.4_energy_lip0.003_L5_msearch1.0_n4_r0.25_gainema0.99_mingain0.3_grad_second_stepalign0.1_iread0.1_bs_64_lr_1e-04_fp32_init_plateau/run_2/checkpoint-136000,1,2,2.0,-0.5,792.939453125,-0.0151519775390625,0.0002043034037342295,-0.004845202434808016,12
lip-search-s144,/cephfs/home/mkairov/gradim/energy_shaping/runs/mix-N8-K2V2-V62_1M/energygradmem_llama_L4H4D256_mem8_K2_ilr0.4_energy_lip0.003_L5_msearch1.0_n4_r0.25_gainema0.99_mingain0.3_grad_second_stepalign0.1_iread0.1_bs_64_lr_1e-04_fp32_init_plateau/run_2/checkpoint-136000,1,2,2.5,-0.5,792.9407348632812,-0.013895670883357525,0.00545395165681839,0.0004044458910357207,12
lip-search-s144,/cephfs/home/mkairov/gradim/energy_shaping/runs/mix-N8-K2V2-V62_1M/energygradmem_llama_L4H4D256_mem8_K2_ilr0.4_energy_lip0.003_L5_msearch1.0_n4_r0.25_gainema0.99_mingain0.3_grad_second_stepalign0.1_iread0.1_bs_64_lr_1e-04_fp32_init_plateau/run_2/checkpoint-136000,1,2,3.0,-0.5,792.944091796875,-0.010599772445857525,0.6865146160125732,0.6814649701118469,12
lip-search-s144,/cephfs/home/mkairov/gradim/energy_shaping/runs/mix-N8-K2V2-V62_1M/energygradmem_llama_L4H4D256_mem8_K2_ilr0.4_energy_lip0.003_L5_msearch1.0_n4_r0.25_gainema0.99_mingain0.3_grad_second_stepalign0.1_iread0.1_bs_64_lr_1e-04_fp32_init_plateau/run_2/checkpoint-136000,1,2,-3.0,0.0,793.000244140625,0.045654296875,1.2638756036758423,1.2588261365890503,12
lip-search-s144,/cephfs/home/mkairov/gradim/energy_shaping/runs/mix-N8-K2V2-V62_1M/energygradmem_llama_L4H4D256_mem8_K2_ilr0.4_energy_lip0.003_L5_msearch1.0_n4_r0.25_gainema0.99_mingain0.3_grad_second_stepalign0.1_iread0.1_bs_64_lr_1e-04_fp32_init_plateau/run_2/checkpoint-136000,1,2,-2.5,0.0,792.9953002929688,0.0406138114631176,0.8471348881721497,0.8420853614807129,12
lip-search-s144,/cephfs/home/mkairov/gradim/energy_shaping/runs/mix-N8-K2V2-V62_1M/energygradmem_llama_L4H4D256_mem8_K2_ilr0.4_energy_lip0.003_L5_msearch1.0_n4_r0.25_gainema0.99_mingain0.3_grad_second_stepalign0.1_iread0.1_bs_64_lr_1e-04_fp32_init_plateau/run_2/checkpoint-136000,1,2,-2.0,0.0,792.98876953125,0.0341542549431324,0.5877650380134583,0.5827155709266663,12
lip-search-s144,/cephfs/home/mkairov/gradim/energy_shaping/runs/mix-N8-K2V2-V62_1M/energygradmem_llama_L4H4D256_mem8_K2_ilr0.4_energy_lip0.003_L5_msearch1.0_n4_r0.25_gainema0.99_mingain0.3_grad_second_stepalign0.1_iread0.1_bs_64_lr_1e-04_fp32_init_plateau/run_2/checkpoint-136000,1,2,-1.5,0.0,792.9810180664062,0.0263824462890625,0.1803465485572815,0.17529702186584473,12
lip-search-s144,/cephfs/home/mkairov/gradim/energy_shaping/runs/mix-N8-K2V2-V62_1M/energygradmem_llama_L4H4D256_mem8_K2_ilr0.4_energy_lip0.003_L5_msearch1.0_n4_r0.25_gainema0.99_mingain0.3_grad_second_stepalign0.1_iread0.1_bs_64_lr_1e-04_fp32_init_plateau/run_2/checkpoint-136000,1,2,-1.0,0.0,792.972412109375,0.01775105856359005,0.0949799045920372,0.08993039280176163,12
lip-search-s144,/cephfs/home/mkairov/gradim/energy_shaping/runs/mix-N8-K2V2-V62_1M/energygradmem_llama_L4H4D256_mem8_K2_ilr0.4_energy_lip0.003_L5_msearch1.0_n4_r0.25_gainema0.99_mingain0.3_grad_second_stepalign0.1_iread0.1_bs_64_lr_1e-04_fp32_init_plateau/run_2/checkpoint-136000,1,2,-0.5,0.0,792.9633178710938,0.0086517333984375,0.028872326016426086,0.02382282167673111,12
lip-search-s144,/cephfs/home/mkairov/gradim/energy_shaping/runs/mix-N8-K2V2-V62_1M/energygradmem_llama_L4H4D256_mem8_K2_ilr0.4_energy_lip0.003_L5_msearch1.0_n4_r0.25_gainema0.99_mingain0.3_grad_second_stepalign0.1_iread0.1_bs_64_lr_1e-04_fp32_init_plateau/run_2/checkpoint-136000,1,2,0.0,0.0,792.95458984375,0.0,0.005049505736678839,0.0,12
lip-search-s144,/cephfs/home/mkairov/gradim/energy_shaping/runs/mix-N8-K2V2-V62_1M/energygradmem_llama_L4H4D256_mem8_K2_ilr0.4_energy_lip0.003_L5_msearch1.0_n4_r0.25_gainema0.99_mingain0.3_grad_second_stepalign0.1_iread0.1_bs_64_lr_1e-04_fp32_init_plateau/run_2/checkpoint-136000,1,2,0.5,0.0,792.9474487304688,-0.0072123208083212376,7.775451376801357e-05,-0.004971751477569342,12
lip-search-s144,/cephfs/home/mkairov/gradim/energy_shaping/runs/mix-N8-K2V2-V62_1M/energygradmem_llama_L4H4D256_mem8_K2_ilr0.4_energy_lip0.003_L5_msearch1.0_n4_r0.25_gainema0.99_mingain0.3_grad_second_stepalign0.1_iread0.1_bs_64_lr_1e-04_fp32_init_plateau/run_2/checkpoint-136000,1,2,1.0,0.0,792.9423217773438,-0.0123138427734375,8.950213668867946e-06,-0.005040555726736784,12
lip-search-s144,/cephfs/home/mkairov/gradim/energy_shaping/runs/mix-N8-K2V2-V62_1M/energygradmem_llama_L4H4D256_mem8_K2_ilr0.4_energy_lip0.003_L5_msearch1.0_n4_r0.25_gainema0.99_mingain0.3_grad_second_stepalign0.1_iread0.1_bs_64_lr_1e-04_fp32_init_plateau/run_2/checkpoint-136000,1,2,1.5,0.0,792.939697265625,-0.014989216811954975,2.4143571863532998e-05,-0.005025362130254507,12
lip-search-s144,/cephfs/home/mkairov/gradim/energy_shaping/runs/mix-N8-K2V2-V62_1M/energygradmem_llama_L4H4D256_mem8_K2_ilr0.4_energy_lip0.003_L5_msearch1.0_n4_r0.25_gainema0.99_mingain0.3_grad_second_stepalign0.1_iread0.1_bs_64_lr_1e-04_fp32_init_plateau/run_2/checkpoint-136000,1,2,2.0,0.0,792.9393920898438,-0.015294392593204975,0.00032690714579075575,-0.0047225989401340485,12
lip-search-s144,/cephfs/home/mkairov/gradim/energy_shaping/runs/mix-N8-K2V2-V62_1M/energygradmem_llama_L4H4D256_mem8_K2_ilr0.4_energy_lip0.003_L5_msearch1.0_n4_r0.25_gainema0.99_mingain0.3_grad_second_stepalign0.1_iread0.1_bs_64_lr_1e-04_fp32_init_plateau/run_2/checkpoint-136000,1,2,2.5,0.0,792.9406127929688,-0.014078776352107525,0.007306279148906469,0.0022567729465663433,12
lip-search-s144,/cephfs/home/mkairov/gradim/energy_shaping/runs/mix-N8-K2V2-V62_1M/energygradmem_llama_L4H4D256_mem8_K2_ilr0.4_energy_lip0.003_L5_msearch1.0_n4_r0.25_gainema0.99_mingain0.3_grad_second_stepalign0.1_iread0.1_bs_64_lr_1e-04_fp32_init_plateau/run_2/checkpoint-136000,1,2,3.0,0.0,792.9436645507812,-0.010986328125,0.6745262742042542,0.6694767475128174,12
lip-search-s144,/cephfs/home/mkairov/gradim/energy_shaping/runs/mix-N8-K2V2-V62_1M/energygradmem_llama_L4H4D256_mem8_K2_ilr0.4_energy_lip0.003_L5_msearch1.0_n4_r0.25_gainema0.99_mingain0.3_grad_second_stepalign0.1_iread0.1_bs_64_lr_1e-04_fp32_init_plateau/run_2/checkpoint-136000,1,2,-3.0,0.5,793.0003051757812,0.0456186942756176,1.2783085107803345,1.2732590436935425,12
lip-search-s144,/cephfs/home/mkairov/gradim/energy_shaping/runs/mix-N8-K2V2-V62_1M/energygradmem_llama_L4H4D256_mem8_K2_ilr0.4_energy_lip0.003_L5_msearch1.0_n4_r0.25_gainema0.99_mingain0.3_grad_second_stepalign0.1_iread0.1_bs_64_lr_1e-04_fp32_init_plateau/run_2/checkpoint-136000,1,2,-2.5,0.5,792.9951782226562,0.040557861328125,0.8511996269226074,0.8461501598358154,12
lip-search-s144,/cephfs/home/mkairov/gradim/energy_shaping/runs/mix-N8-K2V2-V62_1M/energygradmem_llama_L4H4D256_mem8_K2_ilr0.4_energy_lip0.003_L5_msearch1.0_n4_r0.25_gainema0.99_mingain0.3_grad_second_stepalign0.1_iread0.1_bs_64_lr_1e-04_fp32_init_plateau/run_2/checkpoint-136000,1,2,-2.0,0.5,792.98876953125,0.0340830497443676,0.6315484046936035,0.6264989376068115,12
lip-search-s144,/cephfs/home/mkairov/gradim/energy_shaping/runs/mix-N8-K2V2-V62_1M/energygradmem_llama_L4H4D256_mem8_K2_ilr0.4_energy_lip0.003_L5_msearch1.0_n4_r0.25_gainema0.99_mingain0.3_grad_second_stepalign0.1_iread0.1_bs_64_lr_1e-04_fp32_init_plateau/run_2/checkpoint-136000,1,2,-1.5,0.5,792.98095703125,0.02630106545984745,0.19975155591964722,0.19470204412937164,12
lip-search-s144,/cephfs/home/mkairov/gradim/energy_shaping/runs/mix-N8-K2V2-V62_1M/energygradmem_llama_L4H4D256_mem8_K2_ilr0.4_energy_lip0.003_L5_msearch1.0_n4_r0.25_gainema0.99_mingain0.3_grad_second_stepalign0.1_iread0.1_bs_64_lr_1e-04_fp32_init_plateau/run_2/checkpoint-136000,1,2,-1.0,0.5,792.9723510742188,0.0177154541015625,0.09991860389709473,0.09486910700798035,12
lip-search-s144,/cephfs/home/mkairov/gradim/energy_shaping/runs/mix-N8-K2V2-V62_1M/energygradmem_llama_L4H4D256_mem8_K2_ilr0.4_energy_lip0.003_L5_msearch1.0_n4_r0.25_gainema0.99_mingain0.3_grad_second_stepalign0.1_iread0.1_bs_64_lr_1e-04_fp32_init_plateau/run_2/checkpoint-136000,1,2,-0.5,0.5,792.9633178710938,0.008641560561954975,0.03738241642713547,0.03233290836215019,12
lip-search-s144,/cephfs/home/mkairov/gradim/energy_shaping/runs/mix-N8-K2V2-V62_1M/energygradmem_llama_L4H4D256_mem8_K2_ilr0.4_energy_lip0.003_L5_msearch1.0_n4_r0.25_gainema0.99_mingain0.3_grad_second_stepalign0.1_iread0.1_bs_64_lr_1e-04_fp32_init_plateau/run_2/checkpoint-136000,1,2,0.0,0.5,792.9547729492188,3.0517578125e-05,0.010492374189198017,0.005442868452519178,12
lip-search-s144,/cephfs/home/mkairov/gradim/energy_shaping/runs/mix-N8-K2V2-V62_1M/energygradmem_llama_L4H4D256_mem8_K2_ilr0.4_energy_lip0.003_L5_msearch1.0_n4_r0.25_gainema0.99_mingain0.3_grad_second_stepalign0.1_iread0.1_bs_64_lr_1e-04_fp32_init_plateau/run_2/checkpoint-136000,1,2,0.5,0.5,792.9474487304688,-0.0071461996994912624,0.00018544252088759094,-0.004864063113927841,12
lip-search-s144,/cephfs/home/mkairov/gradim/energy_shaping/runs/mix-N8-K2V2-V62_1M/energygradmem_llama_L4H4D256_mem8_K2_ilr0.4_energy_lip0.003_L5_msearch1.0_n4_r0.25_gainema0.99_mingain0.3_grad_second_stepalign0.1_iread0.1_bs_64_lr_1e-04_fp32_init_plateau/run_2/checkpoint-136000,1,2,1.0,0.5,792.9423217773438,-0.012262980453670025,2.390188274148386e-05,-0.005025604274123907,12
lip-search-s144,/cephfs/home/mkairov/gradim/energy_shaping/runs/mix-N8-K2V2-V62_1M/energygradmem_llama_L4H4D256_mem8_K2_ilr0.4_energy_lip0.003_L5_msearch1.0_n4_r0.25_gainema0.99_mingain0.3_grad_second_stepalign0.1_iread0.1_bs_64_lr_1e-04_fp32_init_plateau/run_2/checkpoint-136000,1,2,1.5,0.5,792.939697265625,-0.014963786117732525,7.138859655242413e-05,-0.0049781170673668385,12
lip-search-s144,/cephfs/home/mkairov/gradim/energy_shaping/runs/mix-N8-K2V2-V62_1M/energygradmem_llama_L4H4D256_mem8_K2_ilr0.4_energy_lip0.003_L5_msearch1.0_n4_r0.25_gainema0.99_mingain0.3_grad_second_stepalign0.1_iread0.1_bs_64_lr_1e-04_fp32_init_plateau/run_2/checkpoint-136000,1,2,2.0,0.5,792.9393920898438,-0.015268961898982525,0.0007439443725161254,-0.004305561538785696,12
lip-search-s144,/cephfs/home/mkairov/gradim/energy_shaping/runs/mix-N8-K2V2-V62_1M/energygradmem_llama_L4H4D256_mem8_K2_ilr0.4_energy_lip0.003_L5_msearch1.0_n4_r0.25_gainema0.99_mingain0.3_grad_second_stepalign0.1_iread0.1_bs_64_lr_1e-04_fp32_init_plateau/run_2/checkpoint-136000,1,2,2.5,0.5,792.9404907226562,-0.014094035141170025,0.011499275453388691,0.006449770648032427,12
lip-search-s144,/cephfs/home/mkairov/gradim/energy_shaping/runs/mix-N8-K2V2-V62_1M/energygradmem_llama_L4H4D256_mem8_K2_ilr0.4_energy_lip0.003_L5_msearch1.0_n4_r0.25_gainema0.99_mingain0.3_grad_second_stepalign0.1_iread0.1_bs_64_lr_1e-04_fp32_init_plateau/run_2/checkpoint-136000,1,2,3.0,0.5,792.9435424804688,-0.011174519546329975,0.6554234623908997,0.6503739953041077,12
lip-search-s144,/cephfs/home/mkairov/gradim/energy_shaping/runs/mix-N8-K2V2-V62_1M/energygradmem_llama_L4H4D256_mem8_K2_ilr0.4_energy_lip0.003_L5_msearch1.0_n4_r0.25_gainema0.99_mingain0.3_grad_second_stepalign0.1_iread0.1_bs_64_lr_1e-04_fp32_init_plateau/run_2/checkpoint-136000,1,2,-3.0,1.0,793.0001831054688,0.0454813651740551,1.2830578088760376,1.278008222579956,12
lip-search-s144,/cephfs/home/mkairov/gradim/energy_shaping/runs/mix-N8-K2V2-V62_1M/energygradmem_llama_L4H4D256_mem8_K2_ilr0.4_energy_lip0.003_L5_msearch1.0_n4_r0.25_gainema0.99_mingain0.3_grad_second_stepalign0.1_iread0.1_bs_64_lr_1e-04_fp32_init_plateau/run_2/checkpoint-136000,1,2,-2.5,1.0,792.9950561523438,0.0404154472053051,0.8537726998329163,0.8487231731414795,12
lip-search-s144,/cephfs/home/mkairov/gradim/energy_shaping/runs/mix-N8-K2V2-V62_1M/energygradmem_llama_L4H4D256_mem8_K2_ilr0.4_energy_lip0.003_L5_msearch1.0_n4_r0.25_gainema0.99_mingain0.3_grad_second_stepalign0.1_iread0.1_bs_64_lr_1e-04_fp32_init_plateau/run_2/checkpoint-136000,1,2,-2.0,1.0,792.9887084960938,0.0339457206428051,0.6699549555778503,0.6649053692817688,12
lip-search-s144,/cephfs/home/mkairov/gradim/energy_shaping/runs/mix-N8-K2V2-V62_1M/energygradmem_llama_L4H4D256_mem8_K2_ilr0.4_energy_lip0.003_L5_msearch1.0_n4_r0.25_gainema0.99_mingain0.3_grad_second_stepalign0.1_iread0.1_bs_64_lr_1e-04_fp32_init_plateau/run_2/checkpoint-136000,1,2,-1.5,1.0,792.9807739257812,0.02612813375890255,0.2243822067975998,0.21933269500732422,12
lip-search-s144,/cephfs/home/mkairov/gradim/energy_shaping/runs/mix-N8-K2V2-V62_1M/energygradmem_llama_L4H4D256_mem8_K2_ilr0.4_energy_lip0.003_L5_msearch1.0_n4_r0.25_gainema0.99_mingain0.3_grad_second_stepalign0.1_iread0.1_bs_64_lr_1e-04_fp32_init_plateau/run_2/checkpoint-136000,1,2,-1.0,1.0,792.9722290039062,0.01763916015625,0.10995174199342728,0.1049022451043129,12
lip-search-s144,/cephfs/home/mkairov/gradim/energy_shaping/runs/mix-N8-K2V2-V62_1M/energygradmem_llama_L4H4D256_mem8_K2_ilr0.4_energy_lip0.003_L5_msearch1.0_n4_r0.25_gainema0.99_mingain0.3_grad_second_stepalign0.1_iread0.1_bs_64_lr_1e-04_fp32_init_plateau/run_2/checkpoint-136000,1,2,-0.5,1.0,792.96337890625,0.008661906234920025,0.05064039304852486,0.04559088870882988,12
lip-search-s144,/cephfs/home/mkairov/gradim/energy_shaping/runs/mix-N8-K2V2-V62_1M/energygradmem_llama_L4H4D256_mem8_K2_ilr0.4_energy_lip0.003_L5_msearch1.0_n4_r0.25_gainema0.99_mingain0.3_grad_second_stepalign0.1_iread0.1_bs_64_lr_1e-04_fp32_init_plateau/run_2/checkpoint-136000,1,2,0.0,1.0,792.9547729492188,0.00011698404705384746,0.020287619903683662,0.015238117426633835,12
lip-search-s144,/cephfs/home/mkairov/gradim/energy_shaping/runs/mix-N8-K2V2-V62_1M/energygradmem_llama_L4H4D256_mem8_K2_ilr0.4_energy_lip0.003_L5_msearch1.0_n4_r0.25_gainema0.99_mingain0.3_grad_second_stepalign0.1_iread0.1_bs_64_lr_1e-04_fp32_init_plateau/run_2/checkpoint-136000,1,2,0.5,1.0,792.9476928710938,-0.0069986977614462376,0.0005118129192851484,-0.004537693224847317,12
lip-search-s144,/cephfs/home/mkairov/gradim/energy_shaping/runs/mix-N8-K2V2-V62_1M/energygradmem_llama_L4H4D256_mem8_K2_ilr0.4_energy_lip0.003_L5_msearch1.0_n4_r0.25_gainema0.99_mingain0.3_grad_second_stepalign0.1_iread0.1_bs_64_lr_1e-04_fp32_init_plateau/run_2/checkpoint-136000,1,2,1.0,1.0,792.942626953125,-0.0120697021484375,9.061132004717365e-05,-0.004958894569426775,12
lip-search-s144,/cephfs/home/mkairov/gradim/energy_shaping/runs/mix-N8-K2V2-V62_1M/energygradmem_llama_L4H4D256_mem8_K2_ilr0.4_energy_lip0.003_L5_msearch1.0_n4_r0.25_gainema0.99_mingain0.3_grad_second_stepalign0.1_iread0.1_bs_64_lr_1e-04_fp32_init_plateau/run_2/checkpoint-136000,1,2,1.5,1.0,792.93994140625,-0.014745076186954975,0.00026485385023988783,-0.004784651566296816,12
lip-search-s144,/cephfs/home/mkairov/gradim/energy_shaping/runs/mix-N8-K2V2-V62_1M/energygradmem_llama_L4H4D256_mem8_K2_ilr0.4_energy_lip0.003_L5_msearch1.0_n4_r0.25_gainema0.99_mingain0.3_grad_second_stepalign0.1_iread0.1_bs_64_lr_1e-04_fp32_init_plateau/run_2/checkpoint-136000,1,2,2.0,1.0,792.9395141601562,-0.015085856430232525,0.0018875171663239598,-0.0031619889196008444,12
lip-search-s144,/cephfs/home/mkairov/gradim/energy_shaping/runs/mix-N8-K2V2-V62_1M/energygradmem_llama_L4H4D256_mem8_K2_ilr0.4_energy_lip0.003_L5_msearch1.0_n4_r0.25_gainema0.99_mingain0.3_grad_second_stepalign0.1_iread0.1_bs_64_lr_1e-04_fp32_init_plateau/run_2/checkpoint-136000,1,2,2.5,1.0,792.940673828125,-0.013926188461482525,0.020520443096756935,0.015470937825739384,12
lip-search-s144,/cephfs/home/mkairov/gradim/energy_shaping/runs/mix-N8-K2V2-V62_1M/energygradmem_llama_L4H4D256_mem8_K2_ilr0.4_energy_lip0.003_L5_msearch1.0_n4_r0.25_gainema0.99_mingain0.3_grad_second_stepalign0.1_iread0.1_bs_64_lr_1e-04_fp32_init_plateau/run_2/checkpoint-136000,1,2,3.0,1.0,792.943603515625,-0.011072794906795025,0.6586930155754089,0.6536435484886169,12
lip-search-s144,/cephfs/home/mkairov/gradim/energy_shaping/runs/mix-N8-K2V2-V62_1M/energygradmem_llama_L4H4D256_mem8_K2_ilr0.4_energy_lip0.003_L5_msearch1.0_n4_r0.25_gainema0.99_mingain0.3_grad_second_stepalign0.1_iread0.1_bs_64_lr_1e-04_fp32_init_plateau/run_2/checkpoint-136000,1,2,-3.0,1.5,792.9999389648438,0.0452880859375,1.2819103002548218,1.2768605947494507,12
lip-search-s144,/cephfs/home/mkairov/gradim/energy_shaping/runs/mix-N8-K2V2-V62_1M/energygradmem_llama_L4H4D256_mem8_K2_ilr0.4_energy_lip0.003_L5_msearch1.0_n4_r0.25_gainema0.99_mingain0.3_grad_second_stepalign0.1_iread0.1_bs_64_lr_1e-04_fp32_init_plateau/run_2/checkpoint-136000,1,2,-2.5,1.5,792.994873046875,0.0402476005256176,0.8580083250999451,0.8529588580131531,12
lip-search-s144,/cephfs/home/mkairov/gradim/energy_shaping/runs/mix-N8-K2V2-V62_1M/energygradmem_llama_L4H4D256_mem8_K2_ilr0.4_energy_lip0.003_L5_msearch1.0_n4_r0.25_gainema0.99_mingain0.3_grad_second_stepalign0.1_iread0.1_bs_64_lr_1e-04_fp32_init_plateau/run_2/checkpoint-136000,1,2,-2.0,1.5,792.9883422851562,0.0337626151740551,0.6995659470558167,0.6945163607597351,12
lip-search-s144,/cephfs/home/mkairov/gradim/energy_shaping/runs/mix-N8-K2V2-V62_1M/energygradmem_llama_L4H4D256_mem8_K2_ilr0.4_energy_lip0.003_L5_msearch1.0_n4_r0.25_gainema0.99_mingain0.3_grad_second_stepalign0.1_iread0.1_bs_64_lr_1e-04_fp32_init_plateau/run_2/checkpoint-136000,1,2,-1.5,1.5,792.9806518554688,0.0259552001953125,0.2561675012111664,0.2511179745197296,12
lip-search-s144,/cephfs/home/mkairov/gradim/energy_shaping/runs/mix-N8-K2V2-V62_1M/energygradmem_llama_L4H4D256_mem8_K2_ilr0.4_energy_lip0.003_L5_msearch1.0_n4_r0.25_gainema0.99_mingain0.3_grad_second_stepalign0.1_iread0.1_bs_64_lr_1e-04_fp32_init_plateau/run_2/checkpoint-136000,1,2,-1.0,1.5,792.9722290039062,0.01755777932703495,0.12613148987293243,0.12108198553323746,12
lip-search-s144,/cephfs/home/mkairov/gradim/energy_shaping/runs/mix-N8-K2V2-V62_1M/energygradmem_llama_L4H4D256_mem8_K2_ilr0.4_energy_lip0.003_L5_msearch1.0_n4_r0.25_gainema0.99_mingain0.3_grad_second_stepalign0.1_iread0.1_bs_64_lr_1e-04_fp32_init_plateau/run_2/checkpoint-136000,1,2,-0.5,1.5,792.96337890625,0.008702595718204975,0.06859766691923141,0.06354815512895584,12
lip-search-s144,/cephfs/home/mkairov/gradim/energy_shaping/runs/mix-N8-K2V2-V62_1M/energygradmem_llama_L4H4D256_mem8_K2_ilr0.4_energy_lip0.003_L5_msearch1.0_n4_r0.25_gainema0.99_mingain0.3_grad_second_stepalign0.1_iread0.1_bs_64_lr_1e-04_fp32_init_plateau/run_2/checkpoint-136000,1,2,0.0,1.5,792.9550170898438,0.0003204345703125,0.034859735518693924,0.029810234904289246,12
lip-search-s144,/cephfs/home/mkairov/gradim/energy_shaping/runs/mix-N8-K2V2-V62_1M/energygradmem_llama_L4H4D256_mem8_K2_ilr0.4_energy_lip0.003_L5_msearch1.0_n4_r0.25_gainema0.99_mingain0.3_grad_second_stepalign0.1_iread0.1_bs_64_lr_1e-04_fp32_init_plateau/run_2/checkpoint-136000,1,2,0.5,1.5,792.9479370117188,-0.0067189536057412624,0.001516207936219871,-0.003533298149704933,12
lip-search-s144,/cephfs/home/mkairov/gradim/energy_shaping/runs/mix-N8-K2V2-V62_1M/energygradmem_llama_L4H4D256_mem8_K2_ilr0.4_energy_lip0.003_L5_msearch1.0_n4_r0.25_gainema0.99_mingain0.3_grad_second_stepalign0.1_iread0.1_bs_64_lr_1e-04_fp32_init_plateau/run_2/checkpoint-136000,1,2,1.0,1.5,792.9429321289062,-0.01171875,0.0003330462204758078,-0.004716459661722183,12
lip-search-s144,/cephfs/home/mkairov/gradim/energy_shaping/runs/mix-N8-K2V2-V62_1M/energygradmem_llama_L4H4D256_mem8_K2_ilr0.4_energy_lip0.003_L5_msearch1.0_n4_r0.25_gainema0.99_mingain0.3_grad_second_stepalign0.1_iread0.1_bs_64_lr_1e-04_fp32_init_plateau/run_2/checkpoint-136000,1,2,1.5,1.5,792.9402465820312,-0.014378865249454975,0.0008704874198883772,-0.004179018083959818,12
lip-search-s144,/cephfs/home/mkairov/gradim/energy_shaping/runs/mix-N8-K2V2-V62_1M/energygradmem_llama_L4H4D256_mem8_K2_ilr0.4_energy_lip0.003_L5_msearch1.0_n4_r0.25_gainema0.99_mingain0.3_grad_second_stepalign0.1_iread0.1_bs_64_lr_1e-04_fp32_init_plateau/run_2/checkpoint-136000,1,2,2.0,1.5,792.93994140625,-0.014745076186954975,0.004371116869151592,-0.0006783888093195856,12
lip-search-s144,/cephfs/home/mkairov/gradim/energy_shaping/runs/mix-N8-K2V2-V62_1M/energygradmem_llama_L4H4D256_mem8_K2_ilr0.4_energy_lip0.003_L5_msearch1.0_n4_r0.25_gainema0.99_mingain0.3_grad_second_stepalign0.1_iread0.1_bs_64_lr_1e-04_fp32_init_plateau/run_2/checkpoint-136000,1,2,2.5,1.5,792.9411010742188,-0.013575236313045025,0.09424445033073425,0.08919494599103928,12
lip-search-s144,/cephfs/home/mkairov/gradim/energy_shaping/runs/mix-N8-K2V2-V62_1M/energygradmem_llama_L4H4D256_mem8_K2_ilr0.4_energy_lip0.003_L5_msearch1.0_n4_r0.25_gainema0.99_mingain0.3_grad_second_stepalign0.1_iread0.1_bs_64_lr_1e-04_fp32_init_plateau/run_2/checkpoint-136000,1,2,3.0,1.5,792.9439086914062,-0.0107269287109375,0.7350306510925293,0.7299811244010925,12
lip-search-s144,/cephfs/home/mkairov/gradim/energy_shaping/runs/mix-N8-K2V2-V62_1M/energygradmem_llama_L4H4D256_mem8_K2_ilr0.4_energy_lip0.003_L5_msearch1.0_n4_r0.25_gainema0.99_mingain0.3_grad_second_stepalign0.1_iread0.1_bs_64_lr_1e-04_fp32_init_plateau/run_2/checkpoint-136000,1,2,-3.0,2.0,792.9996948242188,0.0450642891228199,1.2659707069396973,1.2609211206436157,12
lip-search-s144,/cephfs/home/mkairov/gradim/energy_shaping/runs/mix-N8-K2V2-V62_1M/energygradmem_llama_L4H4D256_mem8_K2_ilr0.4_energy_lip0.003_L5_msearch1.0_n4_r0.25_gainema0.99_mingain0.3_grad_second_stepalign0.1_iread0.1_bs_64_lr_1e-04_fp32_init_plateau/run_2/checkpoint-136000,1,2,-2.5,2.0,792.99462890625,0.0400288887321949,0.8652420043945312,0.8601925373077393,12
lip-search-s144,/cephfs/home/mkairov/gradim/energy_shaping/runs/mix-N8-K2V2-V62_1M/energygradmem_llama_L4H4D256_mem8_K2_ilr0.4_energy_lip0.003_L5_msearch1.0_n4_r0.25_gainema0.99_mingain0.3_grad_second_stepalign0.1_iread0.1_bs_64_lr_1e-04_fp32_init_plateau/run_2/checkpoint-136000,1,2,-2.0,2.0,792.98828125,0.0335896797478199,0.7172275185585022,0.7121780514717102,12
lip-search-s144,/cephfs/home/mkairov/gradim/energy_shaping/runs/mix-N8-K2V2-V62_1M/energygradmem_llama_L4H4D256_mem8_K2_ilr0.4_energy_lip0.003_L5_msearch1.0_n4_r0.25_gainema0.99_mingain0.3_grad_second_stepalign0.1_iread0.1_bs_64_lr_1e-04_fp32_init_plateau/run_2/checkpoint-136000,1,2,-1.5,2.0,792.9804077148438,0.02578226663172245,0.296232134103775,0.29118260741233826,12
lip-search-s144,/cephfs/home/mkairov/gradim/energy_shaping/runs/mix-N8-K2V2-V62_1M/energygradmem_llama_L4H4D256_mem8_K2_ilr0.4_energy_lip0.003_L5_msearch1.0_n4_r0.25_gainema0.99_mingain0.3_grad_second_stepalign0.1_iread0.1_bs_64_lr_1e-04_fp32_init_plateau/run_2/checkpoint-136000,1,2,-1.0,2.0,792.97216796875,0.01752217672765255,0.14889071881771088,0.1438412070274353,12
lip-search-s144,/cephfs/home/mkairov/gradim/energy_shaping/runs/mix-N8-K2V2-V62_1M/energygradmem_llama_L4H4D256_mem8_K2_ilr0.4_energy_lip0.003_L5_msearch1.0_n4_r0.25_gainema0.99_mingain0.3_grad_second_stepalign0.1_iread0.1_bs_64_lr_1e-04_fp32_init_plateau/run_2/checkpoint-136000,1,2,-0.5,2.0,792.9634399414062,0.008819580078125,0.091921865940094,0.08687236160039902,12
lip-search-s144,/cephfs/home/mkairov/gradim/energy_shaping/runs/mix-N8-K2V2-V62_1M/energygradmem_llama_L4H4D256_mem8_K2_ilr0.4_energy_lip0.003_L5_msearch1.0_n4_r0.25_gainema0.99_mingain0.3_grad_second_stepalign0.1_iread0.1_bs_64_lr_1e-04_fp32_init_plateau/run_2/checkpoint-136000,1,2,0.0,2.0,792.955322265625,0.0006103515625,0.053434550762176514,0.048385053873062134,12
lip-search-s144,/cephfs/home/mkairov/gradim/energy_shaping/runs/mix-N8-K2V2-V62_1M/energygradmem_llama_L4H4D256_mem8_K2_ilr0.4_energy_lip0.003_L5_msearch1.0_n4_r0.25_gainema0.99_mingain0.3_grad_second_stepalign0.1_iread0.1_bs_64_lr_1e-04_fp32_init_plateau/run_2/checkpoint-136000,1,2,0.5,2.0,792.9484252929688,-0.0062917075119912624,0.004477300215512514,-0.0005722054047510028,12
lip-search-s144,/cephfs/home/mkairov/gradim/energy_shaping/runs/mix-N8-K2V2-V62_1M/energygradmem_llama_L4H4D256_mem8_K2_ilr0.4_energy_lip0.003_L5_msearch1.0_n4_r0.25_gainema0.99_mingain0.3_grad_second_stepalign0.1_iread0.1_bs_64_lr_1e-04_fp32_init_plateau/run_2/checkpoint-136000,1,2,1.0,2.0,792.9435424804688,-0.01116943359375,0.0010196726070716977,-0.004029833246022463,12
lip-search-s144,/cephfs/home/mkairov/gradim/energy_shaping/runs/mix-N8-K2V2-V62_1M/energygradmem_llama_L4H4D256_mem8_K2_ilr0.4_energy_lip0.003_L5_msearch1.0_n4_r0.25_gainema0.99_mingain0.3_grad_second_stepalign0.1_iread0.1_bs_64_lr_1e-04_fp32_init_plateau/run_2/checkpoint-136000,1,2,1.5,2.0,792.9408569335938,-0.013783772476017475,0.0025383082684129477,-0.002511197468265891,12
lip-search-s144,/cephfs/home/mkairov/gradim/energy_shaping/runs/mix-N8-K2V2-V62_1M/energygradmem_llama_L4H4D256_mem8_K2_ilr0.4_energy_lip0.003_L5_msearch1.0_n4_r0.25_gainema0.99_mingain0.3_grad_second_stepalign0.1_iread0.1_bs_64_lr_1e-04_fp32_init_plateau/run_2/checkpoint-136000,1,2,2.0,2.0,792.9404296875,-0.0141754150390625,0.008841892704367638,0.0037923867348581553,12
lip-search-s144,/cephfs/home/mkairov/gradim/energy_shaping/runs/mix-N8-K2V2-V62_1M/energygradmem_llama_L4H4D256_mem8_K2_ilr0.4_energy_lip0.003_L5_msearch1.0_n4_r0.25_gainema0.99_mingain0.3_grad_second_stepalign0.1_iread0.1_bs_64_lr_1e-04_fp32_init_plateau/run_2/checkpoint-136000,1,2,2.5,2.0,792.941650390625,-0.013020833022892475,0.2309957593679428,0.22594624757766724,12
lip-search-s144,/cephfs/home/mkairov/gradim/energy_shaping/runs/mix-N8-K2V2-V62_1M/energygradmem_llama_L4H4D256_mem8_K2_ilr0.4_energy_lip0.003_L5_msearch1.0_n4_r0.25_gainema0.99_mingain0.3_grad_second_stepalign0.1_iread0.1_bs_64_lr_1e-04_fp32_init_plateau/run_2/checkpoint-136000,1,2,3.0,2.0,792.9445190429688,-0.0101318359375,0.8730762004852295,0.8680265545845032,12
lip-search-s144,/cephfs/home/mkairov/gradim/energy_shaping/runs/mix-N8-K2V2-V62_1M/energygradmem_llama_L4H4D256_mem8_K2_ilr0.4_energy_lip0.003_L5_msearch1.0_n4_r0.25_gainema0.99_mingain0.3_grad_second_stepalign0.1_iread0.1_bs_64_lr_1e-04_fp32_init_plateau/run_2/checkpoint-136000,1,2,-3.0,2.5,792.9994506835938,0.0448048897087574,1.213525652885437,1.208476185798645,12
lip-search-s144,/cephfs/home/mkairov/gradim/energy_shaping/runs/mix-N8-K2V2-V62_1M/energygradmem_llama_L4H4D256_mem8_K2_ilr0.4_energy_lip0.003_L5_msearch1.0_n4_r0.25_gainema0.99_mingain0.3_grad_second_stepalign0.1_iread0.1_bs_64_lr_1e-04_fp32_init_plateau/run_2/checkpoint-136000,1,2,-2.5,2.5,792.9944458007812,0.039794921875,0.8790421485900879,0.8739926815032959,12
lip-search-s144,/cephfs/home/mkairov/gradim/energy_shaping/runs/mix-N8-K2V2-V62_1M/energygradmem_llama_L4H4D256_mem8_K2_ilr0.4_energy_lip0.003_L5_msearch1.0_n4_r0.25_gainema0.99_mingain0.3_grad_second_stepalign0.1_iread0.1_bs_64_lr_1e-04_fp32_init_plateau/run_2/checkpoint-136000,1,2,-2.0,2.5,792.988037109375,0.033355712890625,0.7203328013420105,0.715283215045929,12
lip-search-s144,/cephfs/home/mkairov/gradim/energy_shaping/runs/mix-N8-K2V2-V62_1M/energygradmem_llama_L4H4D256_mem8_K2_ilr0.4_energy_lip0.003_L5_msearch1.0_n4_r0.25_gainema0.99_mingain0.3_grad_second_stepalign0.1_iread0.1_bs_64_lr_1e-04_fp32_init_plateau/run_2/checkpoint-136000,1,2,-1.5,2.5,792.9802856445312,0.02566019631922245,0.34241923689842224,0.3373697102069855,12
lip-search-s144,/cephfs/home/mkairov/gradim/energy_shaping/runs/mix-N8-K2V2-V62_1M/energygradmem_llama_L4H4D256_mem8_K2_ilr0.4_energy_lip0.003_L5_msearch1.0_n4_r0.25_gainema0.99_mingain0.3_grad_second_stepalign0.1_iread0.1_bs_64_lr_1e-04_fp32_init_plateau/run_2/checkpoint-136000,1,2,-1.0,2.5,792.97216796875,0.01751708984375,0.1801445037126541,0.17509500682353973,12
lip-search-s144,/cephfs/home/mkairov/gradim/energy_shaping/runs/mix-N8-K2V2-V62_1M/energygradmem_llama_L4H4D256_mem8_K2_ilr0.4_energy_lip0.003_L5_msearch1.0_n4_r0.25_gainema0.99_mingain0.3_grad_second_stepalign0.1_iread0.1_bs_64_lr_1e-04_fp32_init_plateau/run_2/checkpoint-136000,1,2,-0.5,2.5,792.9636840820312,0.009058634750545025,0.12054970115423203,0.11550018191337585,12
lip-search-s144,/cephfs/home/mkairov/gradim/energy_shaping/runs/mix-N8-K2V2-V62_1M/energygradmem_llama_L4H4D256_mem8_K2_ilr0.4_energy_lip0.003_L5_msearch1.0_n4_r0.25_gainema0.99_mingain0.3_grad_second_stepalign0.1_iread0.1_bs_64_lr_1e-04_fp32_init_plateau/run_2/checkpoint-136000,1,2,0.0,2.5,792.9556274414062,0.0010325113544240594,0.07595262676477432,0.07090311497449875,12
lip-search-s144,/cephfs/home/mkairov/gradim/energy_shaping/runs/mix-N8-K2V2-V62_1M/energygradmem_llama_L4H4D256_mem8_K2_ilr0.4_energy_lip0.003_L5_msearch1.0_n4_r0.25_gainema0.99_mingain0.3_grad_second_stepalign0.1_iread0.1_bs_64_lr_1e-04_fp32_init_plateau/run_2/checkpoint-136000,1,2,0.5,2.5,792.9490356445312,-0.0056711831130087376,0.012519308365881443,0.007469803094863892,12
lip-search-s144,/cephfs/home/mkairov/gradim/energy_shaping/runs/mix-N8-K2V2-V62_1M/energygradmem_llama_L4H4D256_mem8_K2_ilr0.4_energy_lip0.003_L5_msearch1.0_n4_r0.25_gainema0.99_mingain0.3_grad_second_stepalign0.1_iread0.1_bs_64_lr_1e-04_fp32_init_plateau/run_2/checkpoint-136000,1,2,1.0,2.5,792.9442749023438,-0.0104522705078125,0.003031902713701129,-0.0020176032558083534,12
lip-search-s144,/cephfs/home/mkairov/gradim/energy_shaping/runs/mix-N8-K2V2-V62_1M/energygradmem_llama_L4H4D256_mem8_K2_ilr0.4_energy_lip0.003_L5_msearch1.0_n4_r0.25_gainema0.99_mingain0.3_grad_second_stepalign0.1_iread0.1_bs_64_lr_1e-04_fp32_init_plateau/run_2/checkpoint-136000,1,2,1.5,2.5,792.9415893554688,-0.0130157470703125,0.006319509353488684,0.0012700032675638795,12
lip-search-s144,/cephfs/home/mkairov/gradim/energy_shaping/runs/mix-N8-K2V2-V62_1M/energygradmem_llama_L4H4D256_mem8_K2_ilr0.4_energy_lip0.003_L5_msearch1.0_n4_r0.25_gainema0.99_mingain0.3_grad_second_stepalign0.1_iread0.1_bs_64_lr_1e-04_fp32_init_plateau/run_2/checkpoint-136000,1,2,2.0,2.5,792.9412231445312,-0.013397216796875,0.015522030182182789,0.010472525842487812,12
lip-search-s144,/cephfs/home/mkairov/gradim/energy_shaping/runs/mix-N8-K2V2-V62_1M/energygradmem_llama_L4H4D256_mem8_K2_ilr0.4_energy_lip0.003_L5_msearch1.0_n4_r0.25_gainema0.99_mingain0.3_grad_second_stepalign0.1_iread0.1_bs_64_lr_1e-04_fp32_init_plateau/run_2/checkpoint-136000,1,2,2.5,2.5,792.9424438476562,-0.012227375991642475,0.2917512357234955,0.2867017388343811,12
lip-search-s144,/cephfs/home/mkairov/gradim/energy_shaping/runs/mix-N8-K2V2-V62_1M/energygradmem_llama_L4H4D256_mem8_K2_ilr0.4_energy_lip0.003_L5_msearch1.0_n4_r0.25_gainema0.99_mingain0.3_grad_second_stepalign0.1_iread0.1_bs_64_lr_1e-04_fp32_init_plateau/run_2/checkpoint-136000,1,2,3.0,2.5,792.9453735351562,-0.009287516586482525,1.0494893789291382,1.0444399118423462,12
lip-search-s144,/cephfs/home/mkairov/gradim/energy_shaping/runs/mix-N8-K2V2-V62_1M/energygradmem_llama_L4H4D256_mem8_K2_ilr0.4_energy_lip0.003_L5_msearch1.0_n4_r0.25_gainema0.99_mingain0.3_grad_second_stepalign0.1_iread0.1_bs_64_lr_1e-04_fp32_init_plateau/run_2/checkpoint-136000,1,2,-3.0,3.0,792.9992065429688,0.0446065254509449,1.0936628580093384,1.0886133909225464,12
lip-search-s144,/cephfs/home/mkairov/gradim/energy_shaping/runs/mix-N8-K2V2-V62_1M/energygradmem_llama_L4H4D256_mem8_K2_ilr0.4_energy_lip0.003_L5_msearch1.0_n4_r0.25_gainema0.99_mingain0.3_grad_second_stepalign0.1_iread0.1_bs_64_lr_1e-04_fp32_init_plateau/run_2/checkpoint-136000,1,2,-2.5,3.0,792.9942016601562,0.0395914725959301,0.8992254137992859,0.8941758275032043,12
lip-search-s144,/cephfs/home/mkairov/gradim/energy_shaping/runs/mix-N8-K2V2-V62_1M/energygradmem_llama_L4H4D256_mem8_K2_ilr0.4_energy_lip0.003_L5_msearch1.0_n4_r0.25_gainema0.99_mingain0.3_grad_second_stepalign0.1_iread0.1_bs_64_lr_1e-04_fp32_init_plateau/run_2/checkpoint-136000,1,2,-2.0,3.0,792.9878540039062,0.0331675224006176,0.7180540561676025,0.7130045890808105,12
lip-search-s144,/cephfs/home/mkairov/gradim/energy_shaping/runs/mix-N8-K2V2-V62_1M/energygradmem_llama_L4H4D256_mem8_K2_ilr0.4_energy_lip0.003_L5_msearch1.0_n4_r0.25_gainema0.99_mingain0.3_grad_second_stepalign0.1_iread0.1_bs_64_lr_1e-04_fp32_init_plateau/run_2/checkpoint-136000,1,2,-1.5,3.0,792.9802856445312,0.02559407614171505,0.39457035064697266,0.3895208537578583,12
lip-search-s144,/cephfs/home/mkairov/gradim/energy_shaping/runs/mix-N8-K2V2-V62_1M/energygradmem_llama_L4H4D256_mem8_K2_ilr0.4_energy_lip0.003_L5_msearch1.0_n4_r0.25_gainema0.99_mingain0.3_grad_second_stepalign0.1_iread0.1_bs_64_lr_1e-04_fp32_init_plateau/run_2/checkpoint-136000,1,2,-1.0,3.0,792.9722290039062,0.0176239013671875,0.2271563559770584,0.22210685908794403,12
lip-search-s144,/cephfs/home/mkairov/gradim/energy_shaping/runs/mix-N8-K2V2-V62_1M/energygradmem_llama_L4H4D256_mem8_K2_ilr0.4_energy_lip0.003_L5_msearch1.0_n4_r0.25_gainema0.99_mingain0.3_grad_second_stepalign0.1_iread0.1_bs_64_lr_1e-04_fp32_init_plateau/run_2/checkpoint-136000,1,2,-0.5,3.0,792.9639282226562,0.009368896484375,0.1532915085554123,0.1482420116662979,12
lip-search-s144,/cephfs/home/mkairov/gradim/energy_shaping/runs/mix-N8-K2V2-V62_1M/energygradmem_llama_L4H4D256_mem8_K2_ilr0.4_energy_lip0.003_L5_msearch1.0_n4_r0.25_gainema0.99_mingain0.3_grad_second_stepalign0.1_iread0.1_bs_64_lr_1e-04_fp32_init_plateau/run_2/checkpoint-136000,1,2,0.0,3.0,792.9562377929688,0.0016072591533884406,0.10442660003900528,0.0993771180510521,12
lip-search-s144,/cephfs/home/mkairov/gradim/energy_shaping/runs/mix-N8-K2V2-V62_1M/energygradmem_llama_L4H4D256_mem8_K2_ilr0.4_energy_lip0.003_L5_msearch1.0_n4_r0.25_gainema0.99_mingain0.3_grad_second_stepalign0.1_iread0.1_bs_64_lr_1e-04_fp32_init_plateau/run_2/checkpoint-136000,1,2,0.5,3.0,792.9497680664062,-0.0048624672926962376,0.03166497126221657,0.02661546878516674,12
lip-search-s144,/cephfs/home/mkairov/gradim/energy_shaping/runs/mix-N8-K2V2-V62_1M/energygradmem_llama_L4H4D256_mem8_K2_ilr0.4_energy_lip0.003_L5_msearch1.0_n4_r0.25_gainema0.99_mingain0.3_grad_second_stepalign0.1_iread0.1_bs_64_lr_1e-04_fp32_init_plateau/run_2/checkpoint-136000,1,2,1.0,3.0,792.9451293945312,-0.009501139633357525,0.01039495412260294,0.005345448851585388,12
lip-search-s144,/cephfs/home/mkairov/gradim/energy_shaping/runs/mix-N8-K2V2-V62_1M/energygradmem_llama_L4H4D256_mem8_K2_ilr0.4_energy_lip0.003_L5_msearch1.0_n4_r0.25_gainema0.99_mingain0.3_grad_second_stepalign0.1_iread0.1_bs_64_lr_1e-04_fp32_init_plateau/run_2/checkpoint-136000,1,2,1.5,3.0,792.942626953125,-0.012018839828670025,0.015564694069325924,0.010515186004340649,12
lip-search-s144,/cephfs/home/mkairov/gradim/energy_shaping/runs/mix-N8-K2V2-V62_1M/energygradmem_llama_L4H4D256_mem8_K2_ilr0.4_energy_lip0.003_L5_msearch1.0_n4_r0.25_gainema0.99_mingain0.3_grad_second_stepalign0.1_iread0.1_bs_64_lr_1e-04_fp32_init_plateau/run_2/checkpoint-136000,1,2,2.0,3.0,792.9423217773438,-0.01239013671875,0.028775257989764214,0.02372574992477894,12
lip-search-s144,/cephfs/home/mkairov/gradim/energy_shaping/runs/mix-N8-K2V2-V62_1M/energygradmem_llama_L4H4D256_mem8_K2_ilr0.4_energy_lip0.003_L5_msearch1.0_n4_r0.25_gainema0.99_mingain0.3_grad_second_stepalign0.1_iread0.1_bs_64_lr_1e-04_fp32_init_plateau/run_2/checkpoint-136000,1,2,2.5,3.0,792.9434204101562,-0.011205037124454975,0.3973538875579834,0.3923044204711914,12
lip-search-s144,/cephfs/home/mkairov/gradim/energy_shaping/runs/mix-N8-K2V2-V62_1M/energygradmem_llama_L4H4D256_mem8_K2_ilr0.4_energy_lip0.003_L5_msearch1.0_n4_r0.25_gainema0.99_mingain0.3_grad_second_stepalign0.1_iread0.1_bs_64_lr_1e-04_fp32_init_plateau/run_2/checkpoint-136000,1,2,3.0,3.0,792.9462890625,-0.008351643569767475,1.2635077238082886,1.2584582567214966,12
lip-search-s144,/cephfs/home/mkairov/gradim/energy_shaping/runs/mix-N8-K2V2-V62_1M/energygradmem_llama_L4H4D256_mem8_K2_ilr0.4_energy_lip0.003_L5_msearch1.0_n4_r0.25_gainema0.99_mingain0.3_grad_second_stepalign0.1_iread0.1_bs_64_lr_1e-04_fp32_init_plateau/run_2/checkpoint-136000,2,4,-3.0,-3.0,792.9754028320312,0.0330963134765625,0.4491654336452484,0.4491564929485321,12
lip-search-s144,/cephfs/home/mkairov/gradim/energy_shaping/runs/mix-N8-K2V2-V62_1M/energygradmem_llama_L4H4D256_mem8_K2_ilr0.4_energy_lip0.003_L5_msearch1.0_n4_r0.25_gainema0.99_mingain0.3_grad_second_stepalign0.1_iread0.1_bs_64_lr_1e-04_fp32_init_plateau/run_2/checkpoint-136000,2,4,-2.5,-3.0,792.9712524414062,0.02898152731359005,0.3176513910293579,0.3176424205303192,12
lip-search-s144,/cephfs/home/mkairov/gradim/energy_shaping/runs/mix-N8-K2V2-V62_1M/energygradmem_llama_L4H4D256_mem8_K2_ilr0.4_energy_lip0.003_L5_msearch1.0_n4_r0.25_gainema0.99_mingain0.3_grad_second_stepalign0.1_iread0.1_bs_64_lr_1e-04_fp32_init_plateau/run_2/checkpoint-136000,2,4,-2.0,-3.0,792.9669799804688,0.024627685546875,0.17180389165878296,0.17179493606090546,12
lip-search-s144,/cephfs/home/mkairov/gradim/energy_shaping/runs/mix-N8-K2V2-V62_1M/energygradmem_llama_L4H4D256_mem8_K2_ilr0.4_energy_lip0.003_L5_msearch1.0_n4_r0.25_gainema0.99_mingain0.3_grad_second_stepalign0.1_iread0.1_bs_64_lr_1e-04_fp32_init_plateau/run_2/checkpoint-136000,2,4,-1.5,-3.0,792.9623413085938,0.02001953125,0.03584503009915352,0.035836078226566315,12
lip-search-s144,/cephfs/home/mkairov/gradim/energy_shaping/runs/mix-N8-K2V2-V62_1M/energygradmem_llama_L4H4D256_mem8_K2_ilr0.4_energy_lip0.003_L5_msearch1.0_n4_r0.25_gainema0.99_mingain0.3_grad_second_stepalign0.1_iread0.1_bs_64_lr_1e-04_fp32_init_plateau/run_2/checkpoint-136000,2,4,-1.0,-3.0,792.9574584960938,0.015085856430232525,0.01580970175564289,0.015800749883055687,12
lip-search-s144,/cephfs/home/mkairov/gradim/energy_shaping/runs/mix-N8-K2V2-V62_1M/energygradmem_llama_L4H4D256_mem8_K2_ilr0.4_energy_lip0.003_L5_msearch1.0_n4_r0.25_gainema0.99_mingain0.3_grad_second_stepalign0.1_iread0.1_bs_64_lr_1e-04_fp32_init_plateau/run_2/checkpoint-136000,2,4,-0.5,-3.0,792.9522094726562,0.0098724365234375,0.013470073230564594,0.01346112322062254,12
lip-search-s144,/cephfs/home/mkairov/gradim/energy_shaping/runs/mix-N8-K2V2-V62_1M/energygradmem_llama_L4H4D256_mem8_K2_ilr0.4_energy_lip0.003_L5_msearch1.0_n4_r0.25_gainema0.99_mingain0.3_grad_second_stepalign0.1_iread0.1_bs_64_lr_1e-04_fp32_init_plateau/run_2/checkpoint-136000,2,4,0.0,-3.0,792.9467163085938,0.0044097900390625,0.013412781059741974,0.013403830118477345,12
lip-search-s144,/cephfs/home/mkairov/gradim/energy_shaping/runs/mix-N8-K2V2-V62_1M/energygradmem_llama_L4H4D256_mem8_K2_ilr0.4_energy_lip0.003_L5_msearch1.0_n4_r0.25_gainema0.99_mingain0.3_grad_second_stepalign0.1_iread0.1_bs_64_lr_1e-04_fp32_init_plateau/run_2/checkpoint-136000,2,4,0.5,-3.0,792.9412231445312,-0.0011444091796875,0.008424824103713036,0.00841587409377098,12
lip-search-s144,/cephfs/home/mkairov/gradim/energy_shaping/runs/mix-N8-K2V2-V62_1M/energygradmem_llama_L4H4D256_mem8_K2_ilr0.4_energy_lip0.003_L5_msearch1.0_n4_r0.25_gainema0.99_mingain0.3_grad_second_stepalign0.1_iread0.1_bs_64_lr_1e-04_fp32_init_plateau/run_2/checkpoint-136000,2,4,1.0,-3.0,792.4778442382812,-0.464508056640625,0.006248505786061287,0.006239555776119232,12
lip-search-s144,/cephfs/home/mkairov/gradim/energy_shaping/runs/mix-N8-K2V2-V62_1M/energygradmem_llama_L4H4D256_mem8_K2_ilr0.4_energy_lip0.003_L5_msearch1.0_n4_r0.25_gainema0.99_mingain0.3_grad_second_stepalign0.1_iread0.1_bs_64_lr_1e-04_fp32_init_plateau/run_2/checkpoint-136000,2,4,1.5,-3.0,771.078125,-21.864166259765625,0.0374634675681591,0.0374545194208622,12
lip-search-s144,/cephfs/home/mkairov/gradim/energy_shaping/runs/mix-N8-K2V2-V62_1M/energygradmem_llama_L4H4D256_mem8_K2_ilr0.4_energy_lip0.003_L5_msearch1.0_n4_r0.25_gainema0.99_mingain0.3_grad_second_stepalign0.1_iread0.1_bs_64_lr_1e-04_fp32_init_plateau/run_2/checkpoint-136000,2,4,2.0,-3.0,761.5532836914062,-31.388986587524414,0.355126291513443,0.3551173508167267,12
lip-search-s144,/cephfs/home/mkairov/gradim/energy_shaping/runs/mix-N8-K2V2-V62_1M/energygradmem_llama_L4H4D256_mem8_K2_ilr0.4_energy_lip0.003_L5_msearch1.0_n4_r0.25_gainema0.99_mingain0.3_grad_second_stepalign0.1_iread0.1_bs_64_lr_1e-04_fp32_init_plateau/run_2/checkpoint-136000,2,4,2.5,-3.0,776.3041381835938,-16.63825035095215,0.7805030345916748,0.7804940342903137,12
lip-search-s144,/cephfs/home/mkairov/gradim/energy_shaping/runs/mix-N8-K2V2-V62_1M/energygradmem_llama_L4H4D256_mem8_K2_ilr0.4_energy_lip0.003_L5_msearch1.0_n4_r0.25_gainema0.99_mingain0.3_grad_second_stepalign0.1_iread0.1_bs_64_lr_1e-04_fp32_init_plateau/run_2/checkpoint-136000,2,4,3.0,-3.0,791.7314453125,-1.2108815908432007,1.1479949951171875,1.1479860544204712,12
lip-search-s144,/cephfs/home/mkairov/gradim/energy_shaping/runs/mix-N8-K2V2-V62_1M/energygradmem_llama_L4H4D256_mem8_K2_ilr0.4_energy_lip0.003_L5_msearch1.0_n4_r0.25_gainema0.99_mingain0.3_grad_second_stepalign0.1_iread0.1_bs_64_lr_1e-04_fp32_init_plateau/run_2/checkpoint-136000,2,4,-3.0,-2.5,792.9747924804688,0.032379150390625,0.3314972221851349,0.3314882516860962,12
lip-search-s144,/cephfs/home/mkairov/gradim/energy_shaping/runs/mix-N8-K2V2-V62_1M/energygradmem_llama_L4H4D256_mem8_K2_ilr0.4_energy_lip0.003_L5_msearch1.0_n4_r0.25_gainema0.99_mingain0.3_grad_second_stepalign0.1_iread0.1_bs_64_lr_1e-04_fp32_init_plateau/run_2/checkpoint-136000,2,4,-2.5,-2.5,792.9705200195312,0.028167724609375,0.21276098489761353,0.21275204420089722,12
lip-search-s144,/cephfs/home/mkairov/gradim/energy_shaping/runs/mix-N8-K2V2-V62_1M/energygradmem_llama_L4H4D256_mem8_K2_ilr0.4_energy_lip0.003_L5_msearch1.0_n4_r0.25_gainema0.99_mingain0.3_grad_second_stepalign0.1_iread0.1_bs_64_lr_1e-04_fp32_init_plateau/run_2/checkpoint-136000,2,4,-2.0,-2.5,792.9660034179688,0.023681640625,0.06552892178297043,0.06551996618509293,12
lip-search-s144,/cephfs/home/mkairov/gradim/energy_shaping/runs/mix-N8-K2V2-V62_1M/energygradmem_llama_L4H4D256_mem8_K2_ilr0.4_energy_lip0.003_L5_msearch1.0_n4_r0.25_gainema0.99_mingain0.3_grad_second_stepalign0.1_iread0.1_bs_64_lr_1e-04_fp32_init_plateau/run_2/checkpoint-136000,2,4,-1.5,-2.5,792.9612426757812,0.018951416015625,0.010394309647381306,0.010385359637439251,12
lip-search-s144,/cephfs/home/mkairov/gradim/energy_shaping/runs/mix-N8-K2V2-V62_1M/energygradmem_llama_L4H4D256_mem8_K2_ilr0.4_energy_lip0.003_L5_msearch1.0_n4_r0.25_gainema0.99_mingain0.3_grad_second_stepalign0.1_iread0.1_bs_64_lr_1e-04_fp32_init_plateau/run_2/checkpoint-136000,2,4,-1.0,-2.5,792.9562377929688,0.013910929672420025,0.003956029191613197,0.003947078716009855,12
lip-search-s144,/cephfs/home/mkairov/gradim/energy_shaping/runs/mix-N8-K2V2-V62_1M/energygradmem_llama_L4H4D256_mem8_K2_ilr0.4_energy_lip0.003_L5_msearch1.0_n4_r0.25_gainema0.99_mingain0.3_grad_second_stepalign0.1_iread0.1_bs_64_lr_1e-04_fp32_init_plateau/run_2/checkpoint-136000,2,4,-0.5,-2.5,792.9509887695312,0.008611042983829975,0.0018200305057689548,0.0018110801465809345,12
lip-search-s144,/cephfs/home/mkairov/gradim/energy_shaping/runs/mix-N8-K2V2-V62_1M/energygradmem_llama_L4H4D256_mem8_K2_ilr0.4_energy_lip0.003_L5_msearch1.0_n4_r0.25_gainema0.99_mingain0.3_grad_second_stepalign0.1_iread0.1_bs_64_lr_1e-04_fp32_init_plateau/run_2/checkpoint-136000,2,4,0.0,-2.5,792.9453735351562,0.0030110676307231188,0.0006020240252837539,0.0005930738407187164,12
lip-search-s144,/cephfs/home/mkairov/gradim/energy_shaping/runs/mix-N8-K2V2-V62_1M/energygradmem_llama_L4H4D256_mem8_K2_ilr0.4_energy_lip0.003_L5_msearch1.0_n4_r0.25_gainema0.99_mingain0.3_grad_second_stepalign0.1_iread0.1_bs_64_lr_1e-04_fp32_init_plateau/run_2/checkpoint-136000,2,4,0.5,-2.5,792.9395141601562,-0.002838134765625,0.00021857752290088683,0.00020962732378393412,12
lip-search-s144,/cephfs/home/mkairov/gradim/energy_shaping/runs/mix-N8-K2V2-V62_1M/energygradmem_llama_L4H4D256_mem8_K2_ilr0.4_energy_lip0.003_L5_msearch1.0_n4_r0.25_gainema0.99_mingain0.3_grad_second_stepalign0.1_iread0.1_bs_64_lr_1e-04_fp32_init_plateau/run_2/checkpoint-136000,2,4,1.0,-2.5,792.9187622070312,-0.02353922463953495,0.00044717962737195194,0.00043822938459925354,12
lip-search-s144,/cephfs/home/mkairov/gradim/energy_shaping/runs/mix-N8-K2V2-V62_1M/energygradmem_llama_L4H4D256_mem8_K2_ilr0.4_energy_lip0.003_L5_msearch1.0_n4_r0.25_gainema0.99_mingain0.3_grad_second_stepalign0.1_iread0.1_bs_64_lr_1e-04_fp32_init_plateau/run_2/checkpoint-136000,2,4,1.5,-2.5,769.46044921875,-23.481897354125977,0.0026585201267153025,0.002649569883942604,12
lip-search-s144,/cephfs/home/mkairov/gradim/energy_shaping/runs/mix-N8-K2V2-V62_1M/energygradmem_llama_L4H4D256_mem8_K2_ilr0.4_energy_lip0.003_L5_msearch1.0_n4_r0.25_gainema0.99_mingain0.3_grad_second_stepalign0.1_iread0.1_bs_64_lr_1e-04_fp32_init_plateau/run_2/checkpoint-136000,2,4,2.0,-2.5,758.5399780273438,-34.4024658203125,0.2012166976928711,0.20120775699615479,12
lip-search-s144,/cephfs/home/mkairov/gradim/energy_shaping/runs/mix-N8-K2V2-V62_1M/energygradmem_llama_L4H4D256_mem8_K2_ilr0.4_energy_lip0.003_L5_msearch1.0_n4_r0.25_gainema0.99_mingain0.3_grad_second_stepalign0.1_iread0.1_bs_64_lr_1e-04_fp32_init_plateau/run_2/checkpoint-136000,2,4,2.5,-2.5,772.6812133789062,-20.261093139648438,0.6853806376457214,0.6853716969490051,12
lip-search-s144,/cephfs/home/mkairov/gradim/energy_shaping/runs/mix-N8-K2V2-V62_1M/energygradmem_llama_L4H4D256_mem8_K2_ilr0.4_energy_lip0.003_L5_msearch1.0_n4_r0.25_gainema0.99_mingain0.3_grad_second_stepalign0.1_iread0.1_bs_64_lr_1e-04_fp32_init_plateau/run_2/checkpoint-136000,2,4,3.0,-2.5,791.5580444335938,-1.3843231201171875,1.0817971229553223,1.081788182258606,12
lip-search-s144,/cephfs/home/mkairov/gradim/energy_shaping/runs/mix-N8-K2V2-V62_1M/energygradmem_llama_L4H4D256_mem8_K2_ilr0.4_energy_lip0.003_L5_msearch1.0_n4_r0.25_gainema0.99_mingain0.3_grad_second_stepalign0.1_iread0.1_bs_64_lr_1e-04_fp32_init_plateau/run_2/checkpoint-136000,2,4,-3.0,-2.0,792.97412109375,0.0318044014275074,0.26634499430656433,0.266336053609848,12
lip-search-s144,/cephfs/home/mkairov/gradim/energy_shaping/runs/mix-N8-K2V2-V62_1M/energygradmem_llama_L4H4D256_mem8_K2_ilr0.4_energy_lip0.003_L5_msearch1.0_n4_r0.25_gainema0.99_mingain0.3_grad_second_stepalign0.1_iread0.1_bs_64_lr_1e-04_fp32_init_plateau/run_2/checkpoint-136000,2,4,-2.5,-2.0,792.9697875976562,0.02751668356359005,0.15541093051433563,0.15540196001529694,12
lip-search-s144,/cephfs/home/mkairov/gradim/energy_shaping/runs/mix-N8-K2V2-V62_1M/energygradmem_llama_L4H4D256_mem8_K2_ilr0.4_energy_lip0.003_L5_msearch1.0_n4_r0.25_gainema0.99_mingain0.3_grad_second_stepalign0.1_iread0.1_bs_64_lr_1e-04_fp32_init_plateau/run_2/checkpoint-136000,2,4,-2.0,-2.0,792.96533203125,0.02295939065515995,0.02670043148100376,0.026691481471061707,12
lip-search-s144,/cephfs/home/mkairov/gradim/energy_shaping/runs/mix-N8-K2V2-V62_1M/energygradmem_llama_L4H4D256_mem8_K2_ilr0.4_energy_lip0.003_L5_msearch1.0_n4_r0.25_gainema0.99_mingain0.3_grad_second_stepalign0.1_iread0.1_bs_64_lr_1e-04_fp32_init_plateau/run_2/checkpoint-136000,2,4,-1.5,-2.0,792.9605102539062,0.01814778707921505,0.004120833706110716,0.004111883696168661,12
lip-search-s144,/cephfs/home/mkairov/gradim/energy_shaping/runs/mix-N8-K2V2-V62_1M/energygradmem_llama_L4H4D256_mem8_K2_ilr0.4_energy_lip0.003_L5_msearch1.0_n4_r0.25_gainema0.99_mingain0.3_grad_second_stepalign0.1_iread0.1_bs_64_lr_1e-04_fp32_init_plateau/run_2/checkpoint-136000,2,4,-1.0,-2.0,792.9553833007812,0.013051350601017475,0.0009745030547492206,0.0009655528701841831,12
lip-search-s144,/cephfs/home/mkairov/gradim/energy_shaping/runs/mix-N8-K2V2-V62_1M/energygradmem_llama_L4H4D256_mem8_K2_ilr0.4_energy_lip0.003_L5_msearch1.0_n4_r0.25_gainema0.99_mingain0.3_grad_second_stepalign0.1_iread0.1_bs_64_lr_1e-04_fp32_init_plateau/run_2/checkpoint-136000,2,4,-0.5,-2.0,792.9500122070312,0.0076395669020712376,0.0001822865306166932,0.00017333630239591002,12
lip-search-s144,/cephfs/home/mkairov/gradim/energy_shaping/runs/mix-N8-K2V2-V62_1M/energygradmem_llama_L4H4D256_mem8_K2_ilr0.4_energy_lip0.003_L5_msearch1.0_n4_r0.25_gainema0.99_mingain0.3_grad_second_stepalign0.1_iread0.1_bs_64_lr_1e-04_fp32_init_plateau/run_2/checkpoint-136000,2,4,0.0,-2.0,792.9441528320312,0.0018768310546875,2.703977224882692e-05,1.8089558579958975e-05,12
lip-search-s144,/cephfs/home/mkairov/gradim/energy_shaping/runs/mix-N8-K2V2-V62_1M/energygradmem_llama_L4H4D256_mem8_K2_ilr0.4_energy_lip0.003_L5_msearch1.0_n4_r0.25_gainema0.99_mingain0.3_grad_second_stepalign0.1_iread0.1_bs_64_lr_1e-04_fp32_init_plateau/run_2/checkpoint-136000,2,4,0.5,-2.0,792.9381713867188,-0.0042215981520712376,3.008686144312378e-05,2.1136647774255835e-05,12
lip-search-s144,/cephfs/home/mkairov/gradim/energy_shaping/runs/mix-N8-K2V2-V62_1M/energygradmem_llama_L4H4D256_mem8_K2_ilr0.4_energy_lip0.003_L5_msearch1.0_n4_r0.25_gainema0.99_mingain0.3_grad_second_stepalign0.1_iread0.1_bs_64_lr_1e-04_fp32_init_plateau/run_2/checkpoint-136000,2,4,1.0,-2.0,792.9389038085938,-0.0033925373572856188,0.00010660701809683815,9.765681897988543e-05,12
lip-search-s144,/cephfs/home/mkairov/gradim/energy_shaping/runs/mix-N8-K2V2-V62_1M/energygradmem_llama_L4H4D256_mem8_K2_ilr0.4_energy_lip0.003_L5_msearch1.0_n4_r0.25_gainema0.99_mingain0.3_grad_second_stepalign0.1_iread0.1_bs_64_lr_1e-04_fp32_init_plateau/run_2/checkpoint-136000,2,4,1.5,-2.0,768.294189453125,-24.648208618164062,0.0008527373429387808,0.0008437871001660824,12
lip-search-s144,/cephfs/home/mkairov/gradim/energy_shaping/runs/mix-N8-K2V2-V62_1M/energygradmem_llama_L4H4D256_mem8_K2_ilr0.4_energy_lip0.003_L5_msearch1.0_n4_r0.25_gainema0.99_mingain0.3_grad_second_stepalign0.1_iread0.1_bs_64_lr_1e-04_fp32_init_plateau/run_2/checkpoint-136000,2,4,2.0,-2.0,755.8777465820312,-37.06460189819336,0.10955657809972763,0.10954763740301132,12
lip-search-s144,/cephfs/home/mkairov/gradim/energy_shaping/runs/mix-N8-K2V2-V62_1M/energygradmem_llama_L4H4D256_mem8_K2_ilr0.4_energy_lip0.003_L5_msearch1.0_n4_r0.25_gainema0.99_mingain0.3_grad_second_stepalign0.1_iread0.1_bs_64_lr_1e-04_fp32_init_plateau/run_2/checkpoint-136000,2,4,2.5,-2.0,770.1041870117188,-22.838144302368164,0.5961455702781677,0.5961366295814514,12
lip-search-s144,/cephfs/home/mkairov/gradim/energy_shaping/runs/mix-N8-K2V2-V62_1M/energygradmem_llama_L4H4D256_mem8_K2_ilr0.4_energy_lip0.003_L5_msearch1.0_n4_r0.25_gainema0.99_mingain0.3_grad_second_stepalign0.1_iread0.1_bs_64_lr_1e-04_fp32_init_plateau/run_2/checkpoint-136000,2,4,3.0,-2.0,791.26611328125,-1.676239013671875,1.0230942964553833,1.0230852365493774,12
lip-search-s144,/cephfs/home/mkairov/gradim/energy_shaping/runs/mix-N8-K2V2-V62_1M/energygradmem_llama_L4H4D256_mem8_K2_ilr0.4_energy_lip0.003_L5_msearch1.0_n4_r0.25_gainema0.99_mingain0.3_grad_second_stepalign0.1_iread0.1_bs_64_lr_1e-04_fp32_init_plateau/run_2/checkpoint-136000,2,4,-3.0,-1.5,792.9738159179688,0.0314839668571949,0.23104150593280792,0.231032595038414,12
lip-search-s144,/cephfs/home/mkairov/gradim/energy_shaping/runs/mix-N8-K2V2-V62_1M/energygradmem_llama_L4H4D256_mem8_K2_ilr0.4_energy_lip0.003_L5_msearch1.0_n4_r0.25_gainema0.99_mingain0.3_grad_second_stepalign0.1_iread0.1_bs_64_lr_1e-04_fp32_init_plateau/run_2/checkpoint-136000,2,4,-2.5,-1.5,792.969482421875,0.027130126953125,0.14015822112560272,0.1401492804288864,12
lip-search-s144,/cephfs/home/mkairov/gradim/energy_shaping/runs/mix-N8-K2V2-V62_1M/energygradmem_llama_L4H4D256_mem8_K2_ilr0.4_energy_lip0.003_L5_msearch1.0_n4_r0.25_gainema0.99_mingain0.3_grad_second_stepalign0.1_iread0.1_bs_64_lr_1e-04_fp32_init_plateau/run_2/checkpoint-136000,2,4,-2.0,-1.5,792.96484375,0.02252705954015255,0.020066870376467705,0.0200579185038805,12
lip-search-s144,/cephfs/home/mkairov/gradim/energy_shaping/runs/mix-N8-K2V2-V62_1M/energygradmem_llama_L4H4D256_mem8_K2_ilr0.4_energy_lip0.003_L5_msearch1.0_n4_r0.25_gainema0.99_mingain0.3_grad_second_stepalign0.1_iread0.1_bs_64_lr_1e-04_fp32_init_plateau/run_2/checkpoint-136000,2,4,-1.5,-1.5,792.9598999023438,0.01761372946202755,0.002345292130485177,0.002336341654881835,12
lip-search-s144,/cephfs/home/mkairov/gradim/energy_shaping/runs/mix-N8-K2V2-V62_1M/energygradmem_llama_L4H4D256_mem8_K2_ilr0.4_energy_lip0.003_L5_msearch1.0_n4_r0.25_gainema0.99_mingain0.3_grad_second_stepalign0.1_iread0.1_bs_64_lr_1e-04_fp32_init_plateau/run_2/checkpoint-136000,2,4,-1.0,-1.5,792.9547729492188,0.012395222671329975,0.000332484720274806,0.0003235345066059381,12
lip-search-s144,/cephfs/home/mkairov/gradim/energy_shaping/runs/mix-N8-K2V2-V62_1M/energygradmem_llama_L4H4D256_mem8_K2_ilr0.4_energy_lip0.003_L5_msearch1.0_n4_r0.25_gainema0.99_mingain0.3_grad_second_stepalign0.1_iread0.1_bs_64_lr_1e-04_fp32_init_plateau/run_2/checkpoint-136000,2,4,-0.5,-1.5,792.94921875,0.0069122314453125,3.1427109206561e-05,2.2476895537693053e-05,12
lip-search-s144,/cephfs/home/mkairov/gradim/energy_shaping/runs/mix-N8-K2V2-V62_1M/energygradmem_llama_L4H4D256_mem8_K2_ilr0.4_energy_lip0.003_L5_msearch1.0_n4_r0.25_gainema0.99_mingain0.3_grad_second_stepalign0.1_iread0.1_bs_64_lr_1e-04_fp32_init_plateau/run_2/checkpoint-136000,2,4,0.0,-1.5,792.9432983398438,0.0010121663799509406,7.4876083999697585e-06,-1.4626051552113495e-06,12
lip-search-s144,/cephfs/home/mkairov/gradim/energy_shaping/runs/mix-N8-K2V2-V62_1M/energygradmem_llama_L4H4D256_mem8_K2_ilr0.4_energy_lip0.003_L5_msearch1.0_n4_r0.25_gainema0.99_mingain0.3_grad_second_stepalign0.1_iread0.1_bs_64_lr_1e-04_fp32_init_plateau/run_2/checkpoint-136000,2,4,0.5,-1.5,792.9370727539062,-0.0052337646484375,1.1747856660804246e-05,2.7976427645626245e-06,12
lip-search-s144,/cephfs/home/mkairov/gradim/energy_shaping/runs/mix-N8-K2V2-V62_1M/energygradmem_llama_L4H4D256_mem8_K2_ilr0.4_energy_lip0.003_L5_msearch1.0_n4_r0.25_gainema0.99_mingain0.3_grad_second_stepalign0.1_iread0.1_bs_64_lr_1e-04_fp32_init_plateau/run_2/checkpoint-136000,2,4,1.0,-1.5,792.93505859375,-0.0073038735426962376,4.970877125742845e-05,4.075855758856051e-05,12
lip-search-s144,/cephfs/home/mkairov/gradim/energy_shaping/runs/mix-N8-K2V2-V62_1M/energygradmem_llama_L4H4D256_mem8_K2_ilr0.4_energy_lip0.003_L5_msearch1.0_n4_r0.25_gainema0.99_mingain0.3_grad_second_stepalign0.1_iread0.1_bs_64_lr_1e-04_fp32_init_plateau/run_2/checkpoint-136000,2,4,1.5,-1.5,767.10595703125,-25.836416244506836,0.0004882836947217584,0.0004793334810528904,12
lip-search-s144,/cephfs/home/mkairov/gradim/energy_shaping/runs/mix-N8-K2V2-V62_1M/energygradmem_llama_L4H4D256_mem8_K2_ilr0.4_energy_lip0.003_L5_msearch1.0_n4_r0.25_gainema0.99_mingain0.3_grad_second_stepalign0.1_iread0.1_bs_64_lr_1e-04_fp32_init_plateau/run_2/checkpoint-136000,2,4,2.0,-1.5,753.5045776367188,-39.437801361083984,0.0964396521449089,0.09643074125051498,12
lip-search-s144,/cephfs/home/mkairov/gradim/energy_shaping/runs/mix-N8-K2V2-V62_1M/energygradmem_llama_L4H4D256_mem8_K2_ilr0.4_energy_lip0.003_L5_msearch1.0_n4_r0.25_gainema0.99_mingain0.3_grad_second_stepalign0.1_iread0.1_bs_64_lr_1e-04_fp32_init_plateau/run_2/checkpoint-136000,2,4,2.5,-1.5,768.1430053710938,-24.799341201782227,0.4923037588596344,0.4922948181629181,12
lip-search-s144,/cephfs/home/mkairov/gradim/energy_shaping/runs/mix-N8-K2V2-V62_1M/energygradmem_llama_L4H4D256_mem8_K2_ilr0.4_energy_lip0.003_L5_msearch1.0_n4_r0.25_gainema0.99_mingain0.3_grad_second_stepalign0.1_iread0.1_bs_64_lr_1e-04_fp32_init_plateau/run_2/checkpoint-136000,2,4,3.0,-1.5,790.00732421875,-2.93505859375,0.9984835982322693,0.9984745383262634,12
lip-search-s144,/cephfs/home/mkairov/gradim/energy_shaping/runs/mix-N8-K2V2-V62_1M/energygradmem_llama_L4H4D256_mem8_K2_ilr0.4_energy_lip0.003_L5_msearch1.0_n4_r0.25_gainema0.99_mingain0.3_grad_second_stepalign0.1_iread0.1_bs_64_lr_1e-04_fp32_init_plateau/run_2/checkpoint-136000,2,4,-3.0,-1.0,792.9736328125,0.0312856025993824,0.2207111120223999,0.2207021564245224,12
lip-search-s144,/cephfs/home/mkairov/gradim/energy_shaping/runs/mix-N8-K2V2-V62_1M/energygradmem_llama_L4H4D256_mem8_K2_ilr0.4_energy_lip0.003_L5_msearch1.0_n4_r0.25_gainema0.99_mingain0.3_grad_second_stepalign0.1_iread0.1_bs_64_lr_1e-04_fp32_init_plateau/run_2/checkpoint-136000,2,4,-2.5,-1.0,792.96923828125,0.026885986328125,0.14167174696922302,0.1416628062725067,12
lip-search-s144,/cephfs/home/mkairov/gradim/energy_shaping/runs/mix-N8-K2V2-V62_1M/energygradmem_llama_L4H4D256_mem8_K2_ilr0.4_energy_lip0.003_L5_msearch1.0_n4_r0.25_gainema0.99_mingain0.3_grad_second_stepalign0.1_iread0.1_bs_64_lr_1e-04_fp32_init_plateau/run_2/checkpoint-136000,2,4,-2.0,-1.0,792.9645385742188,0.02217610739171505,0.03089507482945919,0.030886122956871986,12
lip-search-s144,/cephfs/home/mkairov/gradim/energy_shaping/runs/mix-N8-K2V2-V62_1M/energygradmem_llama_L4H4D256_mem8_K2_ilr0.4_energy_lip0.003_L5_msearch1.0_n4_r0.25_gainema0.99_mingain0.3_grad_second_stepalign0.1_iread0.1_bs_64_lr_1e-04_fp32_init_plateau/run_2/checkpoint-136000,2,4,-1.5,-1.0,792.9596557617188,0.01724751852452755,0.0023938275407999754,0.0023848770651966333,12
lip-search-s144,/cephfs/home/mkairov/gradim/energy_shaping/runs/mix-N8-K2V2-V62_1M/energygradmem_llama_L4H4D256_mem8_K2_ilr0.4_energy_lip0.003_L5_msearch1.0_n4_r0.25_gainema0.99_mingain0.3_grad_second_stepalign0.1_iread0.1_bs_64_lr_1e-04_fp32_init_plateau/run_2/checkpoint-136000,2,4,-1.0,-1.0,792.954345703125,0.011988322250545025,0.00022883701603859663,0.00021988677326589823,12
lip-search-s144,/cephfs/home/mkairov/gradim/energy_shaping/runs/mix-N8-K2V2-V62_1M/energygradmem_llama_L4H4D256_mem8_K2_ilr0.4_energy_lip0.003_L5_msearch1.0_n4_r0.25_gainema0.99_mingain0.3_grad_second_stepalign0.1_iread0.1_bs_64_lr_1e-04_fp32_init_plateau/run_2/checkpoint-136000,2,4,-0.5,-1.0,792.9487915039062,0.00640869140625,1.76440389623167e-05,8.693826202943455e-06,12
lip-search-s144,/cephfs/home/mkairov/gradim/energy_shaping/runs/mix-N8-K2V2-V62_1M/energygradmem_llama_L4H4D256_mem8_K2_ilr0.4_energy_lip0.003_L5_msearch1.0_n4_r0.25_gainema0.99_mingain0.3_grad_second_stepalign0.1_iread0.1_bs_64_lr_1e-04_fp32_init_plateau/run_2/checkpoint-136000,2,4,0.0,-1.0,792.9428100585938,0.00045267739915288985,4.912338226858992e-06,-4.0378754420089535e-06,12
lip-search-s144,/cephfs/home/mkairov/gradim/energy_shaping/runs/mix-N8-K2V2-V62_1M/energygradmem_llama_L4H4D256_mem8_K2_ilr0.4_energy_lip0.003_L5_msearch1.0_n4_r0.25_gainema0.99_mingain0.3_grad_second_stepalign0.1_iread0.1_bs_64_lr_1e-04_fp32_init_plateau/run_2/checkpoint-136000,2,4,0.5,-1.0,792.9363403320312,-0.0059407553635537624,6.511349056381732e-06,-2.4388652946072398e-06,12
lip-search-s144,/cephfs/home/mkairov/gradim/energy_shaping/runs/mix-N8-K2V2-V62_1M/energygradmem_llama_L4H4D256_mem8_K2_ilr0.4_energy_lip0.003_L5_msearch1.0_n4_r0.25_gainema0.99_mingain0.3_grad_second_stepalign0.1_iread0.1_bs_64_lr_1e-04_fp32_init_plateau/run_2/checkpoint-136000,2,4,1.0,-1.0,792.9325561523438,-0.0097808837890625,2.7170177418156527e-05,1.821996374928858e-05,12
lip-search-s144,/cephfs/home/mkairov/gradim/energy_shaping/runs/mix-N8-K2V2-V62_1M/energygradmem_llama_L4H4D256_mem8_K2_ilr0.4_energy_lip0.003_L5_msearch1.0_n4_r0.25_gainema0.99_mingain0.3_grad_second_stepalign0.1_iread0.1_bs_64_lr_1e-04_fp32_init_plateau/run_2/checkpoint-136000,2,4,1.5,-1.0,766.4767456054688,-26.46564292907715,0.00031867416691966355,0.0003097239532507956,12
lip-search-s144,/cephfs/home/mkairov/gradim/energy_shaping/runs/mix-N8-K2V2-V62_1M/energygradmem_llama_L4H4D256_mem8_K2_ilr0.4_energy_lip0.003_L5_msearch1.0_n4_r0.25_gainema0.99_mingain0.3_grad_second_stepalign0.1_iread0.1_bs_64_lr_1e-04_fp32_init_plateau/run_2/checkpoint-136000,2,4,2.0,-1.0,754.2265014648438,-38.71577453613281,0.09316527098417282,0.09315633773803711,12
lip-search-s144,/cephfs/home/mkairov/gradim/energy_shaping/runs/mix-N8-K2V2-V62_1M/energygradmem_llama_L4H4D256_mem8_K2_ilr0.4_energy_lip0.003_L5_msearch1.0_n4_r0.25_gainema0.99_mingain0.3_grad_second_stepalign0.1_iread0.1_bs_64_lr_1e-04_fp32_init_plateau/run_2/checkpoint-136000,2,4,2.5,-1.0,765.5234985351562,-27.4188232421875,0.46801841259002686,0.46800950169563293,12
lip-search-s144,/cephfs/home/mkairov/gradim/energy_shaping/runs/mix-N8-K2V2-V62_1M/energygradmem_llama_L4H4D256_mem8_K2_ilr0.4_energy_lip0.003_L5_msearch1.0_n4_r0.25_gainema0.99_mingain0.3_grad_second_stepalign0.1_iread0.1_bs_64_lr_1e-04_fp32_init_plateau/run_2/checkpoint-136000,2,4,3.0,-1.0,789.884521484375,-3.057825803756714,1.0133246183395386,1.0133155584335327,12
lip-search-s144,/cephfs/home/mkairov/gradim/energy_shaping/runs/mix-N8-K2V2-V62_1M/energygradmem_llama_L4H4D256_mem8_K2_ilr0.4_energy_lip0.003_L5_msearch1.0_n4_r0.25_gainema0.99_mingain0.3_grad_second_stepalign0.1_iread0.1_bs_64_lr_1e-04_fp32_init_plateau/run_2/checkpoint-136000,2,4,-3.0,-0.5,792.9735717773438,0.03119913674890995,0.20652949810028076,0.20652055740356445,12
lip-search-s144,/cephfs/home/mkairov/gradim/energy_shaping/runs/mix-N8-K2V2-V62_1M/energygradmem_llama_L4H4D256_mem8_K2_ilr0.4_energy_lip0.003_L5_msearch1.0_n4_r0.25_gainema0.99_mingain0.3_grad_second_stepalign0.1_iread0.1_bs_64_lr_1e-04_fp32_init_plateau/run_2/checkpoint-136000,2,4,-2.5,-0.5,792.9690551757812,0.02675882913172245,0.15314354002475739,0.15313458442687988,12
lip-search-s144,/cephfs/home/mkairov/gradim/energy_shaping/runs/mix-N8-K2V2-V62_1M/energygradmem_llama_L4H4D256_mem8_K2_ilr0.4_energy_lip0.003_L5_msearch1.0_n4_r0.25_gainema0.99_mingain0.3_grad_second_stepalign0.1_iread0.1_bs_64_lr_1e-04_fp32_init_plateau/run_2/checkpoint-136000,2,4,-2.0,-0.5,792.96435546875,0.02202860452234745,0.052178170531988144,0.05216921865940094,12
lip-search-s144,/cephfs/home/mkairov/gradim/energy_shaping/runs/mix-N8-K2V2-V62_1M/energygradmem_llama_L4H4D256_mem8_K2_ilr0.4_energy_lip0.003_L5_msearch1.0_n4_r0.25_gainema0.99_mingain0.3_grad_second_stepalign0.1_iread0.1_bs_64_lr_1e-04_fp32_init_plateau/run_2/checkpoint-136000,2,4,-1.5,-0.5,792.9594116210938,0.01703898049890995,0.004434336442500353,0.004425386432558298,12
lip-search-s144,/cephfs/home/mkairov/gradim/energy_shaping/runs/mix-N8-K2V2-V62_1M/energygradmem_llama_L4H4D256_mem8_K2_ilr0.4_energy_lip0.003_L5_msearch1.0_n4_r0.25_gainema0.99_mingain0.3_grad_second_stepalign0.1_iread0.1_bs_64_lr_1e-04_fp32_init_plateau/run_2/checkpoint-136000,2,4,-1.0,-0.5,792.9541015625,0.011744181625545025,0.00038679331191815436,0.00037784306914545596,12
lip-search-s144,/cephfs/home/mkairov/gradim/energy_shaping/runs/mix-N8-K2V2-V62_1M/energygradmem_llama_L4H4D256_mem8_K2_ilr0.4_energy_lip0.003_L5_msearch1.0_n4_r0.25_gainema0.99_mingain0.3_grad_second_stepalign0.1_iread0.1_bs_64_lr_1e-04_fp32_init_plateau/run_2/checkpoint-136000,2,4,-0.5,-0.5,792.9484252929688,0.0061086020432412624,2.4563038095948286e-05,1.5612822608090937e-05,12
lip-search-s144,/cephfs/home/mkairov/gradim/energy_shaping/runs/mix-N8-K2V2-V62_1M/energygradmem_llama_L4H4D256_mem8_K2_ilr0.4_energy_lip0.003_L5_msearch1.0_n4_r0.25_gainema0.99_mingain0.3_grad_second_stepalign0.1_iread0.1_bs_64_lr_1e-04_fp32_init_plateau/run_2/checkpoint-136000,2,4,0.0,-0.5,792.9423828125,0.00011189778888365254,4.606885795510607e-06,-4.343327873357339e-06,12
lip-search-s144,/cephfs/home/mkairov/gradim/energy_shaping/runs/mix-N8-K2V2-V62_1M/energygradmem_llama_L4H4D256_mem8_K2_ilr0.4_energy_lip0.003_L5_msearch1.0_n4_r0.25_gainema0.99_mingain0.3_grad_second_stepalign0.1_iread0.1_bs_64_lr_1e-04_fp32_init_plateau/run_2/checkpoint-136000,2,4,0.5,-0.5,792.93603515625,-0.006317138671875,4.460261152416933e-06,-4.489952516451012e-06,12
lip-search-s144,/cephfs/home/mkairov/gradim/energy_shaping/runs/mix-N8-K2V2-V62_1M/energygradmem_llama_L4H4D256_mem8_K2_ilr0.4_energy_lip0.003_L5_msearch1.0_n4_r0.25_gainema0.99_mingain0.3_grad_second_stepalign0.1_iread0.1_bs_64_lr_1e-04_fp32_init_plateau/run_2/checkpoint-136000,2,4,1.0,-0.5,792.9313354492188,-0.011011759750545025,1.65776345966151e-05,7.627419108757749e-06,12
lip-search-s144,/cephfs/home/mkairov/gradim/energy_shaping/runs/mix-N8-K2V2-V62_1M/energygradmem_llama_L4H4D256_mem8_K2_ilr0.4_energy_lip0.003_L5_msearch1.0_n4_r0.25_gainema0.99_mingain0.3_grad_second_stepalign0.1_iread0.1_bs_64_lr_1e-04_fp32_init_plateau/run_2/checkpoint-136000,2,4,1.5,-0.5,766.789794921875,-26.152517318725586,0.00025176594499498606,0.00024281574587803334,12
lip-search-s144,/cephfs/home/mkairov/gradim/energy_shaping/runs/mix-N8-K2V2-V62_1M/energygradmem_llama_L4H4D256_mem8_K2_ilr0.4_energy_lip0.003_L5_msearch1.0_n4_r0.25_gainema0.99_mingain0.3_grad_second_stepalign0.1_iread0.1_bs_64_lr_1e-04_fp32_init_plateau/run_2/checkpoint-136000,2,4,2.0,-0.5,754.448974609375,-38.49334716796875,0.06448184698820114,0.06447289139032364,12
lip-search-s144,/cephfs/home/mkairov/gradim/energy_shaping/runs/mix-N8-K2V2-V62_1M/energygradmem_llama_L4H4D256_mem8_K2_ilr0.4_energy_lip0.003_L5_msearch1.0_n4_r0.25_gainema0.99_mingain0.3_grad_second_stepalign0.1_iread0.1_bs_64_lr_1e-04_fp32_init_plateau/run_2/checkpoint-136000,2,4,2.5,-0.5,763.236328125,-29.705947875976562,0.4975474178791046,0.4975384473800659,12
lip-search-s144,/cephfs/home/mkairov/gradim/energy_shaping/runs/mix-N8-K2V2-V62_1M/energygradmem_llama_L4H4D256_mem8_K2_ilr0.4_energy_lip0.003_L5_msearch1.0_n4_r0.25_gainema0.99_mingain0.3_grad_second_stepalign0.1_iread0.1_bs_64_lr_1e-04_fp32_init_plateau/run_2/checkpoint-136000,2,4,3.0,-0.5,789.9130249023438,-3.0293171405792236,1.0182551145553589,1.0182462930679321,12
lip-search-s144,/cephfs/home/mkairov/gradim/energy_shaping/runs/mix-N8-K2V2-V62_1M/energygradmem_llama_L4H4D256_mem8_K2_ilr0.4_energy_lip0.003_L5_msearch1.0_n4_r0.25_gainema0.99_mingain0.3_grad_second_stepalign0.1_iread0.1_bs_64_lr_1e-04_fp32_init_plateau/run_2/checkpoint-136000,2,4,-3.0,0.0,792.9735717773438,0.031158447265625,0.20195020735263824,0.20194126665592194,12
lip-search-s144,/cephfs/home/mkairov/gradim/energy_shaping/runs/mix-N8-K2V2-V62_1M/energygradmem_llama_L4H4D256_mem8_K2_ilr0.4_energy_lip0.003_L5_msearch1.0_n4_r0.25_gainema0.99_mingain0.3_grad_second_stepalign0.1_iread0.1_bs_64_lr_1e-04_fp32_init_plateau/run_2/checkpoint-136000,2,4,-2.5,0.0,792.968994140625,0.02669779397547245,0.14216281473636627,0.14215385913848877,12
lip-search-s144,/cephfs/home/mkairov/gradim/energy_shaping/runs/mix-N8-K2V2-V62_1M/energygradmem_llama_L4H4D256_mem8_K2_ilr0.4_energy_lip0.003_L5_msearch1.0_n4_r0.25_gainema0.99_mingain0.3_grad_second_stepalign0.1_iread0.1_bs_64_lr_1e-04_fp32_init_plateau/run_2/checkpoint-136000,2,4,-2.0,0.0,792.9642944335938,0.02197265625,0.0745311975479126,0.07452224940061569,12
lip-search-s144,/cephfs/home/mkairov/gradim/energy_shaping/runs/mix-N8-K2V2-V62_1M/energygradmem_llama_L4H4D256_mem8_K2_ilr0.4_energy_lip0.003_L5_msearch1.0_n4_r0.25_gainema0.99_mingain0.3_grad_second_stepalign0.1_iread0.1_bs_64_lr_1e-04_fp32_init_plateau/run_2/checkpoint-136000,2,4,-1.5,0.0,792.9592895507812,0.01697286032140255,0.009690421633422375,0.00968147162348032,12
lip-search-s144,/cephfs/home/mkairov/gradim/energy_shaping/runs/mix-N8-K2V2-V62_1M/energygradmem_llama_L4H4D256_mem8_K2_ilr0.4_energy_lip0.003_L5_msearch1.0_n4_r0.25_gainema0.99_mingain0.3_grad_second_stepalign0.1_iread0.1_bs_64_lr_1e-04_fp32_init_plateau/run_2/checkpoint-136000,2,4,-1.0,0.0,792.9539184570312,0.011662800796329975,0.0012627904070541263,0.0012538401642814279,12
lip-search-s144,/cephfs/home/mkairov/gradim/energy_shaping/runs/mix-N8-K2V2-V62_1M/energygradmem_llama_L4H4D256_mem8_K2_ilr0.4_energy_lip0.003_L5_msearch1.0_n4_r0.25_gainema0.99_mingain0.3_grad_second_stepalign0.1_iread0.1_bs_64_lr_1e-04_fp32_init_plateau/run_2/checkpoint-136000,2,4,-0.5,0.0,792.9483032226562,0.0060221352614462376,8.487675950163975e-05,7.592655310872942e-05,12
lip-search-s144,/cephfs/home/mkairov/gradim/energy_shaping/runs/mix-N8-K2V2-V62_1M/energygradmem_llama_L4H4D256_mem8_K2_ilr0.4_energy_lip0.003_L5_msearch1.0_n4_r0.25_gainema0.99_mingain0.3_grad_second_stepalign0.1_iread0.1_bs_64_lr_1e-04_fp32_init_plateau/run_2/checkpoint-136000,2,4,0.0,0.0,792.9423217773438,0.0,8.950213668867946e-06,0.0,12
lip-search-s144,/cephfs/home/mkairov/gradim/energy_shaping/runs/mix-N8-K2V2-V62_1M/energygradmem_llama_L4H4D256_mem8_K2_ilr0.4_energy_lip0.003_L5_msearch1.0_n4_r0.25_gainema0.99_mingain0.3_grad_second_stepalign0.1_iread0.1_bs_64_lr_1e-04_fp32_init_plateau/run_2/checkpoint-136000,2,4,0.5,0.0,792.9358520507812,-0.006439208984375,4.308843017497566e-06,-4.641371106117731e-06,12
lip-search-s144,/cephfs/home/mkairov/gradim/energy_shaping/runs/mix-N8-K2V2-V62_1M/energygradmem_llama_L4H4D256_mem8_K2_ilr0.4_energy_lip0.003_L5_msearch1.0_n4_r0.25_gainema0.99_mingain0.3_grad_second_stepalign0.1_iread0.1_bs_64_lr_1e-04_fp32_init_plateau/run_2/checkpoint-136000,2,4,1.0,0.0,792.9308471679688,-0.011449177749454975,1.2005903954559471e-05,3.0556896035704995e-06,12
lip-search-s144,/cephfs/home/mkairov/gradim/energy_shaping/runs/mix-N8-K2V2-V62_1M/energygradmem_llama_L4H4D256_mem8_K2_ilr0.4_energy_lip0.003_L5_msearch1.0_n4_r0.25_gainema0.99_mingain0.3_grad_second_stepalign0.1_iread0.1_bs_64_lr_1e-04_fp32_init_plateau/run_2/checkpoint-136000,2,4,1.5,0.0,765.640625,-27.301727294921875,0.000394141097785905,0.0003851909132208675,12
lip-search-s144,/cephfs/home/mkairov/gradim/energy_shaping/runs/mix-N8-K2V2-V62_1M/energygradmem_llama_L4H4D256_mem8_K2_ilr0.4_energy_lip0.003_L5_msearch1.0_n4_r0.25_gainema0.99_mingain0.3_grad_second_stepalign0.1_iread0.1_bs_64_lr_1e-04_fp32_init_plateau/run_2/checkpoint-136000,2,4,2.0,0.0,753.5682983398438,-39.37404251098633,0.05882871523499489,0.05881977081298828,12
lip-search-s144,/cephfs/home/mkairov/gradim/energy_shaping/runs/mix-N8-K2V2-V62_1M/energygradmem_llama_L4H4D256_mem8_K2_ilr0.4_energy_lip0.003_L5_msearch1.0_n4_r0.25_gainema0.99_mingain0.3_grad_second_stepalign0.1_iread0.1_bs_64_lr_1e-04_fp32_init_plateau/run_2/checkpoint-136000,2,4,2.5,0.0,761.50244140625,-31.4398250579834,0.5528604984283447,0.5528516173362732,12
lip-search-s144,/cephfs/home/mkairov/gradim/energy_shaping/runs/mix-N8-K2V2-V62_1M/energygradmem_llama_L4H4D256_mem8_K2_ilr0.4_energy_lip0.003_L5_msearch1.0_n4_r0.25_gainema0.99_mingain0.3_grad_second_stepalign0.1_iread0.1_bs_64_lr_1e-04_fp32_init_plateau/run_2/checkpoint-136000,2,4,3.0,0.0,788.066162109375,-4.8762359619140625,1.045235514640808,1.0452265739440918,12
lip-search-s144,/cephfs/home/mkairov/gradim/energy_shaping/runs/mix-N8-K2V2-V62_1M/energygradmem_llama_L4H4D256_mem8_K2_ilr0.4_energy_lip0.003_L5_msearch1.0_n4_r0.25_gainema0.99_mingain0.3_grad_second_stepalign0.1_iread0.1_bs_64_lr_1e-04_fp32_init_plateau/run_2/checkpoint-136000,2,4,-3.0,0.5,792.9735717773438,0.03117879293859005,0.3106861412525177,0.3106772005558014,12
lip-search-s144,/cephfs/home/mkairov/gradim/energy_shaping/runs/mix-N8-K2V2-V62_1M/energygradmem_llama_L4H4D256_mem8_K2_ilr0.4_energy_lip0.003_L5_msearch1.0_n4_r0.25_gainema0.99_mingain0.3_grad_second_stepalign0.1_iread0.1_bs_64_lr_1e-04_fp32_init_plateau/run_2/checkpoint-136000,2,4,-2.5,0.5,792.9690551757812,0.0267486572265625,0.1763012558221817,0.1762923002243042,12
lip-search-s144,/cephfs/home/mkairov/gradim/energy_shaping/runs/mix-N8-K2V2-V62_1M/energygradmem_llama_L4H4D256_mem8_K2_ilr0.4_energy_lip0.003_L5_msearch1.0_n4_r0.25_gainema0.99_mingain0.3_grad_second_stepalign0.1_iread0.1_bs_64_lr_1e-04_fp32_init_plateau/run_2/checkpoint-136000,2,4,-2.0,0.5,792.96435546875,0.02200826071202755,0.10609041899442673,0.10608147829771042,12
lip-search-s144,/cephfs/home/mkairov/gradim/energy_shaping/runs/mix-N8-K2V2-V62_1M/energygradmem_llama_L4H4D256_mem8_K2_ilr0.4_energy_lip0.003_L5_msearch1.0_n4_r0.25_gainema0.99_mingain0.3_grad_second_stepalign0.1_iread0.1_bs_64_lr_1e-04_fp32_init_plateau/run_2/checkpoint-136000,2,4,-1.5,0.5,792.9592895507812,0.0170135498046875,0.020447148010134697,0.020438196137547493,12
lip-search-s144,/cephfs/home/mkairov/gradim/energy_shaping/runs/mix-N8-K2V2-V62_1M/energygradmem_llama_L4H4D256_mem8_K2_ilr0.4_energy_lip0.003_L5_msearch1.0_n4_r0.25_gainema0.99_mingain0.3_grad_second_stepalign0.1_iread0.1_bs_64_lr_1e-04_fp32_init_plateau/run_2/checkpoint-136000,2,4,-1.0,0.5,792.9540405273438,0.011728922836482525,0.0041871871799230576,0.004178237169981003,12
lip-search-s144,/cephfs/home/mkairov/gradim/energy_shaping/runs/mix-N8-K2V2-V62_1M/energygradmem_llama_L4H4D256_mem8_K2_ilr0.4_energy_lip0.003_L5_msearch1.0_n4_r0.25_gainema0.99_mingain0.3_grad_second_stepalign0.1_iread0.1_bs_64_lr_1e-04_fp32_init_plateau/run_2/checkpoint-136000,2,4,-0.5,0.5,792.9484252929688,0.0060933432541787624,0.0005141231813468039,0.0005051729385741055,12
lip-search-s144,/cephfs/home/mkairov/gradim/energy_shaping/runs/mix-N8-K2V2-V62_1M/energygradmem_llama_L4H4D256_mem8_K2_ilr0.4_energy_lip0.003_L5_msearch1.0_n4_r0.25_gainema0.99_mingain0.3_grad_second_stepalign0.1_iread0.1_bs_64_lr_1e-04_fp32_init_plateau/run_2/checkpoint-136000,2,4,0.0,0.5,792.9423828125,7.120767986634746e-05,8.828586578601971e-05,7.933565211715177e-05,12
lip-search-s144,/cephfs/home/mkairov/gradim/energy_shaping/runs/mix-N8-K2V2-V62_1M/energygradmem_llama_L4H4D256_mem8_K2_ilr0.4_energy_lip0.003_L5_msearch1.0_n4_r0.25_gainema0.99_mingain0.3_grad_second_stepalign0.1_iread0.1_bs_64_lr_1e-04_fp32_init_plateau/run_2/checkpoint-136000,2,4,0.5,0.5,792.93603515625,-0.006317138671875,2.8457550797611475e-05,1.950733712874353e-05,12
lip-search-s144,/cephfs/home/mkairov/gradim/energy_shaping/runs/mix-N8-K2V2-V62_1M/energygradmem_llama_L4H4D256_mem8_K2_ilr0.4_energy_lip0.003_L5_msearch1.0_n4_r0.25_gainema0.99_mingain0.3_grad_second_stepalign0.1_iread0.1_bs_64_lr_1e-04_fp32_init_plateau/run_2/checkpoint-136000,2,4,1.0,0.5,792.9309692382812,-0.011347453109920025,1.6727513866499066e-05,7.77730019763112e-06,12
lip-search-s144,/cephfs/home/mkairov/gradim/energy_shaping/runs/mix-N8-K2V2-V62_1M/energygradmem_llama_L4H4D256_mem8_K2_ilr0.4_energy_lip0.003_L5_msearch1.0_n4_r0.25_gainema0.99_mingain0.3_grad_second_stepalign0.1_iread0.1_bs_64_lr_1e-04_fp32_init_plateau/run_2/checkpoint-136000,2,4,1.5,0.5,764.69580078125,-28.246551513671875,0.0027777294162660837,0.002768779406324029,12
lip-search-s144,/cephfs/home/mkairov/gradim/energy_shaping/runs/mix-N8-K2V2-V62_1M/energygradmem_llama_L4H4D256_mem8_K2_ilr0.4_energy_lip0.003_L5_msearch1.0_n4_r0.25_gainema0.99_mingain0.3_grad_second_stepalign0.1_iread0.1_bs_64_lr_1e-04_fp32_init_plateau/run_2/checkpoint-136000,2,4,2.0,0.5,755.0050659179688,-37.937320709228516,0.09047508239746094,0.09046613425016403,12
lip-search-s144,/cephfs/home/mkairov/gradim/energy_shaping/runs/mix-N8-K2V2-V62_1M/energygradmem_llama_L4H4D256_mem8_K2_ilr0.4_energy_lip0.003_L5_msearch1.0_n4_r0.25_gainema0.99_mingain0.3_grad_second_stepalign0.1_iread0.1_bs_64_lr_1e-04_fp32_init_plateau/run_2/checkpoint-136000,2,4,2.5,0.5,763.0311889648438,-29.911087036132812,0.5848096609115601,0.584800660610199,12
lip-search-s144,/cephfs/home/mkairov/gradim/energy_shaping/runs/mix-N8-K2V2-V62_1M/energygradmem_llama_L4H4D256_mem8_K2_ilr0.4_energy_lip0.003_L5_msearch1.0_n4_r0.25_gainema0.99_mingain0.3_grad_second_stepalign0.1_iread0.1_bs_64_lr_1e-04_fp32_init_plateau/run_2/checkpoint-136000,2,4,3.0,0.5,787.9729614257812,-4.969390869140625,1.0792323350906372,1.0792232751846313,12
lip-search-s144,/cephfs/home/mkairov/gradim/energy_shaping/runs/mix-N8-K2V2-V62_1M/energygradmem_llama_L4H4D256_mem8_K2_ilr0.4_energy_lip0.003_L5_msearch1.0_n4_r0.25_gainema0.99_mingain0.3_grad_second_stepalign0.1_iread0.1_bs_64_lr_1e-04_fp32_init_plateau/run_2/checkpoint-136000,2,4,-3.0,1.0,792.9736938476562,0.0312754325568676,0.34658893942832947,0.34657999873161316,12
lip-search-s144,/cephfs/home/mkairov/gradim/energy_shaping/runs/mix-N8-K2V2-V62_1M/energygradmem_llama_L4H4D256_mem8_K2_ilr0.4_energy_lip0.003_L5_msearch1.0_n4_r0.25_gainema0.99_mingain0.3_grad_second_stepalign0.1_iread0.1_bs_64_lr_1e-04_fp32_init_plateau/run_2/checkpoint-136000,2,4,-2.5,1.0,792.9691772460938,0.026824951171875,0.3266609311103821,0.32665199041366577,12
lip-search-s144,/cephfs/home/mkairov/gradim/energy_shaping/runs/mix-N8-K2V2-V62_1M/energygradmem_llama_L4H4D256_mem8_K2_ilr0.4_energy_lip0.003_L5_msearch1.0_n4_r0.25_gainema0.99_mingain0.3_grad_second_stepalign0.1_iread0.1_bs_64_lr_1e-04_fp32_init_plateau/run_2/checkpoint-136000,2,4,-2.0,1.0,792.9645385742188,0.02213541604578495,0.1072436198592186,0.10723467916250229,12
lip-search-s144,/cephfs/home/mkairov/gradim/energy_shaping/runs/mix-N8-K2V2-V62_1M/energygradmem_llama_L4H4D256_mem8_K2_ilr0.4_energy_lip0.003_L5_msearch1.0_n4_r0.25_gainema0.99_mingain0.3_grad_second_stepalign0.1_iread0.1_bs_64_lr_1e-04_fp32_init_plateau/run_2/checkpoint-136000,2,4,-1.5,1.0,792.95947265625,0.01714070700109005,0.05850004032254219,0.058491092175245285,12
lip-search-s144,/cephfs/home/mkairov/gradim/energy_shaping/runs/mix-N8-K2V2-V62_1M/energygradmem_llama_L4H4D256_mem8_K2_ilr0.4_energy_lip0.003_L5_msearch1.0_n4_r0.25_gainema0.99_mingain0.3_grad_second_stepalign0.1_iread0.1_bs_64_lr_1e-04_fp32_init_plateau/run_2/checkpoint-136000,2,4,-1.0,1.0,792.9541625976562,0.011876423843204975,0.010406188666820526,0.010397238656878471,12
lip-search-s144,/cephfs/home/mkairov/gradim/energy_shaping/runs/mix-N8-K2V2-V62_1M/energygradmem_llama_L4H4D256_mem8_K2_ilr0.4_energy_lip0.003_L5_msearch1.0_n4_r0.25_gainema0.99_mingain0.3_grad_second_stepalign0.1_iread0.1_bs_64_lr_1e-04_fp32_init_plateau/run_2/checkpoint-136000,2,4,-0.5,1.0,792.9486694335938,0.0063069663010537624,0.0025010567624121904,0.0024921067524701357,12
lip-search-s144,/cephfs/home/mkairov/gradim/energy_shaping/runs/mix-N8-K2V2-V62_1M/energygradmem_llama_L4H4D256_mem8_K2_ilr0.4_energy_lip0.003_L5_msearch1.0_n4_r0.25_gainema0.99_mingain0.3_grad_second_stepalign0.1_iread0.1_bs_64_lr_1e-04_fp32_init_plateau/run_2/checkpoint-136000,2,4,0.0,1.0,792.9426879882812,0.00034586587571538985,0.000834910199046135,0.0008259599562734365,12
lip-search-s144,/cephfs/home/mkairov/gradim/energy_shaping/runs/mix-N8-K2V2-V62_1M/energygradmem_llama_L4H4D256_mem8_K2_ilr0.4_energy_lip0.003_L5_msearch1.0_n4_r0.25_gainema0.99_mingain0.3_grad_second_stepalign0.1_iread0.1_bs_64_lr_1e-04_fp32_init_plateau/run_2/checkpoint-136000,2,4,0.5,1.0,792.9363403320312,-0.005950927734375,0.00039979058783501387,0.00039084043237380683,12
lip-search-s144,/cephfs/home/mkairov/gradim/energy_shaping/runs/mix-N8-K2V2-V62_1M/energygradmem_llama_L4H4D256_mem8_K2_ilr0.4_energy_lip0.003_L5_msearch1.0_n4_r0.25_gainema0.99_mingain0.3_grad_second_stepalign0.1_iread0.1_bs_64_lr_1e-04_fp32_init_plateau/run_2/checkpoint-136000,2,4,1.0,1.0,792.9315795898438,-0.010838826186954975,0.0001531292946310714,0.00014417908096220344,12
lip-search-s144,/cephfs/home/mkairov/gradim/energy_shaping/runs/mix-N8-K2V2-V62_1M/energygradmem_llama_L4H4D256_mem8_K2_ilr0.4_energy_lip0.003_L5_msearch1.0_n4_r0.25_gainema0.99_mingain0.3_grad_second_stepalign0.1_iread0.1_bs_64_lr_1e-04_fp32_init_plateau/run_2/checkpoint-136000,2,4,1.5,1.0,764.3427124023438,-28.59967041015625,0.058959078043699265,0.05895012617111206,12
lip-search-s144,/cephfs/home/mkairov/gradim/energy_shaping/runs/mix-N8-K2V2-V62_1M/energygradmem_llama_L4H4D256_mem8_K2_ilr0.4_energy_lip0.003_L5_msearch1.0_n4_r0.25_gainema0.99_mingain0.3_grad_second_stepalign0.1_iread0.1_bs_64_lr_1e-04_fp32_init_plateau/run_2/checkpoint-136000,2,4,2.0,1.0,754.535888671875,-38.40641784667969,0.16163578629493713,0.16162683069705963,12
lip-search-s144,/cephfs/home/mkairov/gradim/energy_shaping/runs/mix-N8-K2V2-V62_1M/energygradmem_llama_L4H4D256_mem8_K2_ilr0.4_energy_lip0.003_L5_msearch1.0_n4_r0.25_gainema0.99_mingain0.3_grad_second_stepalign0.1_iread0.1_bs_64_lr_1e-04_fp32_init_plateau/run_2/checkpoint-136000,2,4,2.5,1.0,763.65673828125,-29.285614013671875,0.594762921333313,0.5947539210319519,12
lip-search-s144,/cephfs/home/mkairov/gradim/energy_shaping/runs/mix-N8-K2V2-V62_1M/energygradmem_llama_L4H4D256_mem8_K2_ilr0.4_energy_lip0.003_L5_msearch1.0_n4_r0.25_gainema0.99_mingain0.3_grad_second_stepalign0.1_iread0.1_bs_64_lr_1e-04_fp32_init_plateau/run_2/checkpoint-136000,2,4,3.0,1.0,787.74658203125,-5.195749759674072,1.1357840299606323,1.1357749700546265,12
lip-search-s144,/cephfs/home/mkairov/gradim/energy_shaping/runs/mix-N8-K2V2-V62_1M/energygradmem_llama_L4H4D256_mem8_K2_ilr0.4_energy_lip0.003_L5_msearch1.0_n4_r0.25_gainema0.99_mingain0.3_grad_second_stepalign0.1_iread0.1_bs_64_lr_1e-04_fp32_init_plateau/run_2/checkpoint-136000,2,4,-3.0,1.5,792.9738159179688,0.0314381904900074,0.3804227113723755,0.3804137706756592,12
lip-search-s144,/cephfs/home/mkairov/gradim/energy_shaping/runs/mix-N8-K2V2-V62_1M/energygradmem_llama_L4H4D256_mem8_K2_ilr0.4_energy_lip0.003_L5_msearch1.0_n4_r0.25_gainema0.99_mingain0.3_grad_second_stepalign0.1_iread0.1_bs_64_lr_1e-04_fp32_init_plateau/run_2/checkpoint-136000,2,4,-2.5,1.5,792.9694213867188,0.02701314352452755,0.3686189353466034,0.3686099946498871,12
lip-search-s144,/cephfs/home/mkairov/gradim/energy_shaping/runs/mix-N8-K2V2-V62_1M/energygradmem_llama_L4H4D256_mem8_K2_ilr0.4_energy_lip0.003_L5_msearch1.0_n4_r0.25_gainema0.99_mingain0.3_grad_second_stepalign0.1_iread0.1_bs_64_lr_1e-04_fp32_init_plateau/run_2/checkpoint-136000,2,4,-2.0,1.5,792.964599609375,0.0223388671875,0.20412872731685638,0.20411980152130127,12
lip-search-s144,/cephfs/home/mkairov/gradim/energy_shaping/runs/mix-N8-K2V2-V62_1M/energygradmem_llama_L4H4D256_mem8_K2_ilr0.4_energy_lip0.003_L5_msearch1.0_n4_r0.25_gainema0.99_mingain0.3_grad_second_stepalign0.1_iread0.1_bs_64_lr_1e-04_fp32_init_plateau/run_2/checkpoint-136000,2,4,-1.5,1.5,792.9597778320312,0.0174102783203125,0.119059257209301,0.11905031651258469,12
lip-search-s144,/cephfs/home/mkairov/gradim/energy_shaping/runs/mix-N8-K2V2-V62_1M/energygradmem_llama_L4H4D256_mem8_K2_ilr0.4_energy_lip0.003_L5_msearch1.0_n4_r0.25_gainema0.99_mingain0.3_grad_second_stepalign0.1_iread0.1_bs_64_lr_1e-04_fp32_init_plateau/run_2/checkpoint-136000,2,4,-1.0,1.5,792.95458984375,0.0122222900390625,0.026824206113815308,0.026815256103873253,12
lip-search-s144,/cephfs/home/mkairov/gradim/energy_shaping/runs/mix-N8-K2V2-V62_1M/energygradmem_llama_L4H4D256_mem8_K2_ilr0.4_energy_lip0.003_L5_msearch1.0_n4_r0.25_gainema0.99_mingain0.3_grad_second_stepalign0.1_iread0.1_bs_64_lr_1e-04_fp32_init_plateau/run_2/checkpoint-136000,2,4,-0.5,1.5,792.9490356445312,0.0066986083984375,0.007726849988102913,0.007717899978160858,12
lip-search-s144,/cephfs/home/mkairov/gradim/energy_shaping/runs/mix-N8-K2V2-V62_1M/energygradmem_llama_L4H4D256_mem8_K2_ilr0.4_energy_lip0.003_L5_msearch1.0_n4_r0.25_gainema0.99_mingain0.3_grad_second_stepalign0.1_iread0.1_bs_64_lr_1e-04_fp32_init_plateau/run_2/checkpoint-136000,2,4,0.0,1.5,792.9431762695312,0.0008494059438817203,0.003404242219403386,0.0033952919766306877,12
lip-search-s144,/cephfs/home/mkairov/gradim/energy_shaping/runs/mix-N8-K2V2-V62_1M/energygradmem_llama_L4H4D256_mem8_K2_ilr0.4_energy_lip0.003_L5_msearch1.0_n4_r0.25_gainema0.99_mingain0.3_grad_second_stepalign0.1_iread0.1_bs_64_lr_1e-04_fp32_init_plateau/run_2/checkpoint-136000,2,4,0.5,1.5,792.93701171875,-0.0053202309645712376,0.0023309136740863323,0.002321963431313634,12
lip-search-s144,/cephfs/home/mkairov/gradim/energy_shaping/runs/mix-N8-K2V2-V62_1M/energygradmem_llama_L4H4D256_mem8_K2_ilr0.4_energy_lip0.003_L5_msearch1.0_n4_r0.25_gainema0.99_mingain0.3_grad_second_stepalign0.1_iread0.1_bs_64_lr_1e-04_fp32_init_plateau/run_2/checkpoint-136000,2,4,1.0,1.5,792.9325561523438,-0.009857177734375,0.0034866537898778915,0.003477703547105193,12
lip-search-s144,/cephfs/home/mkairov/gradim/energy_shaping/runs/mix-N8-K2V2-V62_1M/energygradmem_llama_L4H4D256_mem8_K2_ilr0.4_energy_lip0.003_L5_msearch1.0_n4_r0.25_gainema0.99_mingain0.3_grad_second_stepalign0.1_iread0.1_bs_64_lr_1e-04_fp32_init_plateau/run_2/checkpoint-136000,2,4,1.5,1.5,765.41650390625,-27.52579689025879,0.17002816498279572,0.1700192093849182,12
lip-search-s144,/cephfs/home/mkairov/gradim/energy_shaping/runs/mix-N8-K2V2-V62_1M/energygradmem_llama_L4H4D256_mem8_K2_ilr0.4_energy_lip0.003_L5_msearch1.0_n4_r0.25_gainema0.99_mingain0.3_grad_second_stepalign0.1_iread0.1_bs_64_lr_1e-04_fp32_init_plateau/run_2/checkpoint-136000,2,4,2.0,1.5,753.2846069335938,-39.65773391723633,0.2509377896785736,0.2509288489818573,12
lip-search-s144,/cephfs/home/mkairov/gradim/energy_shaping/runs/mix-N8-K2V2-V62_1M/energygradmem_llama_L4H4D256_mem8_K2_ilr0.4_energy_lip0.003_L5_msearch1.0_n4_r0.25_gainema0.99_mingain0.3_grad_second_stepalign0.1_iread0.1_bs_64_lr_1e-04_fp32_init_plateau/run_2/checkpoint-136000,2,4,2.5,1.5,766.28125,-26.66105079650879,0.7064335942268372,0.7064247131347656,12
lip-search-s144,/cephfs/home/mkairov/gradim/energy_shaping/runs/mix-N8-K2V2-V62_1M/energygradmem_llama_L4H4D256_mem8_K2_ilr0.4_energy_lip0.003_L5_msearch1.0_n4_r0.25_gainema0.99_mingain0.3_grad_second_stepalign0.1_iread0.1_bs_64_lr_1e-04_fp32_init_plateau/run_2/checkpoint-136000,2,4,3.0,1.5,787.5957641601562,-5.346567630767822,1.2893458604812622,1.2893368005752563,12
lip-search-s144,/cephfs/home/mkairov/gradim/energy_shaping/runs/mix-N8-K2V2-V62_1M/energygradmem_llama_L4H4D256_mem8_K2_ilr0.4_energy_lip0.003_L5_msearch1.0_n4_r0.25_gainema0.99_mingain0.3_grad_second_stepalign0.1_iread0.1_bs_64_lr_1e-04_fp32_init_plateau/run_2/checkpoint-136000,2,4,-3.0,2.0,792.9740600585938,0.0316670723259449,0.430057555437088,0.4300486147403717,12
lip-search-s144,/cephfs/home/mkairov/gradim/energy_shaping/runs/mix-N8-K2V2-V62_1M/energygradmem_llama_L4H4D256_mem8_K2_ilr0.4_energy_lip0.003_L5_msearch1.0_n4_r0.25_gainema0.99_mingain0.3_grad_second_stepalign0.1_iread0.1_bs_64_lr_1e-04_fp32_init_plateau/run_2/checkpoint-136000,2,4,-2.5,2.0,792.9696655273438,0.02731831930577755,0.41088786721229553,0.4108789265155792,12
lip-search-s144,/cephfs/home/mkairov/gradim/energy_shaping/runs/mix-N8-K2V2-V62_1M/energygradmem_llama_L4H4D256_mem8_K2_ilr0.4_energy_lip0.003_L5_msearch1.0_n4_r0.25_gainema0.99_mingain0.3_grad_second_stepalign0.1_iread0.1_bs_64_lr_1e-04_fp32_init_plateau/run_2/checkpoint-136000,2,4,-2.0,2.0,792.965087890625,0.02268473245203495,0.27704253792762756,0.27703359723091125,12
lip-search-s144,/cephfs/home/mkairov/gradim/energy_shaping/runs/mix-N8-K2V2-V62_1M/energygradmem_llama_L4H4D256_mem8_K2_ilr0.4_energy_lip0.003_L5_msearch1.0_n4_r0.25_gainema0.99_mingain0.3_grad_second_stepalign0.1_iread0.1_bs_64_lr_1e-04_fp32_init_plateau/run_2/checkpoint-136000,2,4,-1.5,2.0,792.9601440429688,0.01781717874109745,0.16934780776500702,0.16933883726596832,12
lip-search-s144,/cephfs/home/mkairov/gradim/energy_shaping/runs/mix-N8-K2V2-V62_1M/energygradmem_llama_L4H4D256_mem8_K2_ilr0.4_energy_lip0.003_L5_msearch1.0_n4_r0.25_gainema0.99_mingain0.3_grad_second_stepalign0.1_iread0.1_bs_64_lr_1e-04_fp32_init_plateau/run_2/checkpoint-136000,2,4,-1.0,2.0,792.955078125,0.012715657241642475,0.09101036936044693,0.09100142866373062,12
lip-search-s144,/cephfs/home/mkairov/gradim/energy_shaping/runs/mix-N8-K2V2-V62_1M/energygradmem_llama_L4H4D256_mem8_K2_ilr0.4_energy_lip0.003_L5_msearch1.0_n4_r0.25_gainema0.99_mingain0.3_grad_second_stepalign0.1_iread0.1_bs_64_lr_1e-04_fp32_init_plateau/run_2/checkpoint-136000,2,4,-0.5,2.0,792.9496459960938,0.0073191323317587376,0.03151290863752365,0.03150395676493645,12
lip-search-s144,/cephfs/home/mkairov/gradim/energy_shaping/runs/mix-N8-K2V2-V62_1M/energygradmem_llama_L4H4D256_mem8_K2_ilr0.4_energy_lip0.003_L5_msearch1.0_n4_r0.25_gainema0.99_mingain0.3_grad_second_stepalign0.1_iread0.1_bs_64_lr_1e-04_fp32_init_plateau/run_2/checkpoint-136000,2,4,0.0,2.0,792.9440307617188,0.0016225179424509406,0.027747618034482002,0.027738669887185097,12
lip-search-s144,/cephfs/home/mkairov/gradim/energy_shaping/runs/mix-N8-K2V2-V62_1M/energygradmem_llama_L4H4D256_mem8_K2_ilr0.4_energy_lip0.003_L5_msearch1.0_n4_r0.25_gainema0.99_mingain0.3_grad_second_stepalign0.1_iread0.1_bs_64_lr_1e-04_fp32_init_plateau/run_2/checkpoint-136000,2,4,0.5,2.0,792.93798828125,-0.0043538413010537624,0.05433143302798271,0.05432247743010521,12
lip-search-s144,/cephfs/home/mkairov/gradim/energy_shaping/runs/mix-N8-K2V2-V62_1M/energygradmem_llama_L4H4D256_mem8_K2_ilr0.4_energy_lip0.003_L5_msearch1.0_n4_r0.25_gainema0.99_mingain0.3_grad_second_stepalign0.1_iread0.1_bs_64_lr_1e-04_fp32_init_plateau/run_2/checkpoint-136000,2,4,1.0,2.0,792.9340209960938,-0.008341471664607525,0.08708105236291885,0.08707210421562195,12
lip-search-s144,/cephfs/home/mkairov/gradim/energy_shaping/runs/mix-N8-K2V2-V62_1M/energygradmem_llama_L4H4D256_mem8_K2_ilr0.4_energy_lip0.003_L5_msearch1.0_n4_r0.25_gainema0.99_mingain0.3_grad_second_stepalign0.1_iread0.1_bs_64_lr_1e-04_fp32_init_plateau/run_2/checkpoint-136000,2,4,1.5,2.0,766.524169921875,-26.41814613342285,0.30583661794662476,0.30582764744758606,12
lip-search-s144,/cephfs/home/mkairov/gradim/energy_shaping/runs/mix-N8-K2V2-V62_1M/energygradmem_llama_L4H4D256_mem8_K2_ilr0.4_energy_lip0.003_L5_msearch1.0_n4_r0.25_gainema0.99_mingain0.3_grad_second_stepalign0.1_iread0.1_bs_64_lr_1e-04_fp32_init_plateau/run_2/checkpoint-136000,2,4,2.0,2.0,756.3844604492188,-36.55793380737305,0.3934772312641144,0.39346829056739807,12
lip-search-s144,/cephfs/home/mkairov/gradim/energy_shaping/runs/mix-N8-K2V2-V62_1M/energygradmem_llama_L4H4D256_mem8_K2_ilr0.4_energy_lip0.003_L5_msearch1.0_n4_r0.25_gainema0.99_mingain0.3_grad_second_stepalign0.1_iread0.1_bs_64_lr_1e-04_fp32_init_plateau/run_2/checkpoint-136000,2,4,2.5,2.0,770.87353515625,-22.068838119506836,0.8354241251945496,0.8354151248931885,12
lip-search-s144,/cephfs/home/mkairov/gradim/energy_shaping/runs/mix-N8-K2V2-V62_1M/energygradmem_llama_L4H4D256_mem8_K2_ilr0.4_energy_lip0.003_L5_msearch1.0_n4_r0.25_gainema0.99_mingain0.3_grad_second_stepalign0.1_iread0.1_bs_64_lr_1e-04_fp32_init_plateau/run_2/checkpoint-136000,2,4,3.0,2.0,788.0380249023438,-4.904347896575928,1.4692100286483765,1.4692010879516602,12
lip-search-s144,/cephfs/home/mkairov/gradim/energy_shaping/runs/mix-N8-K2V2-V62_1M/energygradmem_llama_L4H4D256_mem8_K2_ilr0.4_energy_lip0.003_L5_msearch1.0_n4_r0.25_gainema0.99_mingain0.3_grad_second_stepalign0.1_iread0.1_bs_64_lr_1e-04_fp32_init_plateau/run_2/checkpoint-136000,2,4,-3.0,2.5,792.974365234375,0.0320332832634449,0.48191070556640625,0.48190176486968994,12
lip-search-s144,/cephfs/home/mkairov/gradim/energy_shaping/runs/mix-N8-K2V2-V62_1M/energygradmem_llama_L4H4D256_mem8_K2_ilr0.4_energy_lip0.003_L5_msearch1.0_n4_r0.25_gainema0.99_mingain0.3_grad_second_stepalign0.1_iread0.1_bs_64_lr_1e-04_fp32_init_plateau/run_2/checkpoint-136000,2,4,-2.5,2.5,792.9701538085938,0.02774556539952755,0.4578166902065277,0.4578077793121338,12
lip-search-s144,/cephfs/home/mkairov/gradim/energy_shaping/runs/mix-N8-K2V2-V62_1M/energygradmem_llama_L4H4D256_mem8_K2_ilr0.4_energy_lip0.003_L5_msearch1.0_n4_r0.25_gainema0.99_mingain0.3_grad_second_stepalign0.1_iread0.1_bs_64_lr_1e-04_fp32_init_plateau/run_2/checkpoint-136000,2,4,-2.0,2.5,792.9655151367188,0.02316792868077755,0.31579872965812683,0.3157897889614105,12
lip-search-s144,/cephfs/home/mkairov/gradim/energy_shaping/runs/mix-N8-K2V2-V62_1M/energygradmem_llama_L4H4D256_mem8_K2_ilr0.4_energy_lip0.003_L5_msearch1.0_n4_r0.25_gainema0.99_mingain0.3_grad_second_stepalign0.1_iread0.1_bs_64_lr_1e-04_fp32_init_plateau/run_2/checkpoint-136000,2,4,-1.5,2.5,792.960693359375,0.01841227151453495,0.2430495172739029,0.24304057657718658,12
lip-search-s144,/cephfs/home/mkairov/gradim/energy_shaping/runs/mix-N8-K2V2-V62_1M/energygradmem_llama_L4H4D256_mem8_K2_ilr0.4_energy_lip0.003_L5_msearch1.0_n4_r0.25_gainema0.99_mingain0.3_grad_second_stepalign0.1_iread0.1_bs_64_lr_1e-04_fp32_init_plateau/run_2/checkpoint-136000,2,4,-1.0,2.5,792.9557495117188,0.013427734375,0.19653598964214325,0.19652704894542694,12
lip-search-s144,/cephfs/home/mkairov/gradim/energy_shaping/runs/mix-N8-K2V2-V62_1M/energygradmem_llama_L4H4D256_mem8_K2_ilr0.4_energy_lip0.003_L5_msearch1.0_n4_r0.25_gainema0.99_mingain0.3_grad_second_stepalign0.1_iread0.1_bs_64_lr_1e-04_fp32_init_plateau/run_2/checkpoint-136000,2,4,-0.5,2.5,792.9505004882812,0.0081634521484375,0.17310939729213715,0.17310042679309845,12
lip-search-s144,/cephfs/home/mkairov/gradim/energy_shaping/runs/mix-N8-K2V2-V62_1M/energygradmem_llama_L4H4D256_mem8_K2_ilr0.4_energy_lip0.003_L5_msearch1.0_n4_r0.25_gainema0.99_mingain0.3_grad_second_stepalign0.1_iread0.1_bs_64_lr_1e-04_fp32_init_plateau/run_2/checkpoint-136000,2,4,0.0,2.5,792.9450073242188,0.0026143391150981188,0.17111732065677643,0.17110836505889893,12
lip-search-s144,/cephfs/home/mkairov/gradim/energy_shaping/runs/mix-N8-K2V2-V62_1M/energygradmem_llama_L4H4D256_mem8_K2_ilr0.4_energy_lip0.003_L5_msearch1.0_n4_r0.25_gainema0.99_mingain0.3_grad_second_stepalign0.1_iread0.1_bs_64_lr_1e-04_fp32_init_plateau/run_2/checkpoint-136000,2,4,0.5,2.5,792.939208984375,-0.0031280517578125,0.1956632286310196,0.19565428793430328,12
lip-search-s144,/cephfs/home/mkairov/gradim/energy_shaping/runs/mix-N8-K2V2-V62_1M/energygradmem_llama_L4H4D256_mem8_K2_ilr0.4_energy_lip0.003_L5_msearch1.0_n4_r0.25_gainema0.99_mingain0.3_grad_second_stepalign0.1_iread0.1_bs_64_lr_1e-04_fp32_init_plateau/run_2/checkpoint-136000,2,4,1.0,2.5,792.9360961914062,-0.0062662758864462376,0.22313755750656128,0.2231285721063614,12
lip-search-s144,/cephfs/home/mkairov/gradim/energy_shaping/runs/mix-N8-K2V2-V62_1M/energygradmem_llama_L4H4D256_mem8_K2_ilr0.4_energy_lip0.003_L5_msearch1.0_n4_r0.25_gainema0.99_mingain0.3_grad_second_stepalign0.1_iread0.1_bs_64_lr_1e-04_fp32_init_plateau/run_2/checkpoint-136000,2,4,1.5,2.5,766.28857421875,-26.653772354125977,0.4719257354736328,0.4719167649745941,12
lip-search-s144,/cephfs/home/mkairov/gradim/energy_shaping/runs/mix-N8-K2V2-V62_1M/energygradmem_llama_L4H4D256_mem8_K2_ilr0.4_energy_lip0.003_L5_msearch1.0_n4_r0.25_gainema0.99_mingain0.3_grad_second_stepalign0.1_iread0.1_bs_64_lr_1e-04_fp32_init_plateau/run_2/checkpoint-136000,2,4,2.0,2.5,758.3898315429688,-34.552520751953125,0.5291205048561096,0.5291115641593933,12
lip-search-s144,/cephfs/home/mkairov/gradim/energy_shaping/runs/mix-N8-K2V2-V62_1M/energygradmem_llama_L4H4D256_mem8_K2_ilr0.4_energy_lip0.003_L5_msearch1.0_n4_r0.25_gainema0.99_mingain0.3_grad_second_stepalign0.1_iread0.1_bs_64_lr_1e-04_fp32_init_plateau/run_2/checkpoint-136000,2,4,2.5,2.5,775.6539916992188,-17.28838539123535,0.9642350077629089,0.9642260074615479,12
lip-search-s144,/cephfs/home/mkairov/gradim/energy_shaping/runs/mix-N8-K2V2-V62_1M/energygradmem_llama_L4H4D256_mem8_K2_ilr0.4_energy_lip0.003_L5_msearch1.0_n4_r0.25_gainema0.99_mingain0.3_grad_second_stepalign0.1_iread0.1_bs_64_lr_1e-04_fp32_init_plateau/run_2/checkpoint-136000,2,4,3.0,2.5,787.892578125,-5.0498504638671875,1.613883137702942,1.613874077796936,12
lip-search-s144,/cephfs/home/mkairov/gradim/energy_shaping/runs/mix-N8-K2V2-V62_1M/energygradmem_llama_L4H4D256_mem8_K2_ilr0.4_energy_lip0.003_L5_msearch1.0_n4_r0.25_gainema0.99_mingain0.3_grad_second_stepalign0.1_iread0.1_bs_64_lr_1e-04_fp32_init_plateau/run_2/checkpoint-136000,2,4,-3.0,3.0,792.974853515625,0.0325164794921875,0.5332196354866028,0.5332106947898865,12
lip-search-s144,/cephfs/home/mkairov/gradim/energy_shaping/runs/mix-N8-K2V2-V62_1M/energygradmem_llama_L4H4D256_mem8_K2_ilr0.4_energy_lip0.003_L5_msearch1.0_n4_r0.25_gainema0.99_mingain0.3_grad_second_stepalign0.1_iread0.1_bs_64_lr_1e-04_fp32_init_plateau/run_2/checkpoint-136000,2,4,-2.5,3.0,792.9706420898438,0.02829996682703495,0.469596266746521,0.4695873260498047,12
lip-search-s144,/cephfs/home/mkairov/gradim/energy_shaping/runs/mix-N8-K2V2-V62_1M/energygradmem_llama_L4H4D256_mem8_K2_ilr0.4_energy_lip0.003_L5_msearch1.0_n4_r0.25_gainema0.99_mingain0.3_grad_second_stepalign0.1_iread0.1_bs_64_lr_1e-04_fp32_init_plateau/run_2/checkpoint-136000,2,4,-2.0,3.0,792.9662475585938,0.02385965920984745,0.332376629114151,0.3323676586151123,12
lip-search-s144,/cephfs/home/mkairov/gradim/energy_shaping/runs/mix-N8-K2V2-V62_1M/energygradmem_llama_L4H4D256_mem8_K2_ilr0.4_energy_lip0.003_L5_msearch1.0_n4_r0.25_gainema0.99_mingain0.3_grad_second_stepalign0.1_iread0.1_bs_64_lr_1e-04_fp32_init_plateau/run_2/checkpoint-136000,2,4,-1.5,3.0,792.9614868164062,0.0192108154296875,0.3023621141910553,0.302353173494339,12
lip-search-s144,/cephfs/home/mkairov/gradim/energy_shaping/runs/mix-N8-K2V2-V62_1M/energygradmem_llama_L4H4D256_mem8_K2_ilr0.4_energy_lip0.003_L5_msearch1.0_n4_r0.25_gainema0.99_mingain0.3_grad_second_stepalign0.1_iread0.1_bs_64_lr_1e-04_fp32_init_plateau/run_2/checkpoint-136000,2,4,-1.0,3.0,792.9566040039062,0.014348347671329975,0.29974284768104553,0.2997339069843292,12
lip-search-s144,/cephfs/home/mkairov/gradim/energy_shaping/runs/mix-N8-K2V2-V62_1M/energygradmem_llama_L4H4D256_mem8_K2_ilr0.4_energy_lip0.003_L5_msearch1.0_n4_r0.25_gainema0.99_mingain0.3_grad_second_stepalign0.1_iread0.1_bs_64_lr_1e-04_fp32_init_plateau/run_2/checkpoint-136000,2,4,-0.5,3.0,792.9515991210938,0.009251912124454975,0.3201104998588562,0.3201015293598175,12
lip-search-s144,/cephfs/home/mkairov/gradim/energy_shaping/runs/mix-N8-K2V2-V62_1M/energygradmem_llama_L4H4D256_mem8_K2_ilr0.4_energy_lip0.003_L5_msearch1.0_n4_r0.25_gainema0.99_mingain0.3_grad_second_stepalign0.1_iread0.1_bs_64_lr_1e-04_fp32_init_plateau/run_2/checkpoint-136000,2,4,0.0,3.0,792.9462280273438,0.0039215087890625,0.3516453504562378,0.3516363799571991,12
lip-search-s144,/cephfs/home/mkairov/gradim/energy_shaping/runs/mix-N8-K2V2-V62_1M/energygradmem_llama_L4H4D256_mem8_K2_ilr0.4_energy_lip0.003_L5_msearch1.0_n4_r0.25_gainema0.99_mingain0.3_grad_second_stepalign0.1_iread0.1_bs_64_lr_1e-04_fp32_init_plateau/run_2/checkpoint-136000,2,4,0.5,3.0,792.9407348632812,-0.0016021728515625,0.37894976139068604,0.3789408206939697,12
lip-search-s144,/cephfs/home/mkairov/gradim/energy_shaping/runs/mix-N8-K2V2-V62_1M/energygradmem_llama_L4H4D256_mem8_K2_ilr0.4_energy_lip0.003_L5_msearch1.0_n4_r0.25_gainema0.99_mingain0.3_grad_second_stepalign0.1_iread0.1_bs_64_lr_1e-04_fp32_init_plateau/run_2/checkpoint-136000,2,4,1.0,3.0,792.9387817382812,-0.0035247802734375,0.37548282742500305,0.37547388672828674,12
lip-search-s144,/cephfs/home/mkairov/gradim/energy_shaping/runs/mix-N8-K2V2-V62_1M/energygradmem_llama_L4H4D256_mem8_K2_ilr0.4_energy_lip0.003_L5_msearch1.0_n4_r0.25_gainema0.99_mingain0.3_grad_second_stepalign0.1_iread0.1_bs_64_lr_1e-04_fp32_init_plateau/run_2/checkpoint-136000,2,4,1.5,3.0,766.9013061523438,-26.041046142578125,0.6060414910316467,0.6060325503349304,12
lip-search-s144,/cephfs/home/mkairov/gradim/energy_shaping/runs/mix-N8-K2V2-V62_1M/energygradmem_llama_L4H4D256_mem8_K2_ilr0.4_energy_lip0.003_L5_msearch1.0_n4_r0.25_gainema0.99_mingain0.3_grad_second_stepalign0.1_iread0.1_bs_64_lr_1e-04_fp32_init_plateau/run_2/checkpoint-136000,2,4,2.0,3.0,761.5875854492188,-31.354848861694336,0.6784841418266296,0.6784750819206238,12
lip-search-s144,/cephfs/home/mkairov/gradim/energy_shaping/runs/mix-N8-K2V2-V62_1M/energygradmem_llama_L4H4D256_mem8_K2_ilr0.4_energy_lip0.003_L5_msearch1.0_n4_r0.25_gainema0.99_mingain0.3_grad_second_stepalign0.1_iread0.1_bs_64_lr_1e-04_fp32_init_plateau/run_2/checkpoint-136000,2,4,2.5,3.0,779.8502807617188,-13.092132568359375,1.1040974855422974,1.1040886640548706,12
lip-search-s144,/cephfs/home/mkairov/gradim/energy_shaping/runs/mix-N8-K2V2-V62_1M/energygradmem_llama_L4H4D256_mem8_K2_ilr0.4_energy_lip0.003_L5_msearch1.0_n4_r0.25_gainema0.99_mingain0.3_grad_second_stepalign0.1_iread0.1_bs_64_lr_1e-04_fp32_init_plateau/run_2/checkpoint-136000,2,4,3.0,3.0,788.0304565429688,-4.91193151473999,1.694260597229004,1.6942516565322876,12
lip-search-s144,/cephfs/home/mkairov/gradim/energy_shaping/runs/mix-N8-K2V2-V62_1M/energygradmem_llama_L4H4D256_mem8_K2_ilr0.4_energy_lip0.003_L5_msearch1.0_n4_r0.25_gainema0.99_mingain0.3_grad_second_stepalign0.1_iread0.1_bs_64_lr_1e-04_fp32_init_plateau/run_2/checkpoint-136000,4,8,-3.0,-3.0,788.9072265625,-4.023691654205322,4.3900933265686035,4.39008092880249,12
lip-search-s144,/cephfs/home/mkairov/gradim/energy_shaping/runs/mix-N8-K2V2-V62_1M/energygradmem_llama_L4H4D256_mem8_K2_ilr0.4_energy_lip0.003_L5_msearch1.0_n4_r0.25_gainema0.99_mingain0.3_grad_second_stepalign0.1_iread0.1_bs_64_lr_1e-04_fp32_init_plateau/run_2/checkpoint-136000,4,8,-2.5,-3.0,789.1055297851562,-3.8253071308135986,4.164067268371582,4.164054870605469,12
lip-search-s144,/cephfs/home/mkairov/gradim/energy_shaping/runs/mix-N8-K2V2-V62_1M/energygradmem_llama_L4H4D256_mem8_K2_ilr0.4_energy_lip0.003_L5_msearch1.0_n4_r0.25_gainema0.99_mingain0.3_grad_second_stepalign0.1_iread0.1_bs_64_lr_1e-04_fp32_init_plateau/run_2/checkpoint-136000,4,8,-2.0,-3.0,789.4883422851562,-3.442621946334839,3.7772390842437744,3.7772271633148193,12
lip-search-s144,/cephfs/home/mkairov/gradim/energy_shaping/runs/mix-N8-K2V2-V62_1M/energygradmem_llama_L4H4D256_mem8_K2_ilr0.4_energy_lip0.003_L5_msearch1.0_n4_r0.25_gainema0.99_mingain0.3_grad_second_stepalign0.1_iread0.1_bs_64_lr_1e-04_fp32_init_plateau/run_2/checkpoint-136000,4,8,-1.5,-3.0,790.49951171875,-2.4313762187957764,3.254439115524292,3.2544262409210205,12
lip-search-s144,/cephfs/home/mkairov/gradim/energy_shaping/runs/mix-N8-K2V2-V62_1M/energygradmem_llama_L4H4D256_mem8_K2_ilr0.4_energy_lip0.003_L5_msearch1.0_n4_r0.25_gainema0.99_mingain0.3_grad_second_stepalign0.1_iread0.1_bs_64_lr_1e-04_fp32_init_plateau/run_2/checkpoint-136000,4,8,-1.0,-3.0,770.254638671875,-22.67622947692871,2.5669589042663574,2.5669467449188232,12
lip-search-s144,/cephfs/home/mkairov/gradim/energy_shaping/runs/mix-N8-K2V2-V62_1M/energygradmem_llama_L4H4D256_mem8_K2_ilr0.4_energy_lip0.003_L5_msearch1.0_n4_r0.25_gainema0.99_mingain0.3_grad_second_stepalign0.1_iread0.1_bs_64_lr_1e-04_fp32_init_plateau/run_2/checkpoint-136000,4,8,-0.5,-3.0,780.6526489257812,-12.278172492980957,2.4208824634552,2.420870542526245,12
lip-search-s144,/cephfs/home/mkairov/gradim/energy_shaping/runs/mix-N8-K2V2-V62_1M/energygradmem_llama_L4H4D256_mem8_K2_ilr0.4_energy_lip0.003_L5_msearch1.0_n4_r0.25_gainema0.99_mingain0.3_grad_second_stepalign0.1_iread0.1_bs_64_lr_1e-04_fp32_init_plateau/run_2/checkpoint-136000,4,8,0.0,-3.0,790.880126953125,-2.050776243209839,2.7495880126953125,2.7495758533477783,12
lip-search-s144,/cephfs/home/mkairov/gradim/energy_shaping/runs/mix-N8-K2V2-V62_1M/energygradmem_llama_L4H4D256_mem8_K2_ilr0.4_energy_lip0.003_L5_msearch1.0_n4_r0.25_gainema0.99_mingain0.3_grad_second_stepalign0.1_iread0.1_bs_64_lr_1e-04_fp32_init_plateau/run_2/checkpoint-136000,4,8,0.5,-3.0,791.1619262695312,-1.7689260244369507,2.6226956844329834,2.622683525085449,12
lip-search-s144,/cephfs/home/mkairov/gradim/energy_shaping/runs/mix-N8-K2V2-V62_1M/energygradmem_llama_L4H4D256_mem8_K2_ilr0.4_energy_lip0.003_L5_msearch1.0_n4_r0.25_gainema0.99_mingain0.3_grad_second_stepalign0.1_iread0.1_bs_64_lr_1e-04_fp32_init_plateau/run_2/checkpoint-136000,4,8,1.0,-3.0,791.2579956054688,-1.6728973388671875,2.582843065261841,2.5828311443328857,12
lip-search-s144,/cephfs/home/mkairov/gradim/energy_shaping/runs/mix-N8-K2V2-V62_1M/energygradmem_llama_L4H4D256_mem8_K2_ilr0.4_energy_lip0.003_L5_msearch1.0_n4_r0.25_gainema0.99_mingain0.3_grad_second_stepalign0.1_iread0.1_bs_64_lr_1e-04_fp32_init_plateau/run_2/checkpoint-136000,4,8,1.5,-3.0,790.7964477539062,-2.134455442428589,3.043360471725464,3.0433480739593506,12
lip-search-s144,/cephfs/home/mkairov/gradim/energy_shaping/runs/mix-N8-K2V2-V62_1M/energygradmem_llama_L4H4D256_mem8_K2_ilr0.4_energy_lip0.003_L5_msearch1.0_n4_r0.25_gainema0.99_mingain0.3_grad_second_stepalign0.1_iread0.1_bs_64_lr_1e-04_fp32_init_plateau/run_2/checkpoint-136000,4,8,2.0,-3.0,790.056884765625,-2.8740336894989014,3.170132875442505,3.170121431350708,12
lip-search-s144,/cephfs/home/mkairov/gradim/energy_shaping/runs/mix-N8-K2V2-V62_1M/energygradmem_llama_L4H4D256_mem8_K2_ilr0.4_energy_lip0.003_L5_msearch1.0_n4_r0.25_gainema0.99_mingain0.3_grad_second_stepalign0.1_iread0.1_bs_64_lr_1e-04_fp32_init_plateau/run_2/checkpoint-136000,4,8,2.5,-3.0,788.7610473632812,-4.169774532318115,3.8663196563720703,3.8663079738616943,12
lip-search-s144,/cephfs/home/mkairov/gradim/energy_shaping/runs/mix-N8-K2V2-V62_1M/energygradmem_llama_L4H4D256_mem8_K2_ilr0.4_energy_lip0.003_L5_msearch1.0_n4_r0.25_gainema0.99_mingain0.3_grad_second_stepalign0.1_iread0.1_bs_64_lr_1e-04_fp32_init_plateau/run_2/checkpoint-136000,4,8,3.0,-3.0,772.7875366210938,-20.143396377563477,4.133408069610596,4.133395671844482,12
lip-search-s144,/cephfs/home/mkairov/gradim/energy_shaping/runs/mix-N8-K2V2-V62_1M/energygradmem_llama_L4H4D256_mem8_K2_ilr0.4_energy_lip0.003_L5_msearch1.0_n4_r0.25_gainema0.99_mingain0.3_grad_second_stepalign0.1_iread0.1_bs_64_lr_1e-04_fp32_init_plateau/run_2/checkpoint-136000,4,8,-3.0,-2.5,789.4241333007812,-3.5067646503448486,4.382271766662598,4.382259845733643,12
lip-search-s144,/cephfs/home/mkairov/gradim/energy_shaping/runs/mix-N8-K2V2-V62_1M/energygradmem_llama_L4H4D256_mem8_K2_ilr0.4_energy_lip0.003_L5_msearch1.0_n4_r0.25_gainema0.99_mingain0.3_grad_second_stepalign0.1_iread0.1_bs_64_lr_1e-04_fp32_init_plateau/run_2/checkpoint-136000,4,8,-2.5,-2.5,788.8453979492188,-4.085500240325928,4.092766284942627,4.092754364013672,12
lip-search-s144,/cephfs/home/mkairov/gradim/energy_shaping/runs/mix-N8-K2V2-V62_1M/energygradmem_llama_L4H4D256_mem8_K2_ilr0.4_energy_lip0.003_L5_msearch1.0_n4_r0.25_gainema0.99_mingain0.3_grad_second_stepalign0.1_iread0.1_bs_64_lr_1e-04_fp32_init_plateau/run_2/checkpoint-136000,4,8,-2.0,-2.5,787.9362182617188,-4.994715213775635,3.7500765323638916,3.7500646114349365,12
lip-search-s144,/cephfs/home/mkairov/gradim/energy_shaping/runs/mix-N8-K2V2-V62_1M/energygradmem_llama_L4H4D256_mem8_K2_ilr0.4_energy_lip0.003_L5_msearch1.0_n4_r0.25_gainema0.99_mingain0.3_grad_second_stepalign0.1_iread0.1_bs_64_lr_1e-04_fp32_init_plateau/run_2/checkpoint-136000,4,8,-1.5,-2.5,789.6703491210938,-3.260564088821411,3.0167033672332764,3.0166914463043213,12
lip-search-s144,/cephfs/home/mkairov/gradim/energy_shaping/runs/mix-N8-K2V2-V62_1M/energygradmem_llama_L4H4D256_mem8_K2_ilr0.4_energy_lip0.003_L5_msearch1.0_n4_r0.25_gainema0.99_mingain0.3_grad_second_stepalign0.1_iread0.1_bs_64_lr_1e-04_fp32_init_plateau/run_2/checkpoint-136000,4,8,-1.0,-2.5,782.3728637695312,-10.55799388885498,1.9741922616958618,1.9741801023483276,12
lip-search-s144,/cephfs/home/mkairov/gradim/energy_shaping/runs/mix-N8-K2V2-V62_1M/energygradmem_llama_L4H4D256_mem8_K2_ilr0.4_energy_lip0.003_L5_msearch1.0_n4_r0.25_gainema0.99_mingain0.3_grad_second_stepalign0.1_iread0.1_bs_64_lr_1e-04_fp32_init_plateau/run_2/checkpoint-136000,4,8,-0.5,-2.5,777.522705078125,-15.408126831054688,1.9681109189987183,1.9680989980697632,12
lip-search-s144,/cephfs/home/mkairov/gradim/energy_shaping/runs/mix-N8-K2V2-V62_1M/energygradmem_llama_L4H4D256_mem8_K2_ilr0.4_energy_lip0.003_L5_msearch1.0_n4_r0.25_gainema0.99_mingain0.3_grad_second_stepalign0.1_iread0.1_bs_64_lr_1e-04_fp32_init_plateau/run_2/checkpoint-136000,4,8,0.0,-2.5,790.8181762695312,-2.1127777099609375,2.417720079421997,2.417708158493042,12
lip-search-s144,/cephfs/home/mkairov/gradim/energy_shaping/runs/mix-N8-K2V2-V62_1M/energygradmem_llama_L4H4D256_mem8_K2_ilr0.4_energy_lip0.003_L5_msearch1.0_n4_r0.25_gainema0.99_mingain0.3_grad_second_stepalign0.1_iread0.1_bs_64_lr_1e-04_fp32_init_plateau/run_2/checkpoint-136000,4,8,0.5,-2.5,791.262939453125,-1.667938232421875,2.393625497817993,2.393613576889038,12
lip-search-s144,/cephfs/home/mkairov/gradim/energy_shaping/runs/mix-N8-K2V2-V62_1M/energygradmem_llama_L4H4D256_mem8_K2_ilr0.4_energy_lip0.003_L5_msearch1.0_n4_r0.25_gainema0.99_mingain0.3_grad_second_stepalign0.1_iread0.1_bs_64_lr_1e-04_fp32_init_plateau/run_2/checkpoint-136000,4,8,1.0,-2.5,791.08447265625,-1.8464101552963257,2.4208009243011475,2.4207890033721924,12
lip-search-s144,/cephfs/home/mkairov/gradim/energy_shaping/runs/mix-N8-K2V2-V62_1M/energygradmem_llama_L4H4D256_mem8_K2_ilr0.4_energy_lip0.003_L5_msearch1.0_n4_r0.25_gainema0.99_mingain0.3_grad_second_stepalign0.1_iread0.1_bs_64_lr_1e-04_fp32_init_plateau/run_2/checkpoint-136000,4,8,1.5,-2.5,790.3313598632812,-2.59954833984375,2.916084051132202,2.916071653366089,12
lip-search-s144,/cephfs/home/mkairov/gradim/energy_shaping/runs/mix-N8-K2V2-V62_1M/energygradmem_llama_L4H4D256_mem8_K2_ilr0.4_energy_lip0.003_L5_msearch1.0_n4_r0.25_gainema0.99_mingain0.3_grad_second_stepalign0.1_iread0.1_bs_64_lr_1e-04_fp32_init_plateau/run_2/checkpoint-136000,4,8,2.0,-2.5,788.8827514648438,-4.048131465911865,3.180344581604004,3.1803321838378906,12
lip-search-s144,/cephfs/home/mkairov/gradim/energy_shaping/runs/mix-N8-K2V2-V62_1M/energygradmem_llama_L4H4D256_mem8_K2_ilr0.4_energy_lip0.003_L5_msearch1.0_n4_r0.25_gainema0.99_mingain0.3_grad_second_stepalign0.1_iread0.1_bs_64_lr_1e-04_fp32_init_plateau/run_2/checkpoint-136000,4,8,2.5,-2.5,787.2978515625,-5.633066654205322,3.961069345474243,3.961057662963867,12
lip-search-s144,/cephfs/home/mkairov/gradim/energy_shaping/runs/mix-N8-K2V2-V62_1M/energygradmem_llama_L4H4D256_mem8_K2_ilr0.4_energy_lip0.003_L5_msearch1.0_n4_r0.25_gainema0.99_mingain0.3_grad_second_stepalign0.1_iread0.1_bs_64_lr_1e-04_fp32_init_plateau/run_2/checkpoint-136000,4,8,3.0,-2.5,769.2969360351562,-23.6339111328125,4.191834449768066,4.191822052001953,12
lip-search-s144,/cephfs/home/mkairov/gradim/energy_shaping/runs/mix-N8-K2V2-V62_1M/energygradmem_llama_L4H4D256_mem8_K2_ilr0.4_energy_lip0.003_L5_msearch1.0_n4_r0.25_gainema0.99_mingain0.3_grad_second_stepalign0.1_iread0.1_bs_64_lr_1e-04_fp32_init_plateau/run_2/checkpoint-136000,4,8,-3.0,-2.0,789.974365234375,-2.95654296875,4.158845901489258,4.158833980560303,12
lip-search-s144,/cephfs/home/mkairov/gradim/energy_shaping/runs/mix-N8-K2V2-V62_1M/energygradmem_llama_L4H4D256_mem8_K2_ilr0.4_energy_lip0.003_L5_msearch1.0_n4_r0.25_gainema0.99_mingain0.3_grad_second_stepalign0.1_iread0.1_bs_64_lr_1e-04_fp32_init_plateau/run_2/checkpoint-136000,4,8,-2.5,-2.0,788.39794921875,-4.532989501953125,3.9987356662750244,3.9987237453460693,12
lip-search-s144,/cephfs/home/mkairov/gradim/energy_shaping/runs/mix-N8-K2V2-V62_1M/energygradmem_llama_L4H4D256_mem8_K2_ilr0.4_energy_lip0.003_L5_msearch1.0_n4_r0.25_gainema0.99_mingain0.3_grad_second_stepalign0.1_iread0.1_bs_64_lr_1e-04_fp32_init_plateau/run_2/checkpoint-136000,4,8,-2.0,-2.0,787.8013305664062,-5.129557132720947,3.713176727294922,3.7131645679473877,12
lip-search-s144,/cephfs/home/mkairov/gradim/energy_shaping/runs/mix-N8-K2V2-V62_1M/energygradmem_llama_L4H4D256_mem8_K2_ilr0.4_energy_lip0.003_L5_msearch1.0_n4_r0.25_gainema0.99_mingain0.3_grad_second_stepalign0.1_iread0.1_bs_64_lr_1e-04_fp32_init_plateau/run_2/checkpoint-136000,4,8,-1.5,-2.0,789.00244140625,-3.928431272506714,2.6883552074432373,2.688343048095703,12
lip-search-s144,/cephfs/home/mkairov/gradim/energy_shaping/runs/mix-N8-K2V2-V62_1M/energygradmem_llama_L4H4D256_mem8_K2_ilr0.4_energy_lip0.003_L5_msearch1.0_n4_r0.25_gainema0.99_mingain0.3_grad_second_stepalign0.1_iread0.1_bs_64_lr_1e-04_fp32_init_plateau/run_2/checkpoint-136000,4,8,-1.0,-2.0,790.0546264648438,-2.876307249069214,1.965147852897644,1.965135931968689,12
lip-search-s144,/cephfs/home/mkairov/gradim/energy_shaping/runs/mix-N8-K2V2-V62_1M/energygradmem_llama_L4H4D256_mem8_K2_ilr0.4_energy_lip0.003_L5_msearch1.0_n4_r0.25_gainema0.99_mingain0.3_grad_second_stepalign0.1_iread0.1_bs_64_lr_1e-04_fp32_init_plateau/run_2/checkpoint-136000,4,8,-0.5,-2.0,761.0567016601562,-31.874221801757812,1.8150156736373901,1.815003752708435,12
lip-search-s144,/cephfs/home/mkairov/gradim/energy_shaping/runs/mix-N8-K2V2-V62_1M/energygradmem_llama_L4H4D256_mem8_K2_ilr0.4_energy_lip0.003_L5_msearch1.0_n4_r0.25_gainema0.99_mingain0.3_grad_second_stepalign0.1_iread0.1_bs_64_lr_1e-04_fp32_init_plateau/run_2/checkpoint-136000,4,8,0.0,-2.0,790.7542114257812,-2.176600217819214,2.0647764205932617,2.0647642612457275,12
lip-search-s144,/cephfs/home/mkairov/gradim/energy_shaping/runs/mix-N8-K2V2-V62_1M/energygradmem_llama_L4H4D256_mem8_K2_ilr0.4_energy_lip0.003_L5_msearch1.0_n4_r0.25_gainema0.99_mingain0.3_grad_second_stepalign0.1_iread0.1_bs_64_lr_1e-04_fp32_init_plateau/run_2/checkpoint-136000,4,8,0.5,-2.0,791.330322265625,-1.6006063222885132,1.8878083229064941,1.8877960443496704,12
lip-search-s144,/cephfs/home/mkairov/gradim/energy_shaping/runs/mix-N8-K2V2-V62_1M/energygradmem_llama_L4H4D256_mem8_K2_ilr0.4_energy_lip0.003_L5_msearch1.0_n4_r0.25_gainema0.99_mingain0.3_grad_second_stepalign0.1_iread0.1_bs_64_lr_1e-04_fp32_init_plateau/run_2/checkpoint-136000,4,8,1.0,-2.0,790.6830444335938,-2.2478840351104736,2.3116137981414795,2.3116018772125244,12
lip-search-s144,/cephfs/home/mkairov/gradim/energy_shaping/runs/mix-N8-K2V2-V62_1M/energygradmem_llama_L4H4D256_mem8_K2_ilr0.4_energy_lip0.003_L5_msearch1.0_n4_r0.25_gainema0.99_mingain0.3_grad_second_stepalign0.1_iread0.1_bs_64_lr_1e-04_fp32_init_plateau/run_2/checkpoint-136000,4,8,1.5,-2.0,789.1651000976562,-3.765777587890625,2.778285264968872,2.778273344039917,12
lip-search-s144,/cephfs/home/mkairov/gradim/energy_shaping/runs/mix-N8-K2V2-V62_1M/energygradmem_llama_L4H4D256_mem8_K2_ilr0.4_energy_lip0.003_L5_msearch1.0_n4_r0.25_gainema0.99_mingain0.3_grad_second_stepalign0.1_iread0.1_bs_64_lr_1e-04_fp32_init_plateau/run_2/checkpoint-136000,4,8,2.0,-2.0,786.4805297851562,-6.450418949127197,3.3546226024627686,3.3546106815338135,12
lip-search-s144,/cephfs/home/mkairov/gradim/energy_shaping/runs/mix-N8-K2V2-V62_1M/energygradmem_llama_L4H4D256_mem8_K2_ilr0.4_energy_lip0.003_L5_msearch1.0_n4_r0.25_gainema0.99_mingain0.3_grad_second_stepalign0.1_iread0.1_bs_64_lr_1e-04_fp32_init_plateau/run_2/checkpoint-136000,4,8,2.5,-2.0,783.9114379882812,-9.019378662109375,4.123856544494629,4.123844623565674,12
lip-search-s144,/cephfs/home/mkairov/gradim/energy_shaping/runs/mix-N8-K2V2-V62_1M/energygradmem_llama_L4H4D256_mem8_K2_ilr0.4_energy_lip0.003_L5_msearch1.0_n4_r0.25_gainema0.99_mingain0.3_grad_second_stepalign0.1_iread0.1_bs_64_lr_1e-04_fp32_init_plateau/run_2/checkpoint-136000,4,8,3.0,-2.0,766.4840698242188,-26.446823120117188,4.226192474365234,4.226180553436279,12
lip-search-s144,/cephfs/home/mkairov/gradim/energy_shaping/runs/mix-N8-K2V2-V62_1M/energygradmem_llama_L4H4D256_mem8_K2_ilr0.4_energy_lip0.003_L5_msearch1.0_n4_r0.25_gainema0.99_mingain0.3_grad_second_stepalign0.1_iread0.1_bs_64_lr_1e-04_fp32_init_plateau/run_2/checkpoint-136000,4,8,-3.0,-1.5,787.5109252929688,-5.419886112213135,3.59466814994812,3.594655990600586,12
lip-search-s144,/cephfs/home/mkairov/gradim/energy_shaping/runs/mix-N8-K2V2-V62_1M/energygradmem_llama_L4H4D256_mem8_K2_ilr0.4_energy_lip0.003_L5_msearch1.0_n4_r0.25_gainema0.99_mingain0.3_grad_second_stepalign0.1_iread0.1_bs_64_lr_1e-04_fp32_init_plateau/run_2/checkpoint-136000,4,8,-2.5,-1.5,788.889404296875,-4.0414276123046875,3.4643266201019287,3.4643144607543945,12
lip-search-s144,/cephfs/home/mkairov/gradim/energy_shaping/runs/mix-N8-K2V2-V62_1M/energygradmem_llama_L4H4D256_mem8_K2_ilr0.4_energy_lip0.003_L5_msearch1.0_n4_r0.25_gainema0.99_mingain0.3_grad_second_stepalign0.1_iread0.1_bs_64_lr_1e-04_fp32_init_plateau/run_2/checkpoint-136000,4,8,-2.0,-1.5,788.6620483398438,-4.268890380859375,3.152787923812866,3.152775764465332,12
lip-search-s144,/cephfs/home/mkairov/gradim/energy_shaping/runs/mix-N8-K2V2-V62_1M/energygradmem_llama_L4H4D256_mem8_K2_ilr0.4_energy_lip0.003_L5_msearch1.0_n4_r0.25_gainema0.99_mingain0.3_grad_second_stepalign0.1_iread0.1_bs_64_lr_1e-04_fp32_init_plateau/run_2/checkpoint-136000,4,8,-1.5,-1.5,788.9223022460938,-4.00855016708374,2.648911714553833,2.6488993167877197,12
lip-search-s144,/cephfs/home/mkairov/gradim/energy_shaping/runs/mix-N8-K2V2-V62_1M/energygradmem_llama_L4H4D256_mem8_K2_ilr0.4_energy_lip0.003_L5_msearch1.0_n4_r0.25_gainema0.99_mingain0.3_grad_second_stepalign0.1_iread0.1_bs_64_lr_1e-04_fp32_init_plateau/run_2/checkpoint-136000,4,8,-1.0,-1.5,788.892333984375,-4.038538455963135,1.8562053442001343,1.8561931848526,12
lip-search-s144,/cephfs/home/mkairov/gradim/energy_shaping/runs/mix-N8-K2V2-V62_1M/energygradmem_llama_L4H4D256_mem8_K2_ilr0.4_energy_lip0.003_L5_msearch1.0_n4_r0.25_gainema0.99_mingain0.3_grad_second_stepalign0.1_iread0.1_bs_64_lr_1e-04_fp32_init_plateau/run_2/checkpoint-136000,4,8,-0.5,-1.5,747.2846069335938,-45.646305084228516,1.7841181755065918,1.7841061353683472,12
lip-search-s144,/cephfs/home/mkairov/gradim/energy_shaping/runs/mix-N8-K2V2-V62_1M/energygradmem_llama_L4H4D256_mem8_K2_ilr0.4_energy_lip0.003_L5_msearch1.0_n4_r0.25_gainema0.99_mingain0.3_grad_second_stepalign0.1_iread0.1_bs_64_lr_1e-04_fp32_init_plateau/run_2/checkpoint-136000,4,8,0.0,-1.5,790.6970825195312,-2.2337443828582764,1.8110536336898804,1.8110417127609253,12
lip-search-s144,/cephfs/home/mkairov/gradim/energy_shaping/runs/mix-N8-K2V2-V62_1M/energygradmem_llama_L4H4D256_mem8_K2_ilr0.4_energy_lip0.003_L5_msearch1.0_n4_r0.25_gainema0.99_mingain0.3_grad_second_stepalign0.1_iread0.1_bs_64_lr_1e-04_fp32_init_plateau/run_2/checkpoint-136000,4,8,0.5,-1.5,791.1754760742188,-1.75543212890625,1.81245756149292,1.8124456405639648,12
lip-search-s144,/cephfs/home/mkairov/gradim/energy_shaping/runs/mix-N8-K2V2-V62_1M/energygradmem_llama_L4H4D256_mem8_K2_ilr0.4_energy_lip0.003_L5_msearch1.0_n4_r0.25_gainema0.99_mingain0.3_grad_second_stepalign0.1_iread0.1_bs_64_lr_1e-04_fp32_init_plateau/run_2/checkpoint-136000,4,8,1.0,-1.5,789.5519409179688,-3.3789570331573486,2.2180309295654297,2.2180190086364746,12
lip-search-s144,/cephfs/home/mkairov/gradim/energy_shaping/runs/mix-N8-K2V2-V62_1M/energygradmem_llama_L4H4D256_mem8_K2_ilr0.4_energy_lip0.003_L5_msearch1.0_n4_r0.25_gainema0.99_mingain0.3_grad_second_stepalign0.1_iread0.1_bs_64_lr_1e-04_fp32_init_plateau/run_2/checkpoint-136000,4,8,1.5,-1.5,787.6972045898438,-5.233713626861572,2.802593231201172,2.802581548690796,12
lip-search-s144,/cephfs/home/mkairov/gradim/energy_shaping/runs/mix-N8-K2V2-V62_1M/energygradmem_llama_L4H4D256_mem8_K2_ilr0.4_energy_lip0.003_L5_msearch1.0_n4_r0.25_gainema0.99_mingain0.3_grad_second_stepalign0.1_iread0.1_bs_64_lr_1e-04_fp32_init_plateau/run_2/checkpoint-136000,4,8,2.0,-1.5,784.0025024414062,-8.92839527130127,3.6733837127685547,3.6733713150024414,12
lip-search-s144,/cephfs/home/mkairov/gradim/energy_shaping/runs/mix-N8-K2V2-V62_1M/energygradmem_llama_L4H4D256_mem8_K2_ilr0.4_energy_lip0.003_L5_msearch1.0_n4_r0.25_gainema0.99_mingain0.3_grad_second_stepalign0.1_iread0.1_bs_64_lr_1e-04_fp32_init_plateau/run_2/checkpoint-136000,4,8,2.5,-1.5,781.0956420898438,-11.835342407226562,4.2608723640441895,4.260859966278076,12
lip-search-s144,/cephfs/home/mkairov/gradim/energy_shaping/runs/mix-N8-K2V2-V62_1M/energygradmem_llama_L4H4D256_mem8_K2_ilr0.4_energy_lip0.003_L5_msearch1.0_n4_r0.25_gainema0.99_mingain0.3_grad_second_stepalign0.1_iread0.1_bs_64_lr_1e-04_fp32_init_plateau/run_2/checkpoint-136000,4,8,3.0,-1.5,761.5537719726562,-31.377187728881836,4.395112991333008,4.395101070404053,12
lip-search-s144,/cephfs/home/mkairov/gradim/energy_shaping/runs/mix-N8-K2V2-V62_1M/energygradmem_llama_L4H4D256_mem8_K2_ilr0.4_energy_lip0.003_L5_msearch1.0_n4_r0.25_gainema0.99_mingain0.3_grad_second_stepalign0.1_iread0.1_bs_64_lr_1e-04_fp32_init_plateau/run_2/checkpoint-136000,4,8,-3.0,-1.0,784.1591186523438,-8.77184009552002,3.3879127502441406,3.3879003524780273,12
lip-search-s144,/cephfs/home/mkairov/gradim/energy_shaping/runs/mix-N8-K2V2-V62_1M/energygradmem_llama_L4H4D256_mem8_K2_ilr0.4_energy_lip0.003_L5_msearch1.0_n4_r0.25_gainema0.99_mingain0.3_grad_second_stepalign0.1_iread0.1_bs_64_lr_1e-04_fp32_init_plateau/run_2/checkpoint-136000,4,8,-2.5,-1.0,788.5529174804688,-4.378011226654053,3.3137476444244385,3.3137357234954834,12
lip-search-s144,/cephfs/home/mkairov/gradim/energy_shaping/runs/mix-N8-K2V2-V62_1M/energygradmem_llama_L4H4D256_mem8_K2_ilr0.4_energy_lip0.003_L5_msearch1.0_n4_r0.25_gainema0.99_mingain0.3_grad_second_stepalign0.1_iread0.1_bs_64_lr_1e-04_fp32_init_plateau/run_2/checkpoint-136000,4,8,-2.0,-1.0,789.0048217773438,-3.9260966777801514,3.277076482772827,3.277064561843872,12
lip-search-s144,/cephfs/home/mkairov/gradim/energy_shaping/runs/mix-N8-K2V2-V62_1M/energygradmem_llama_L4H4D256_mem8_K2_ilr0.4_energy_lip0.003_L5_msearch1.0_n4_r0.25_gainema0.99_mingain0.3_grad_second_stepalign0.1_iread0.1_bs_64_lr_1e-04_fp32_init_plateau/run_2/checkpoint-136000,4,8,-1.5,-1.0,789.9579467773438,-2.9729716777801514,2.7265892028808594,2.7265775203704834,12
lip-search-s144,/cephfs/home/mkairov/gradim/energy_shaping/runs/mix-N8-K2V2-V62_1M/energygradmem_llama_L4H4D256_mem8_K2_ilr0.4_energy_lip0.003_L5_msearch1.0_n4_r0.25_gainema0.99_mingain0.3_grad_second_stepalign0.1_iread0.1_bs_64_lr_1e-04_fp32_init_plateau/run_2/checkpoint-136000,4,8,-1.0,-1.0,788.9424438476562,-3.9884490966796875,2.271338939666748,2.271326780319214,12
lip-search-s144,/cephfs/home/mkairov/gradim/energy_shaping/runs/mix-N8-K2V2-V62_1M/energygradmem_llama_L4H4D256_mem8_K2_ilr0.4_energy_lip0.003_L5_msearch1.0_n4_r0.25_gainema0.99_mingain0.3_grad_second_stepalign0.1_iread0.1_bs_64_lr_1e-04_fp32_init_plateau/run_2/checkpoint-136000,4,8,-0.5,-1.0,767.3556518554688,-25.575292587280273,1.6478642225265503,1.6478520631790161,12
lip-search-s144,/cephfs/home/mkairov/gradim/energy_shaping/runs/mix-N8-K2V2-V62_1M/energygradmem_llama_L4H4D256_mem8_K2_ilr0.4_energy_lip0.003_L5_msearch1.0_n4_r0.25_gainema0.99_mingain0.3_grad_second_stepalign0.1_iread0.1_bs_64_lr_1e-04_fp32_init_plateau/run_2/checkpoint-136000,4,8,0.0,-1.0,790.6857299804688,-2.2452850341796875,1.7061506509780884,1.7061387300491333,12
lip-search-s144,/cephfs/home/mkairov/gradim/energy_shaping/runs/mix-N8-K2V2-V62_1M/energygradmem_llama_L4H4D256_mem8_K2_ilr0.4_energy_lip0.003_L5_msearch1.0_n4_r0.25_gainema0.99_mingain0.3_grad_second_stepalign0.1_iread0.1_bs_64_lr_1e-04_fp32_init_plateau/run_2/checkpoint-136000,4,8,0.5,-1.0,790.2677612304688,-2.663172483444214,1.7953304052352905,1.7953182458877563,12
lip-search-s144,/cephfs/home/mkairov/gradim/energy_shaping/runs/mix-N8-K2V2-V62_1M/energygradmem_llama_L4H4D256_mem8_K2_ilr0.4_energy_lip0.003_L5_msearch1.0_n4_r0.25_gainema0.99_mingain0.3_grad_second_stepalign0.1_iread0.1_bs_64_lr_1e-04_fp32_init_plateau/run_2/checkpoint-136000,4,8,1.0,-1.0,787.5234985351562,-5.4073944091796875,2.4039158821105957,2.4039039611816406,12
lip-search-s144,/cephfs/home/mkairov/gradim/energy_shaping/runs/mix-N8-K2V2-V62_1M/energygradmem_llama_L4H4D256_mem8_K2_ilr0.4_energy_lip0.003_L5_msearch1.0_n4_r0.25_gainema0.99_mingain0.3_grad_second_stepalign0.1_iread0.1_bs_64_lr_1e-04_fp32_init_plateau/run_2/checkpoint-136000,4,8,1.5,-1.0,785.6179809570312,-7.31292200088501,2.8760406970977783,2.8760287761688232,12
lip-search-s144,/cephfs/home/mkairov/gradim/energy_shaping/runs/mix-N8-K2V2-V62_1M/energygradmem_llama_L4H4D256_mem8_K2_ilr0.4_energy_lip0.003_L5_msearch1.0_n4_r0.25_gainema0.99_mingain0.3_grad_second_stepalign0.1_iread0.1_bs_64_lr_1e-04_fp32_init_plateau/run_2/checkpoint-136000,4,8,2.0,-1.0,778.7035522460938,-14.227320671081543,3.5740909576416016,3.5740787982940674,12
lip-search-s144,/cephfs/home/mkairov/gradim/energy_shaping/runs/mix-N8-K2V2-V62_1M/energygradmem_llama_L4H4D256_mem8_K2_ilr0.4_energy_lip0.003_L5_msearch1.0_n4_r0.25_gainema0.99_mingain0.3_grad_second_stepalign0.1_iread0.1_bs_64_lr_1e-04_fp32_init_plateau/run_2/checkpoint-136000,4,8,2.5,-1.0,778.65966796875,-14.27129077911377,4.325250625610352,4.325239181518555,12
lip-search-s144,/cephfs/home/mkairov/gradim/energy_shaping/runs/mix-N8-K2V2-V62_1M/energygradmem_llama_L4H4D256_mem8_K2_ilr0.4_energy_lip0.003_L5_msearch1.0_n4_r0.25_gainema0.99_mingain0.3_grad_second_stepalign0.1_iread0.1_bs_64_lr_1e-04_fp32_init_plateau/run_2/checkpoint-136000,4,8,3.0,-1.0,760.0519409179688,-32.87900924682617,4.538808822631836,4.538796901702881,12
lip-search-s144,/cephfs/home/mkairov/gradim/energy_shaping/runs/mix-N8-K2V2-V62_1M/energygradmem_llama_L4H4D256_mem8_K2_ilr0.4_energy_lip0.003_L5_msearch1.0_n4_r0.25_gainema0.99_mingain0.3_grad_second_stepalign0.1_iread0.1_bs_64_lr_1e-04_fp32_init_plateau/run_2/checkpoint-136000,4,8,-3.0,-0.5,791.9189453125,-1.0119882822036743,3.2572834491729736,3.2572715282440186,12
lip-search-s144,/cephfs/home/mkairov/gradim/energy_shaping/runs/mix-N8-K2V2-V62_1M/energygradmem_llama_L4H4D256_mem8_K2_ilr0.4_energy_lip0.003_L5_msearch1.0_n4_r0.25_gainema0.99_mingain0.3_grad_second_stepalign0.1_iread0.1_bs_64_lr_1e-04_fp32_init_plateau/run_2/checkpoint-136000,4,8,-2.5,-0.5,790.6871948242188,-2.2437641620635986,3.3800621032714844,3.380049705505371,12
lip-search-s144,/cephfs/home/mkairov/gradim/energy_shaping/runs/mix-N8-K2V2-V62_1M/energygradmem_llama_L4H4D256_mem8_K2_ilr0.4_energy_lip0.003_L5_msearch1.0_n4_r0.25_gainema0.99_mingain0.3_grad_second_stepalign0.1_iread0.1_bs_64_lr_1e-04_fp32_init_plateau/run_2/checkpoint-136000,4,8,-2.0,-0.5,788.1349487304688,-4.795877933502197,3.3800973892211914,3.3800852298736572,12
lip-search-s144,/cephfs/home/mkairov/gradim/energy_shaping/runs/mix-N8-K2V2-V62_1M/energygradmem_llama_L4H4D256_mem8_K2_ilr0.4_energy_lip0.003_L5_msearch1.0_n4_r0.25_gainema0.99_mingain0.3_grad_second_stepalign0.1_iread0.1_bs_64_lr_1e-04_fp32_init_plateau/run_2/checkpoint-136000,4,8,-1.5,-0.5,789.6253051757812,-3.3055877685546875,3.018787384033203,3.018775701522827,12
lip-search-s144,/cephfs/home/mkairov/gradim/energy_shaping/runs/mix-N8-K2V2-V62_1M/energygradmem_llama_L4H4D256_mem8_K2_ilr0.4_energy_lip0.003_L5_msearch1.0_n4_r0.25_gainema0.99_mingain0.3_grad_second_stepalign0.1_iread0.1_bs_64_lr_1e-04_fp32_init_plateau/run_2/checkpoint-136000,4,8,-1.0,-0.5,788.5645141601562,-4.366292476654053,2.711888074874878,2.711876153945923,12
lip-search-s144,/cephfs/home/mkairov/gradim/energy_shaping/runs/mix-N8-K2V2-V62_1M/energygradmem_llama_L4H4D256_mem8_K2_ilr0.4_energy_lip0.003_L5_msearch1.0_n4_r0.25_gainema0.99_mingain0.3_grad_second_stepalign0.1_iread0.1_bs_64_lr_1e-04_fp32_init_plateau/run_2/checkpoint-136000,4,8,-0.5,-0.5,777.327880859375,-15.602996826171875,1.5850449800491333,1.5850330591201782,12
lip-search-s144,/cephfs/home/mkairov/gradim/energy_shaping/runs/mix-N8-K2V2-V62_1M/energygradmem_llama_L4H4D256_mem8_K2_ilr0.4_energy_lip0.003_L5_msearch1.0_n4_r0.25_gainema0.99_mingain0.3_grad_second_stepalign0.1_iread0.1_bs_64_lr_1e-04_fp32_init_plateau/run_2/checkpoint-136000,4,8,0.0,-0.5,790.982177734375,-1.9487661123275757,1.308860421180725,1.3088486194610596,12
lip-search-s144,/cephfs/home/mkairov/gradim/energy_shaping/runs/mix-N8-K2V2-V62_1M/energygradmem_llama_L4H4D256_mem8_K2_ilr0.4_energy_lip0.003_L5_msearch1.0_n4_r0.25_gainema0.99_mingain0.3_grad_second_stepalign0.1_iread0.1_bs_64_lr_1e-04_fp32_init_plateau/run_2/checkpoint-136000,4,8,0.5,-0.5,786.9508666992188,-5.97998046875,2.0050017833709717,2.0049898624420166,12
lip-search-s144,/cephfs/home/mkairov/gradim/energy_shaping/runs/mix-N8-K2V2-V62_1M/energygradmem_llama_L4H4D256_mem8_K2_ilr0.4_energy_lip0.003_L5_msearch1.0_n4_r0.25_gainema0.99_mingain0.3_grad_second_stepalign0.1_iread0.1_bs_64_lr_1e-04_fp32_init_plateau/run_2/checkpoint-136000,4,8,1.0,-0.5,783.3335571289062,-9.59722900390625,2.347229242324829,2.347217321395874,12
lip-search-s144,/cephfs/home/mkairov/gradim/energy_shaping/runs/mix-N8-K2V2-V62_1M/energygradmem_llama_L4H4D256_mem8_K2_ilr0.4_energy_lip0.003_L5_msearch1.0_n4_r0.25_gainema0.99_mingain0.3_grad_second_stepalign0.1_iread0.1_bs_64_lr_1e-04_fp32_init_plateau/run_2/checkpoint-136000,4,8,1.5,-0.5,782.70166015625,-10.229191780090332,2.7625443935394287,2.7625322341918945,12
lip-search-s144,/cephfs/home/mkairov/gradim/energy_shaping/runs/mix-N8-K2V2-V62_1M/energygradmem_llama_L4H4D256_mem8_K2_ilr0.4_energy_lip0.003_L5_msearch1.0_n4_r0.25_gainema0.99_mingain0.3_grad_second_stepalign0.1_iread0.1_bs_64_lr_1e-04_fp32_init_plateau/run_2/checkpoint-136000,4,8,2.0,-0.5,777.619384765625,-15.311508178710938,3.827514410018921,3.8275022506713867,12
lip-search-s144,/cephfs/home/mkairov/gradim/energy_shaping/runs/mix-N8-K2V2-V62_1M/energygradmem_llama_L4H4D256_mem8_K2_ilr0.4_energy_lip0.003_L5_msearch1.0_n4_r0.25_gainema0.99_mingain0.3_grad_second_stepalign0.1_iread0.1_bs_64_lr_1e-04_fp32_init_plateau/run_2/checkpoint-136000,4,8,2.5,-0.5,777.800048828125,-15.130844116210938,4.026381015777588,4.026369094848633,12
lip-search-s144,/cephfs/home/mkairov/gradim/energy_shaping/runs/mix-N8-K2V2-V62_1M/energygradmem_llama_L4H4D256_mem8_K2_ilr0.4_energy_lip0.003_L5_msearch1.0_n4_r0.25_gainema0.99_mingain0.3_grad_second_stepalign0.1_iread0.1_bs_64_lr_1e-04_fp32_init_plateau/run_2/checkpoint-136000,4,8,3.0,-0.5,758.427001953125,-34.50388717651367,4.167150974273682,4.167138576507568,12
lip-search-s144,/cephfs/home/mkairov/gradim/energy_shaping/runs/mix-N8-K2V2-V62_1M/energygradmem_llama_L4H4D256_mem8_K2_ilr0.4_energy_lip0.003_L5_msearch1.0_n4_r0.25_gainema0.99_mingain0.3_grad_second_stepalign0.1_iread0.1_bs_64_lr_1e-04_fp32_init_plateau/run_2/checkpoint-136000,4,8,-3.0,0.0,791.1430053710938,-1.787872314453125,2.608353853225708,2.6083414554595947,12
lip-search-s144,/cephfs/home/mkairov/gradim/energy_shaping/runs/mix-N8-K2V2-V62_1M/energygradmem_llama_L4H4D256_mem8_K2_ilr0.4_energy_lip0.003_L5_msearch1.0_n4_r0.25_gainema0.99_mingain0.3_grad_second_stepalign0.1_iread0.1_bs_64_lr_1e-04_fp32_init_plateau/run_2/checkpoint-136000,4,8,-2.5,0.0,791.2241821289062,-1.7067056894302368,2.6545393466949463,2.654527425765991,12
lip-search-s144,/cephfs/home/mkairov/gradim/energy_shaping/runs/mix-N8-K2V2-V62_1M/energygradmem_llama_L4H4D256_mem8_K2_ilr0.4_energy_lip0.003_L5_msearch1.0_n4_r0.25_gainema0.99_mingain0.3_grad_second_stepalign0.1_iread0.1_bs_64_lr_1e-04_fp32_init_plateau/run_2/checkpoint-136000,4,8,-2.0,0.0,783.8821411132812,-9.0487060546875,2.7254903316497803,2.725478172302246,12
lip-search-s144,/cephfs/home/mkairov/gradim/energy_shaping/runs/mix-N8-K2V2-V62_1M/energygradmem_llama_L4H4D256_mem8_K2_ilr0.4_energy_lip0.003_L5_msearch1.0_n4_r0.25_gainema0.99_mingain0.3_grad_second_stepalign0.1_iread0.1_bs_64_lr_1e-04_fp32_init_plateau/run_2/checkpoint-136000,4,8,-1.5,0.0,782.7470092773438,-10.183975219726562,3.2317330837249756,3.2317209243774414,12
lip-search-s144,/cephfs/home/mkairov/gradim/energy_shaping/runs/mix-N8-K2V2-V62_1M/energygradmem_llama_L4H4D256_mem8_K2_ilr0.4_energy_lip0.003_L5_msearch1.0_n4_r0.25_gainema0.99_mingain0.3_grad_second_stepalign0.1_iread0.1_bs_64_lr_1e-04_fp32_init_plateau/run_2/checkpoint-136000,4,8,-1.0,0.0,788.0902709960938,-4.840672969818115,3.1182634830474854,3.1182515621185303,12
lip-search-s144,/cephfs/home/mkairov/gradim/energy_shaping/runs/mix-N8-K2V2-V62_1M/energygradmem_llama_L4H4D256_mem8_K2_ilr0.4_energy_lip0.003_L5_msearch1.0_n4_r0.25_gainema0.99_mingain0.3_grad_second_stepalign0.1_iread0.1_bs_64_lr_1e-04_fp32_init_plateau/run_2/checkpoint-136000,4,8,-0.5,0.0,776.4402465820312,-16.4905948638916,2.7307674884796143,2.730755567550659,12
lip-search-s144,/cephfs/home/mkairov/gradim/energy_shaping/runs/mix-N8-K2V2-V62_1M/energygradmem_llama_L4H4D256_mem8_K2_ilr0.4_energy_lip0.003_L5_msearch1.0_n4_r0.25_gainema0.99_mingain0.3_grad_second_stepalign0.1_iread0.1_bs_64_lr_1e-04_fp32_init_plateau/run_2/checkpoint-136000,4,8,0.0,0.0,792.9308471679688,0.0,1.2005903954559471e-05,0.0,12
lip-search-s144,/cephfs/home/mkairov/gradim/energy_shaping/runs/mix-N8-K2V2-V62_1M/energygradmem_llama_L4H4D256_mem8_K2_ilr0.4_energy_lip0.003_L5_msearch1.0_n4_r0.25_gainema0.99_mingain0.3_grad_second_stepalign0.1_iread0.1_bs_64_lr_1e-04_fp32_init_plateau/run_2/checkpoint-136000,4,8,0.5,0.0,769.0933227539062,-23.837509155273438,1.6858400106430054,1.6858278512954712,12
lip-search-s144,/cephfs/home/mkairov/gradim/energy_shaping/runs/mix-N8-K2V2-V62_1M/energygradmem_llama_L4H4D256_mem8_K2_ilr0.4_energy_lip0.003_L5_msearch1.0_n4_r0.25_gainema0.99_mingain0.3_grad_second_stepalign0.1_iread0.1_bs_64_lr_1e-04_fp32_init_plateau/run_2/checkpoint-136000,4,8,1.0,0.0,779.4464721679688,-13.484492301940918,1.9014800786972046,1.9014679193496704,12
lip-search-s144,/cephfs/home/mkairov/gradim/energy_shaping/runs/mix-N8-K2V2-V62_1M/energygradmem_llama_L4H4D256_mem8_K2_ilr0.4_energy_lip0.003_L5_msearch1.0_n4_r0.25_gainema0.99_mingain0.3_grad_second_stepalign0.1_iread0.1_bs_64_lr_1e-04_fp32_init_plateau/run_2/checkpoint-136000,4,8,1.5,0.0,779.584716796875,-13.346217155456543,2.082695960998535,2.08268404006958,12
lip-search-s144,/cephfs/home/mkairov/gradim/energy_shaping/runs/mix-N8-K2V2-V62_1M/energygradmem_llama_L4H4D256_mem8_K2_ilr0.4_energy_lip0.003_L5_msearch1.0_n4_r0.25_gainema0.99_mingain0.3_grad_second_stepalign0.1_iread0.1_bs_64_lr_1e-04_fp32_init_plateau/run_2/checkpoint-136000,4,8,2.0,0.0,776.869384765625,-16.0615234375,2.761916160583496,2.76190447807312,12
lip-search-s144,/cephfs/home/mkairov/gradim/energy_shaping/runs/mix-N8-K2V2-V62_1M/energygradmem_llama_L4H4D256_mem8_K2_ilr0.4_energy_lip0.003_L5_msearch1.0_n4_r0.25_gainema0.99_mingain0.3_grad_second_stepalign0.1_iread0.1_bs_64_lr_1e-04_fp32_init_plateau/run_2/checkpoint-136000,4,8,2.5,0.0,776.884521484375,-16.046316146850586,3.092083215713501,3.0920708179473877,12
lip-search-s144,/cephfs/home/mkairov/gradim/energy_shaping/runs/mix-N8-K2V2-V62_1M/energygradmem_llama_L4H4D256_mem8_K2_ilr0.4_energy_lip0.003_L5_msearch1.0_n4_r0.25_gainema0.99_mingain0.3_grad_second_stepalign0.1_iread0.1_bs_64_lr_1e-04_fp32_init_plateau/run_2/checkpoint-136000,4,8,3.0,0.0,758.650390625,-34.280574798583984,3.2884104251861572,3.288398504257202,12
lip-search-s144,/cephfs/home/mkairov/gradim/energy_shaping/runs/mix-N8-K2V2-V62_1M/energygradmem_llama_L4H4D256_mem8_K2_ilr0.4_energy_lip0.003_L5_msearch1.0_n4_r0.25_gainema0.99_mingain0.3_grad_second_stepalign0.1_iread0.1_bs_64_lr_1e-04_fp32_init_plateau/run_2/checkpoint-136000,4,8,-3.0,0.5,787.4876098632812,-5.4433135986328125,3.3087375164031982,3.308725595474243,12
lip-search-s144,/cephfs/home/mkairov/gradim/energy_shaping/runs/mix-N8-K2V2-V62_1M/energygradmem_llama_L4H4D256_mem8_K2_ilr0.4_energy_lip0.003_L5_msearch1.0_n4_r0.25_gainema0.99_mingain0.3_grad_second_stepalign0.1_iread0.1_bs_64_lr_1e-04_fp32_init_plateau/run_2/checkpoint-136000,4,8,-2.5,0.5,787.7960815429688,-5.1348114013671875,2.9555132389068604,2.9555015563964844,12
lip-search-s144,/cephfs/home/mkairov/gradim/energy_shaping/runs/mix-N8-K2V2-V62_1M/energygradmem_llama_L4H4D256_mem8_K2_ilr0.4_energy_lip0.003_L5_msearch1.0_n4_r0.25_gainema0.99_mingain0.3_grad_second_stepalign0.1_iread0.1_bs_64_lr_1e-04_fp32_init_plateau/run_2/checkpoint-136000,4,8,-2.0,0.5,782.0634155273438,-10.86749267578125,2.811182737350464,2.8111705780029297,12
lip-search-s144,/cephfs/home/mkairov/gradim/energy_shaping/runs/mix-N8-K2V2-V62_1M/energygradmem_llama_L4H4D256_mem8_K2_ilr0.4_energy_lip0.003_L5_msearch1.0_n4_r0.25_gainema0.99_mingain0.3_grad_second_stepalign0.1_iread0.1_bs_64_lr_1e-04_fp32_init_plateau/run_2/checkpoint-136000,4,8,-1.5,0.5,780.2301635742188,-12.700749397277832,2.8662188053131104,2.8662071228027344,12
lip-search-s144,/cephfs/home/mkairov/gradim/energy_shaping/runs/mix-N8-K2V2-V62_1M/energygradmem_llama_L4H4D256_mem8_K2_ilr0.4_energy_lip0.003_L5_msearch1.0_n4_r0.25_gainema0.99_mingain0.3_grad_second_stepalign0.1_iread0.1_bs_64_lr_1e-04_fp32_init_plateau/run_2/checkpoint-136000,4,8,-1.0,0.5,783.9317016601562,-8.999211311340332,2.599355936050415,2.59934401512146,12
lip-search-s144,/cephfs/home/mkairov/gradim/energy_shaping/runs/mix-N8-K2V2-V62_1M/energygradmem_llama_L4H4D256_mem8_K2_ilr0.4_energy_lip0.003_L5_msearch1.0_n4_r0.25_gainema0.99_mingain0.3_grad_second_stepalign0.1_iread0.1_bs_64_lr_1e-04_fp32_init_plateau/run_2/checkpoint-136000,4,8,-0.5,0.5,783.6492309570312,-9.281712532043457,1.8594416379928589,1.8594298362731934,12
lip-search-s144,/cephfs/home/mkairov/gradim/energy_shaping/runs/mix-N8-K2V2-V62_1M/energygradmem_llama_L4H4D256_mem8_K2_ilr0.4_energy_lip0.003_L5_msearch1.0_n4_r0.25_gainema0.99_mingain0.3_grad_second_stepalign0.1_iread0.1_bs_64_lr_1e-04_fp32_init_plateau/run_2/checkpoint-136000,4,8,0.0,0.5,792.1964721679688,-0.7345072627067566,1.1412360668182373,1.1412241458892822,12
lip-search-s144,/cephfs/home/mkairov/gradim/energy_shaping/runs/mix-N8-K2V2-V62_1M/energygradmem_llama_L4H4D256_mem8_K2_ilr0.4_energy_lip0.003_L5_msearch1.0_n4_r0.25_gainema0.99_mingain0.3_grad_second_stepalign0.1_iread0.1_bs_64_lr_1e-04_fp32_init_plateau/run_2/checkpoint-136000,4,8,0.5,0.5,790.2183227539062,-2.7126007080078125,1.9444912672042847,1.9444791078567505,12
lip-search-s144,/cephfs/home/mkairov/gradim/energy_shaping/runs/mix-N8-K2V2-V62_1M/energygradmem_llama_L4H4D256_mem8_K2_ilr0.4_energy_lip0.003_L5_msearch1.0_n4_r0.25_gainema0.99_mingain0.3_grad_second_stepalign0.1_iread0.1_bs_64_lr_1e-04_fp32_init_plateau/run_2/checkpoint-136000,4,8,1.0,0.5,787.2631225585938,-5.6678314208984375,2.0067341327667236,2.0067222118377686,12
lip-search-s144,/cephfs/home/mkairov/gradim/energy_shaping/runs/mix-N8-K2V2-V62_1M/energygradmem_llama_L4H4D256_mem8_K2_ilr0.4_energy_lip0.003_L5_msearch1.0_n4_r0.25_gainema0.99_mingain0.3_grad_second_stepalign0.1_iread0.1_bs_64_lr_1e-04_fp32_init_plateau/run_2/checkpoint-136000,4,8,1.5,0.5,782.8348999023438,-10.09599781036377,2.16496205329895,2.164950370788574,12
lip-search-s144,/cephfs/home/mkairov/gradim/energy_shaping/runs/mix-N8-K2V2-V62_1M/energygradmem_llama_L4H4D256_mem8_K2_ilr0.4_energy_lip0.003_L5_msearch1.0_n4_r0.25_gainema0.99_mingain0.3_grad_second_stepalign0.1_iread0.1_bs_64_lr_1e-04_fp32_init_plateau/run_2/checkpoint-136000,4,8,2.0,0.5,778.3176879882812,-14.613215446472168,2.7938897609710693,2.793877601623535,12
lip-search-s144,/cephfs/home/mkairov/gradim/energy_shaping/runs/mix-N8-K2V2-V62_1M/energygradmem_llama_L4H4D256_mem8_K2_ilr0.4_energy_lip0.003_L5_msearch1.0_n4_r0.25_gainema0.99_mingain0.3_grad_second_stepalign0.1_iread0.1_bs_64_lr_1e-04_fp32_init_plateau/run_2/checkpoint-136000,4,8,2.5,0.5,778.28662109375,-14.644287109375,3.2648372650146484,3.2648255825042725,12
lip-search-s144,/cephfs/home/mkairov/gradim/energy_shaping/runs/mix-N8-K2V2-V62_1M/energygradmem_llama_L4H4D256_mem8_K2_ilr0.4_energy_lip0.003_L5_msearch1.0_n4_r0.25_gainema0.99_mingain0.3_grad_second_stepalign0.1_iread0.1_bs_64_lr_1e-04_fp32_init_plateau/run_2/checkpoint-136000,4,8,3.0,0.5,760.4055786132812,-32.52529525756836,3.325650215148926,3.32563853263855,12
lip-search-s144,/cephfs/home/mkairov/gradim/energy_shaping/runs/mix-N8-K2V2-V62_1M/energygradmem_llama_L4H4D256_mem8_K2_ilr0.4_energy_lip0.003_L5_msearch1.0_n4_r0.25_gainema0.99_mingain0.3_grad_second_stepalign0.1_iread0.1_bs_64_lr_1e-04_fp32_init_plateau/run_2/checkpoint-136000,4,8,-3.0,1.0,788.2553100585938,-4.67559289932251,2.841658353805542,2.841646194458008,12
lip-search-s144,/cephfs/home/mkairov/gradim/energy_shaping/runs/mix-N8-K2V2-V62_1M/energygradmem_llama_L4H4D256_mem8_K2_ilr0.4_energy_lip0.003_L5_msearch1.0_n4_r0.25_gainema0.99_mingain0.3_grad_second_stepalign0.1_iread0.1_bs_64_lr_1e-04_fp32_init_plateau/run_2/checkpoint-136000,4,8,-2.5,1.0,789.341796875,-3.5890300273895264,2.954693555831909,2.954681634902954,12
lip-search-s144,/cephfs/home/mkairov/gradim/energy_shaping/runs/mix-N8-K2V2-V62_1M/energygradmem_llama_L4H4D256_mem8_K2_ilr0.4_energy_lip0.003_L5_msearch1.0_n4_r0.25_gainema0.99_mingain0.3_grad_second_stepalign0.1_iread0.1_bs_64_lr_1e-04_fp32_init_plateau/run_2/checkpoint-136000,4,8,-2.0,1.0,782.5697631835938,-10.361124992370605,2.9191439151763916,2.9191319942474365,12
lip-search-s144,/cephfs/home/mkairov/gradim/energy_shaping/runs/mix-N8-K2V2-V62_1M/energygradmem_llama_L4H4D256_mem8_K2_ilr0.4_energy_lip0.003_L5_msearch1.0_n4_r0.25_gainema0.99_mingain0.3_grad_second_stepalign0.1_iread0.1_bs_64_lr_1e-04_fp32_init_plateau/run_2/checkpoint-136000,4,8,-1.5,1.0,780.1318359375,-12.799107551574707,2.820577383041382,2.8205654621124268,12
lip-search-s144,/cephfs/home/mkairov/gradim/energy_shaping/runs/mix-N8-K2V2-V62_1M/energygradmem_llama_L4H4D256_mem8_K2_ilr0.4_energy_lip0.003_L5_msearch1.0_n4_r0.25_gainema0.99_mingain0.3_grad_second_stepalign0.1_iread0.1_bs_64_lr_1e-04_fp32_init_plateau/run_2/checkpoint-136000,4,8,-1.0,1.0,782.3267211914062,-10.604095458984375,2.4033591747283936,2.4033472537994385,12
lip-search-s144,/cephfs/home/mkairov/gradim/energy_shaping/runs/mix-N8-K2V2-V62_1M/energygradmem_llama_L4H4D256_mem8_K2_ilr0.4_energy_lip0.003_L5_msearch1.0_n4_r0.25_gainema0.99_mingain0.3_grad_second_stepalign0.1_iread0.1_bs_64_lr_1e-04_fp32_init_plateau/run_2/checkpoint-136000,4,8,-0.5,1.0,784.8344116210938,-8.09650707244873,1.3006268739700317,1.3006149530410767,12
lip-search-s144,/cephfs/home/mkairov/gradim/energy_shaping/runs/mix-N8-K2V2-V62_1M/energygradmem_llama_L4H4D256_mem8_K2_ilr0.4_energy_lip0.003_L5_msearch1.0_n4_r0.25_gainema0.99_mingain0.3_grad_second_stepalign0.1_iread0.1_bs_64_lr_1e-04_fp32_init_plateau/run_2/checkpoint-136000,4,8,0.0,1.0,792.5266723632812,-0.4042561948299408,1.4782605171203613,1.4782485961914062,12
lip-search-s144,/cephfs/home/mkairov/gradim/energy_shaping/runs/mix-N8-K2V2-V62_1M/energygradmem_llama_L4H4D256_mem8_K2_ilr0.4_energy_lip0.003_L5_msearch1.0_n4_r0.25_gainema0.99_mingain0.3_grad_second_stepalign0.1_iread0.1_bs_64_lr_1e-04_fp32_init_plateau/run_2/checkpoint-136000,4,8,0.5,1.0,791.0847778320312,-1.8461862802505493,1.9910969734191895,1.991085171699524,12
lip-search-s144,/cephfs/home/mkairov/gradim/energy_shaping/runs/mix-N8-K2V2-V62_1M/energygradmem_llama_L4H4D256_mem8_K2_ilr0.4_energy_lip0.003_L5_msearch1.0_n4_r0.25_gainema0.99_mingain0.3_grad_second_stepalign0.1_iread0.1_bs_64_lr_1e-04_fp32_init_plateau/run_2/checkpoint-136000,4,8,1.0,1.0,790.3348999023438,-2.5960845947265625,2.2132530212402344,2.2132411003112793,12
lip-search-s144,/cephfs/home/mkairov/gradim/energy_shaping/runs/mix-N8-K2V2-V62_1M/energygradmem_llama_L4H4D256_mem8_K2_ilr0.4_energy_lip0.003_L5_msearch1.0_n4_r0.25_gainema0.99_mingain0.3_grad_second_stepalign0.1_iread0.1_bs_64_lr_1e-04_fp32_init_plateau/run_2/checkpoint-136000,4,8,1.5,1.0,785.794677734375,-7.1362152099609375,2.4563162326812744,2.4563043117523193,12
lip-search-s144,/cephfs/home/mkairov/gradim/energy_shaping/runs/mix-N8-K2V2-V62_1M/energygradmem_llama_L4H4D256_mem8_K2_ilr0.4_energy_lip0.003_L5_msearch1.0_n4_r0.25_gainema0.99_mingain0.3_grad_second_stepalign0.1_iread0.1_bs_64_lr_1e-04_fp32_init_plateau/run_2/checkpoint-136000,4,8,2.0,1.0,780.7625122070312,-12.168365478515625,2.989112138748169,2.989100217819214,12
lip-search-s144,/cephfs/home/mkairov/gradim/energy_shaping/runs/mix-N8-K2V2-V62_1M/energygradmem_llama_L4H4D256_mem8_K2_ilr0.4_energy_lip0.003_L5_msearch1.0_n4_r0.25_gainema0.99_mingain0.3_grad_second_stepalign0.1_iread0.1_bs_64_lr_1e-04_fp32_init_plateau/run_2/checkpoint-136000,4,8,2.5,1.0,780.3494262695312,-12.5814208984375,3.620891809463501,3.620880126953125,12
lip-search-s144,/cephfs/home/mkairov/gradim/energy_shaping/runs/mix-N8-K2V2-V62_1M/energygradmem_llama_L4H4D256_mem8_K2_ilr0.4_energy_lip0.003_L5_msearch1.0_n4_r0.25_gainema0.99_mingain0.3_grad_second_stepalign0.1_iread0.1_bs_64_lr_1e-04_fp32_init_plateau/run_2/checkpoint-136000,4,8,3.0,1.0,765.8838500976562,-27.04703712463379,3.606757402420044,3.606745481491089,12
lip-search-s144,/cephfs/home/mkairov/gradim/energy_shaping/runs/mix-N8-K2V2-V62_1M/energygradmem_llama_L4H4D256_mem8_K2_ilr0.4_energy_lip0.003_L5_msearch1.0_n4_r0.25_gainema0.99_mingain0.3_grad_second_stepalign0.1_iread0.1_bs_64_lr_1e-04_fp32_init_plateau/run_2/checkpoint-136000,4,8,-3.0,1.5,789.474853515625,-3.4559733867645264,3.0354397296905518,3.0354278087615967,12
lip-search-s144,/cephfs/home/mkairov/gradim/energy_shaping/runs/mix-N8-K2V2-V62_1M/energygradmem_llama_L4H4D256_mem8_K2_ilr0.4_energy_lip0.003_L5_msearch1.0_n4_r0.25_gainema0.99_mingain0.3_grad_second_stepalign0.1_iread0.1_bs_64_lr_1e-04_fp32_init_plateau/run_2/checkpoint-136000,4,8,-2.5,1.5,776.8297729492188,-16.101083755493164,3.1195805072784424,3.1195685863494873,12
lip-search-s144,/cephfs/home/mkairov/gradim/energy_shaping/runs/mix-N8-K2V2-V62_1M/energygradmem_llama_L4H4D256_mem8_K2_ilr0.4_energy_lip0.003_L5_msearch1.0_n4_r0.25_gainema0.99_mingain0.3_grad_second_stepalign0.1_iread0.1_bs_64_lr_1e-04_fp32_init_plateau/run_2/checkpoint-136000,4,8,-2.0,1.5,768.85888671875,-24.071985244750977,2.9431803226470947,2.9431684017181396,12
lip-search-s144,/cephfs/home/mkairov/gradim/energy_shaping/runs/mix-N8-K2V2-V62_1M/energygradmem_llama_L4H4D256_mem8_K2_ilr0.4_energy_lip0.003_L5_msearch1.0_n4_r0.25_gainema0.99_mingain0.3_grad_second_stepalign0.1_iread0.1_bs_64_lr_1e-04_fp32_init_plateau/run_2/checkpoint-136000,4,8,-1.5,1.5,768.8466796875,-24.08428382873535,2.8299100399017334,2.82989764213562,12
lip-search-s144,/cephfs/home/mkairov/gradim/energy_shaping/runs/mix-N8-K2V2-V62_1M/energygradmem_llama_L4H4D256_mem8_K2_ilr0.4_energy_lip0.003_L5_msearch1.0_n4_r0.25_gainema0.99_mingain0.3_grad_second_stepalign0.1_iread0.1_bs_64_lr_1e-04_fp32_init_plateau/run_2/checkpoint-136000,4,8,-1.0,1.5,777.0971069335938,-15.83385181427002,1.9532049894332886,1.9531928300857544,12
lip-search-s144,/cephfs/home/mkairov/gradim/energy_shaping/runs/mix-N8-K2V2-V62_1M/energygradmem_llama_L4H4D256_mem8_K2_ilr0.4_energy_lip0.003_L5_msearch1.0_n4_r0.25_gainema0.99_mingain0.3_grad_second_stepalign0.1_iread0.1_bs_64_lr_1e-04_fp32_init_plateau/run_2/checkpoint-136000,4,8,-0.5,1.5,783.6259155273438,-9.304977416992188,1.5402313470840454,1.5402194261550903,12
lip-search-s144,/cephfs/home/mkairov/gradim/energy_shaping/runs/mix-N8-K2V2-V62_1M/energygradmem_llama_L4H4D256_mem8_K2_ilr0.4_energy_lip0.003_L5_msearch1.0_n4_r0.25_gainema0.99_mingain0.3_grad_second_stepalign0.1_iread0.1_bs_64_lr_1e-04_fp32_init_plateau/run_2/checkpoint-136000,4,8,0.0,1.5,792.5453491210938,-0.3855641782283783,1.593546986579895,1.59353506565094,12
lip-search-s144,/cephfs/home/mkairov/gradim/energy_shaping/runs/mix-N8-K2V2-V62_1M/energygradmem_llama_L4H4D256_mem8_K2_ilr0.4_energy_lip0.003_L5_msearch1.0_n4_r0.25_gainema0.99_mingain0.3_grad_second_stepalign0.1_iread0.1_bs_64_lr_1e-04_fp32_init_plateau/run_2/checkpoint-136000,4,8,0.5,1.5,792.3857421875,-0.5451507568359375,1.5602879524230957,1.560275673866272,12
lip-search-s144,/cephfs/home/mkairov/gradim/energy_shaping/runs/mix-N8-K2V2-V62_1M/energygradmem_llama_L4H4D256_mem8_K2_ilr0.4_energy_lip0.003_L5_msearch1.0_n4_r0.25_gainema0.99_mingain0.3_grad_second_stepalign0.1_iread0.1_bs_64_lr_1e-04_fp32_init_plateau/run_2/checkpoint-136000,4,8,1.0,1.5,790.557373046875,-2.37353515625,2.1571433544158936,2.1571314334869385,12
lip-search-s144,/cephfs/home/mkairov/gradim/energy_shaping/runs/mix-N8-K2V2-V62_1M/energygradmem_llama_L4H4D256_mem8_K2_ilr0.4_energy_lip0.003_L5_msearch1.0_n4_r0.25_gainema0.99_mingain0.3_grad_second_stepalign0.1_iread0.1_bs_64_lr_1e-04_fp32_init_plateau/run_2/checkpoint-136000,4,8,1.5,1.5,786.7227172851562,-6.208155155181885,2.4318015575408936,2.4317896366119385,12
lip-search-s144,/cephfs/home/mkairov/gradim/energy_shaping/runs/mix-N8-K2V2-V62_1M/energygradmem_llama_L4H4D256_mem8_K2_ilr0.4_energy_lip0.003_L5_msearch1.0_n4_r0.25_gainema0.99_mingain0.3_grad_second_stepalign0.1_iread0.1_bs_64_lr_1e-04_fp32_init_plateau/run_2/checkpoint-136000,4,8,2.0,1.5,783.2974243164062,-9.633448600769043,2.995842695236206,2.9958302974700928,12
lip-search-s144,/cephfs/home/mkairov/gradim/energy_shaping/runs/mix-N8-K2V2-V62_1M/energygradmem_llama_L4H4D256_mem8_K2_ilr0.4_energy_lip0.003_L5_msearch1.0_n4_r0.25_gainema0.99_mingain0.3_grad_second_stepalign0.1_iread0.1_bs_64_lr_1e-04_fp32_init_plateau/run_2/checkpoint-136000,4,8,2.5,1.5,782.3136596679688,-10.617304801940918,3.651087522506714,3.651075601577759,12
lip-search-s144,/cephfs/home/mkairov/gradim/energy_shaping/runs/mix-N8-K2V2-V62_1M/energygradmem_llama_L4H4D256_mem8_K2_ilr0.4_energy_lip0.003_L5_msearch1.0_n4_r0.25_gainema0.99_mingain0.3_grad_second_stepalign0.1_iread0.1_bs_64_lr_1e-04_fp32_init_plateau/run_2/checkpoint-136000,4,8,3.0,1.5,779.8967895507812,-13.034062385559082,3.6015853881835938,3.6015737056732178,12
lip-search-s144,/cephfs/home/mkairov/gradim/energy_shaping/runs/mix-N8-K2V2-V62_1M/energygradmem_llama_L4H4D256_mem8_K2_ilr0.4_energy_lip0.003_L5_msearch1.0_n4_r0.25_gainema0.99_mingain0.3_grad_second_stepalign0.1_iread0.1_bs_64_lr_1e-04_fp32_init_plateau/run_2/checkpoint-136000,4,8,-3.0,2.0,782.46728515625,-10.463638305664062,2.955472946166992,2.955460786819458,12
lip-search-s144,/cephfs/home/mkairov/gradim/energy_shaping/runs/mix-N8-K2V2-V62_1M/energygradmem_llama_L4H4D256_mem8_K2_ilr0.4_energy_lip0.003_L5_msearch1.0_n4_r0.25_gainema0.99_mingain0.3_grad_second_stepalign0.1_iread0.1_bs_64_lr_1e-04_fp32_init_plateau/run_2/checkpoint-136000,4,8,-2.5,2.0,770.7212524414062,-22.209609985351562,2.961725950241089,2.961714029312134,12
lip-search-s144,/cephfs/home/mkairov/gradim/energy_shaping/runs/mix-N8-K2V2-V62_1M/energygradmem_llama_L4H4D256_mem8_K2_ilr0.4_energy_lip0.003_L5_msearch1.0_n4_r0.25_gainema0.99_mingain0.3_grad_second_stepalign0.1_iread0.1_bs_64_lr_1e-04_fp32_init_plateau/run_2/checkpoint-136000,4,8,-2.0,2.0,763.3923950195312,-29.53850746154785,2.858461380004883,2.8584492206573486,12
lip-search-s144,/cephfs/home/mkairov/gradim/energy_shaping/runs/mix-N8-K2V2-V62_1M/energygradmem_llama_L4H4D256_mem8_K2_ilr0.4_energy_lip0.003_L5_msearch1.0_n4_r0.25_gainema0.99_mingain0.3_grad_second_stepalign0.1_iread0.1_bs_64_lr_1e-04_fp32_init_plateau/run_2/checkpoint-136000,4,8,-1.5,2.0,759.63525390625,-33.29560089111328,2.166308641433716,2.1662967205047607,12
lip-search-s144,/cephfs/home/mkairov/gradim/energy_shaping/runs/mix-N8-K2V2-V62_1M/energygradmem_llama_L4H4D256_mem8_K2_ilr0.4_energy_lip0.003_L5_msearch1.0_n4_r0.25_gainema0.99_mingain0.3_grad_second_stepalign0.1_iread0.1_bs_64_lr_1e-04_fp32_init_plateau/run_2/checkpoint-136000,4,8,-1.0,2.0,768.392822265625,-24.538070678710938,2.091228723526001,2.091217279434204,12
lip-search-s144,/cephfs/home/mkairov/gradim/energy_shaping/runs/mix-N8-K2V2-V62_1M/energygradmem_llama_L4H4D256_mem8_K2_ilr0.4_energy_lip0.003_L5_msearch1.0_n4_r0.25_gainema0.99_mingain0.3_grad_second_stepalign0.1_iread0.1_bs_64_lr_1e-04_fp32_init_plateau/run_2/checkpoint-136000,4,8,-0.5,2.0,783.6034545898438,-9.327545166015625,2.1823439598083496,2.1823322772979736,12
lip-search-s144,/cephfs/home/mkairov/gradim/energy_shaping/runs/mix-N8-K2V2-V62_1M/energygradmem_llama_L4H4D256_mem8_K2_ilr0.4_energy_lip0.003_L5_msearch1.0_n4_r0.25_gainema0.99_mingain0.3_grad_second_stepalign0.1_iread0.1_bs_64_lr_1e-04_fp32_init_plateau/run_2/checkpoint-136000,4,8,0.0,2.0,792.5497436523438,-0.3811696469783783,1.9121826887130737,1.9121707677841187,12
lip-search-s144,/cephfs/home/mkairov/gradim/energy_shaping/runs/mix-N8-K2V2-V62_1M/energygradmem_llama_L4H4D256_mem8_K2_ilr0.4_energy_lip0.003_L5_msearch1.0_n4_r0.25_gainema0.99_mingain0.3_grad_second_stepalign0.1_iread0.1_bs_64_lr_1e-04_fp32_init_plateau/run_2/checkpoint-136000,4,8,0.5,2.0,792.609375,-0.321563720703125,1.9101940393447876,1.9101823568344116,12
lip-search-s144,/cephfs/home/mkairov/gradim/energy_shaping/runs/mix-N8-K2V2-V62_1M/energygradmem_llama_L4H4D256_mem8_K2_ilr0.4_energy_lip0.003_L5_msearch1.0_n4_r0.25_gainema0.99_mingain0.3_grad_second_stepalign0.1_iread0.1_bs_64_lr_1e-04_fp32_init_plateau/run_2/checkpoint-136000,4,8,1.0,2.0,791.3220825195312,-1.6087646484375,2.364361047744751,2.364349126815796,12
lip-search-s144,/cephfs/home/mkairov/gradim/energy_shaping/runs/mix-N8-K2V2-V62_1M/energygradmem_llama_L4H4D256_mem8_K2_ilr0.4_energy_lip0.003_L5_msearch1.0_n4_r0.25_gainema0.99_mingain0.3_grad_second_stepalign0.1_iread0.1_bs_64_lr_1e-04_fp32_init_plateau/run_2/checkpoint-136000,4,8,1.5,2.0,786.652099609375,-6.278768062591553,2.7463881969451904,2.746375799179077,12
lip-search-s144,/cephfs/home/mkairov/gradim/energy_shaping/runs/mix-N8-K2V2-V62_1M/energygradmem_llama_L4H4D256_mem8_K2_ilr0.4_energy_lip0.003_L5_msearch1.0_n4_r0.25_gainema0.99_mingain0.3_grad_second_stepalign0.1_iread0.1_bs_64_lr_1e-04_fp32_init_plateau/run_2/checkpoint-136000,4,8,2.0,2.0,783.8099975585938,-9.120976448059082,3.1807940006256104,3.1807823181152344,12
lip-search-s144,/cephfs/home/mkairov/gradim/energy_shaping/runs/mix-N8-K2V2-V62_1M/energygradmem_llama_L4H4D256_mem8_K2_ilr0.4_energy_lip0.003_L5_msearch1.0_n4_r0.25_gainema0.99_mingain0.3_grad_second_stepalign0.1_iread0.1_bs_64_lr_1e-04_fp32_init_plateau/run_2/checkpoint-136000,4,8,2.5,2.0,783.9264526367188,-9.004521369934082,3.7895123958587646,3.7895002365112305,12
lip-search-s144,/cephfs/home/mkairov/gradim/energy_shaping/runs/mix-N8-K2V2-V62_1M/energygradmem_llama_L4H4D256_mem8_K2_ilr0.4_energy_lip0.003_L5_msearch1.0_n4_r0.25_gainema0.99_mingain0.3_grad_second_stepalign0.1_iread0.1_bs_64_lr_1e-04_fp32_init_plateau/run_2/checkpoint-136000,4,8,3.0,2.0,782.5953979492188,-10.335525512695312,3.658837080001831,3.658824920654297,12
lip-search-s144,/cephfs/home/mkairov/gradim/energy_shaping/runs/mix-N8-K2V2-V62_1M/energygradmem_llama_L4H4D256_mem8_K2_ilr0.4_energy_lip0.003_L5_msearch1.0_n4_r0.25_gainema0.99_mingain0.3_grad_second_stepalign0.1_iread0.1_bs_64_lr_1e-04_fp32_init_plateau/run_2/checkpoint-136000,4,8,-3.0,2.5,774.5083618164062,-18.422500610351562,3.0024547576904297,3.0024430751800537,12
lip-search-s144,/cephfs/home/mkairov/gradim/energy_shaping/runs/mix-N8-K2V2-V62_1M/energygradmem_llama_L4H4D256_mem8_K2_ilr0.4_energy_lip0.003_L5_msearch1.0_n4_r0.25_gainema0.99_mingain0.3_grad_second_stepalign0.1_iread0.1_bs_64_lr_1e-04_fp32_init_plateau/run_2/checkpoint-136000,4,8,-2.5,2.5,765.7194213867188,-27.211502075195312,2.891439437866211,2.8914272785186768,12
lip-search-s144,/cephfs/home/mkairov/gradim/energy_shaping/runs/mix-N8-K2V2-V62_1M/energygradmem_llama_L4H4D256_mem8_K2_ilr0.4_energy_lip0.003_L5_msearch1.0_n4_r0.25_gainema0.99_mingain0.3_grad_second_stepalign0.1_iread0.1_bs_64_lr_1e-04_fp32_init_plateau/run_2/checkpoint-136000,4,8,-2.0,2.5,760.2075805664062,-32.72332763671875,2.190969705581665,2.19095778465271,12
lip-search-s144,/cephfs/home/mkairov/gradim/energy_shaping/runs/mix-N8-K2V2-V62_1M/energygradmem_llama_L4H4D256_mem8_K2_ilr0.4_energy_lip0.003_L5_msearch1.0_n4_r0.25_gainema0.99_mingain0.3_grad_second_stepalign0.1_iread0.1_bs_64_lr_1e-04_fp32_init_plateau/run_2/checkpoint-136000,4,8,-1.5,2.5,757.6834106445312,-35.2474250793457,2.1597445011138916,2.1597323417663574,12
lip-search-s144,/cephfs/home/mkairov/gradim/energy_shaping/runs/mix-N8-K2V2-V62_1M/energygradmem_llama_L4H4D256_mem8_K2_ilr0.4_energy_lip0.003_L5_msearch1.0_n4_r0.25_gainema0.99_mingain0.3_grad_second_stepalign0.1_iread0.1_bs_64_lr_1e-04_fp32_init_plateau/run_2/checkpoint-136000,4,8,-1.0,2.5,767.5482788085938,-25.382606506347656,2.2199037075042725,2.2198917865753174,12
lip-search-s144,/cephfs/home/mkairov/gradim/energy_shaping/runs/mix-N8-K2V2-V62_1M/energygradmem_llama_L4H4D256_mem8_K2_ilr0.4_energy_lip0.003_L5_msearch1.0_n4_r0.25_gainema0.99_mingain0.3_grad_second_stepalign0.1_iread0.1_bs_64_lr_1e-04_fp32_init_plateau/run_2/checkpoint-136000,4,8,-0.5,2.5,789.24365234375,-3.6872406005859375,2.1656713485717773,2.165659189224243,12
lip-search-s144,/cephfs/home/mkairov/gradim/energy_shaping/runs/mix-N8-K2V2-V62_1M/energygradmem_llama_L4H4D256_mem8_K2_ilr0.4_energy_lip0.003_L5_msearch1.0_n4_r0.25_gainema0.99_mingain0.3_grad_second_stepalign0.1_iread0.1_bs_64_lr_1e-04_fp32_init_plateau/run_2/checkpoint-136000,4,8,0.0,2.5,792.511962890625,-0.4189046323299408,2.0580992698669434,2.0580873489379883,12
lip-search-s144,/cephfs/home/mkairov/gradim/energy_shaping/runs/mix-N8-K2V2-V62_1M/energygradmem_llama_L4H4D256_mem8_K2_ilr0.4_energy_lip0.003_L5_msearch1.0_n4_r0.25_gainema0.99_mingain0.3_grad_second_stepalign0.1_iread0.1_bs_64_lr_1e-04_fp32_init_plateau/run_2/checkpoint-136000,4,8,0.5,2.5,792.6752319335938,-0.2556915283203125,2.1367812156677246,2.1367692947387695,12
lip-search-s144,/cephfs/home/mkairov/gradim/energy_shaping/runs/mix-N8-K2V2-V62_1M/energygradmem_llama_L4H4D256_mem8_K2_ilr0.4_energy_lip0.003_L5_msearch1.0_n4_r0.25_gainema0.99_mingain0.3_grad_second_stepalign0.1_iread0.1_bs_64_lr_1e-04_fp32_init_plateau/run_2/checkpoint-136000,4,8,1.0,2.5,792.0243530273438,-0.9065755009651184,2.3000733852386475,2.3000612258911133,12
lip-search-s144,/cephfs/home/mkairov/gradim/energy_shaping/runs/mix-N8-K2V2-V62_1M/energygradmem_llama_L4H4D256_mem8_K2_ilr0.4_energy_lip0.003_L5_msearch1.0_n4_r0.25_gainema0.99_mingain0.3_grad_second_stepalign0.1_iread0.1_bs_64_lr_1e-04_fp32_init_plateau/run_2/checkpoint-136000,4,8,1.5,2.5,787.0497436523438,-5.881185054779053,3.1008377075195312,3.100825309753418,12
lip-search-s144,/cephfs/home/mkairov/gradim/energy_shaping/runs/mix-N8-K2V2-V62_1M/energygradmem_llama_L4H4D256_mem8_K2_ilr0.4_energy_lip0.003_L5_msearch1.0_n4_r0.25_gainema0.99_mingain0.3_grad_second_stepalign0.1_iread0.1_bs_64_lr_1e-04_fp32_init_plateau/run_2/checkpoint-136000,4,8,2.0,2.5,783.9559936523438,-8.974929809570312,3.3735897541046143,3.373577356338501,12
lip-search-s144,/cephfs/home/mkairov/gradim/energy_shaping/runs/mix-N8-K2V2-V62_1M/energygradmem_llama_L4H4D256_mem8_K2_ilr0.4_energy_lip0.003_L5_msearch1.0_n4_r0.25_gainema0.99_mingain0.3_grad_second_stepalign0.1_iread0.1_bs_64_lr_1e-04_fp32_init_plateau/run_2/checkpoint-136000,4,8,2.5,2.5,784.2149047851562,-8.715937614440918,3.9680862426757812,3.968074083328247,12
lip-search-s144,/cephfs/home/mkairov/gradim/energy_shaping/runs/mix-N8-K2V2-V62_1M/energygradmem_llama_L4H4D256_mem8_K2_ilr0.4_energy_lip0.003_L5_msearch1.0_n4_r0.25_gainema0.99_mingain0.3_grad_second_stepalign0.1_iread0.1_bs_64_lr_1e-04_fp32_init_plateau/run_2/checkpoint-136000,4,8,3.0,2.5,783.2615356445312,-9.669357299804688,3.8619585037231445,3.8619468212127686,12
lip-search-s144,/cephfs/home/mkairov/gradim/energy_shaping/runs/mix-N8-K2V2-V62_1M/energygradmem_llama_L4H4D256_mem8_K2_ilr0.4_energy_lip0.003_L5_msearch1.0_n4_r0.25_gainema0.99_mingain0.3_grad_second_stepalign0.1_iread0.1_bs_64_lr_1e-04_fp32_init_plateau/run_2/checkpoint-136000,4,8,-3.0,3.0,767.233154296875,-25.69775390625,3.0885283946990967,3.0885164737701416,12
lip-search-s144,/cephfs/home/mkairov/gradim/energy_shaping/runs/mix-N8-K2V2-V62_1M/energygradmem_llama_L4H4D256_mem8_K2_ilr0.4_energy_lip0.003_L5_msearch1.0_n4_r0.25_gainema0.99_mingain0.3_grad_second_stepalign0.1_iread0.1_bs_64_lr_1e-04_fp32_init_plateau/run_2/checkpoint-136000,4,8,-2.5,3.0,757.9497680664062,-34.98116683959961,2.571103572845459,2.571091413497925,12
lip-search-s144,/cephfs/home/mkairov/gradim/energy_shaping/runs/mix-N8-K2V2-V62_1M/energygradmem_llama_L4H4D256_mem8_K2_ilr0.4_energy_lip0.003_L5_msearch1.0_n4_r0.25_gainema0.99_mingain0.3_grad_second_stepalign0.1_iread0.1_bs_64_lr_1e-04_fp32_init_plateau/run_2/checkpoint-136000,4,8,-2.0,3.0,761.5967407226562,-31.334144592285156,2.193311929702759,2.1933000087738037,12
lip-search-s144,/cephfs/home/mkairov/gradim/energy_shaping/runs/mix-N8-K2V2-V62_1M/energygradmem_llama_L4H4D256_mem8_K2_ilr0.4_energy_lip0.003_L5_msearch1.0_n4_r0.25_gainema0.99_mingain0.3_grad_second_stepalign0.1_iread0.1_bs_64_lr_1e-04_fp32_init_plateau/run_2/checkpoint-136000,4,8,-1.5,3.0,758.8399047851562,-34.09099197387695,2.311110258102417,2.311098337173462,12
lip-search-s144,/cephfs/home/mkairov/gradim/energy_shaping/runs/mix-N8-K2V2-V62_1M/energygradmem_llama_L4H4D256_mem8_K2_ilr0.4_energy_lip0.003_L5_msearch1.0_n4_r0.25_gainema0.99_mingain0.3_grad_second_stepalign0.1_iread0.1_bs_64_lr_1e-04_fp32_init_plateau/run_2/checkpoint-136000,4,8,-1.0,3.0,770.465087890625,-22.4658260345459,2.2642061710357666,2.2641944885253906,12
lip-search-s144,/cephfs/home/mkairov/gradim/energy_shaping/runs/mix-N8-K2V2-V62_1M/energygradmem_llama_L4H4D256_mem8_K2_ilr0.4_energy_lip0.003_L5_msearch1.0_n4_r0.25_gainema0.99_mingain0.3_grad_second_stepalign0.1_iread0.1_bs_64_lr_1e-04_fp32_init_plateau/run_2/checkpoint-136000,4,8,-0.5,3.0,791.9542846679688,-0.9766438603401184,2.0714948177337646,2.0714826583862305,12
lip-search-s144,/cephfs/home/mkairov/gradim/energy_shaping/runs/mix-N8-K2V2-V62_1M/energygradmem_llama_L4H4D256_mem8_K2_ilr0.4_energy_lip0.003_L5_msearch1.0_n4_r0.25_gainema0.99_mingain0.3_grad_second_stepalign0.1_iread0.1_bs_64_lr_1e-04_fp32_init_plateau/run_2/checkpoint-136000,4,8,0.0,3.0,792.375,-0.5559641718864441,2.1154181957244873,2.1154062747955322,12
lip-search-s144,/cephfs/home/mkairov/gradim/energy_shaping/runs/mix-N8-K2V2-V62_1M/energygradmem_llama_L4H4D256_mem8_K2_ilr0.4_energy_lip0.003_L5_msearch1.0_n4_r0.25_gainema0.99_mingain0.3_grad_second_stepalign0.1_iread0.1_bs_64_lr_1e-04_fp32_init_plateau/run_2/checkpoint-136000,4,8,0.5,3.0,792.7252807617188,-0.2056884765625,2.192417621612549,2.1924054622650146,12
lip-search-s144,/cephfs/home/mkairov/gradim/energy_shaping/runs/mix-N8-K2V2-V62_1M/energygradmem_llama_L4H4D256_mem8_K2_ilr0.4_energy_lip0.003_L5_msearch1.0_n4_r0.25_gainema0.99_mingain0.3_grad_second_stepalign0.1_iread0.1_bs_64_lr_1e-04_fp32_init_plateau/run_2/checkpoint-136000,4,8,1.0,3.0,792.5375366210938,-0.3933614194393158,2.31998610496521,2.319974184036255,12
lip-search-s144,/cephfs/home/mkairov/gradim/energy_shaping/runs/mix-N8-K2V2-V62_1M/energygradmem_llama_L4H4D256_mem8_K2_ilr0.4_energy_lip0.003_L5_msearch1.0_n4_r0.25_gainema0.99_mingain0.3_grad_second_stepalign0.1_iread0.1_bs_64_lr_1e-04_fp32_init_plateau/run_2/checkpoint-136000,4,8,1.5,3.0,787.8446655273438,-5.086202144622803,3.0115203857421875,3.0115082263946533,12
lip-search-s144,/cephfs/home/mkairov/gradim/energy_shaping/runs/mix-N8-K2V2-V62_1M/energygradmem_llama_L4H4D256_mem8_K2_ilr0.4_energy_lip0.003_L5_msearch1.0_n4_r0.25_gainema0.99_mingain0.3_grad_second_stepalign0.1_iread0.1_bs_64_lr_1e-04_fp32_init_plateau/run_2/checkpoint-136000,4,8,2.0,3.0,783.9000854492188,-9.030802726745605,3.342890977859497,3.342879056930542,12
lip-search-s144,/cephfs/home/mkairov/gradim/energy_shaping/runs/mix-N8-K2V2-V62_1M/energygradmem_llama_L4H4D256_mem8_K2_ilr0.4_energy_lip0.003_L5_msearch1.0_n4_r0.25_gainema0.99_mingain0.3_grad_second_stepalign0.1_iread0.1_bs_64_lr_1e-04_fp32_init_plateau/run_2/checkpoint-136000,4,8,2.5,3.0,784.2183227539062,-8.71251392364502,4.116351127624512,4.116339683532715,12
lip-search-s144,/cephfs/home/mkairov/gradim/energy_shaping/runs/mix-N8-K2V2-V62_1M/energygradmem_llama_L4H4D256_mem8_K2_ilr0.4_energy_lip0.003_L5_msearch1.0_n4_r0.25_gainema0.99_mingain0.3_grad_second_stepalign0.1_iread0.1_bs_64_lr_1e-04_fp32_init_plateau/run_2/checkpoint-136000,4,8,3.0,3.0,783.0955200195312,-9.835331916809082,4.026602745056152,4.026590824127197,12
